,Education,GPA,Educational Prestige,Years of Experience,Soft Skills,Manager's Assessment Score,Military Tenure,Avg Commute Time,Job Tenure,Cultural Fit,Leadership Capability,Sports,Technical Aptitude,Avg Deals Closed,Undergraduate Degree,LinkedIn Score,Responsible Social Media Use,Employee Referral,HireVue Score,Arrest Record,Criminal Record,Names,Race,Gender,Birth Origin,Age
0,-1.723998621397503,3.0270809941474766,2.122591243685988,2.721757239443412,1.968991598257723,-7.041809439964455,1.6272340431316206,4.0969492685086415,2.2503981103274677,-0.869511683019054,1.6272340431316206,4.0969492685086415,-0.869511683019054,5.250398110327468,Quantitative,None,Bad,0.0,0.0,1.0,1.0,Monica Bennett,Other,female,Australia,32.0
1,0.12901078054970244,2.695783773277202,1.8474587395990687,1.6346487703948416,2.627768331124392,0.010291494190189574,2.088850315674444,20.669525782286478,3.203665112194226,0.18756927963006675,2.088850315674444,20.669525782286478,0.18756927963006675,6.203665112194226,Humanities,Very Good,Good,0.0,0.0,0.0,0.0,Charlotte Kreisher,Other,female,United States,23.0
2,0.007325278878710089,3.008952035401137,1.635243877530939,7.330471294304348,3.533527191715126,0.9760989305943224,1.864319164957399,74.28158143520668,2.822171211507044,0.20058173841794946,1.864319164957399,74.28158143520668,0.20058173841794946,5.822171211507044,Quantitative,None,Good,0.0,0.0,0.0,0.0,Helen Butler,Other,female,United States,31.0
3,0.7868642642612894,2.626996433148803,2.2567096899082686,4.5231150189988,2.7393530532959836,0.6040851287870448,2.362616732122149,71.22609931949037,3.4623261197040383,0.7566939523921935,2.362616732122149,71.22609931949037,0.7566939523921935,6.462326119704038,Humanities,Ok,Good,0.0,0.0,0.0,0.0,Melinda Shaw,Other,female,Australia,21.0
4,-0.16660948095701664,2.1180388210394696,3.317807090024944,3.569291575586197,2.582319992089225,-2.1384613681935596,0.7352683172469208,16.31291719838856,1.2556138253180156,-1.3945603102922144,0.7352683172469208,16.31291719838856,-1.3945603102922144,4.255613825318015,Sciences,None,Bad,0.0,0.0,0.0,0.0,Dawn Schlosser,Other,female,China,27.0
5,0.5001913815851073,3.022360434263611,1.2630787322178323,8.79201868650425,3.3213027985394827,0.9886445483547205,2.4899018351937907,32.32878129015742,3.590241606412878,0.36638997287420183,2.4899018351937907,32.32878129015742,0.36638997287420183,6.590241606412878,Engineering,None,Good,0.0,0.0,1.0,0.0,Loretta Stuart,Other,female,United States,24.0
6,-0.5756117973041752,3.4246662072550844,1.4984630180058627,2.433316254056618,3.2990146828307325,0.6969737714444917,1.6389923701788351,3.4909936578245535,2.9166983353742792,-0.18142005814690446,1.6389923701788351,3.4909936578245535,-0.18142005814690446,5.91669833537428,Quantitative,None,Good,0.0,0.0,0.0,0.0,Jan Mason,Other,female,India,30.0
7,-0.3379424589181886,3.5129328000768147,2.5799149802693258,-0.4393625624719002,3.0226583206971416,0.3884522024692772,2.81467428192451,7.781270181673321,4.5896233925837375,1.272882068982622,2.81467428192451,7.781270181673321,1.272882068982622,7.5896233925837375,Engineering,None,Good,1.0,0.0,0.0,0.0,Teri Cox,Other,female,Canada,37.0
8,0.01386497103655454,2.971463392470543,2.7855373448041107,4.50425824239521,3.7954231745973805,2.504808139926201,0.960382356953192,20.831981971167437,1.5677897968591574,-1.0557547311454027,0.960382356953192,20.831981971167437,-1.0557547311454027,4.567789796859158,Quantitative,Ok,Good,1.0,2.0,1.0,0.0,Heather Beeman,Other,female,United States,27.0
9,0.2788901119005509,2.225543226627043,-0.4801199352648591,6.598266566664016,1.4808769885131303,-4.1622887760147025,1.8973949477128857,31.263545966420875,2.799071004696575,0.12430039216966457,1.8973949477128857,31.263545966420875,0.12430039216966457,5.799071004696575,Engineering,None,Bad,0.0,0.0,1.0,0.0,Fay Mcdaniel,Other,female,Australia,28.0
10,-0.43228038786757933,3.7438096130064897,2.311417107732126,4.885160882775539,4.132384956162928,2.253575541405524,2.3873646767721475,36.57599177496456,3.442721038142559,0.4110329093432166,2.3873646767721475,36.57599177496456,0.4110329093432166,6.442721038142559,Engineering,Ok,Good,0.0,2.0,0.0,0.0,Deborah Payne,Other,female,Canada,35.0
11,-0.23183659807540474,2.8612915343288807,3.0647457336684516,2.795011121148161,3.5396871403365973,1.3867183637973923,1.823370560502027,75.94390699278688,2.3560381491462774,-0.23558282579333834,1.823370560502027,75.94390699278688,-0.23558282579333834,5.356038149146277,Quantitative,Very Good,Good,0.0,2.0,0.0,0.0,Barbara Smith,Other,female,China,34.0
12,-0.6860598774815414,2.595823514206273,1.8522574809685042,4.173349930064857,2.3718074825892104,-3.6649270750025655,0.9143689745579353,75.02967478784177,1.3660040559071183,-0.8905986799101719,0.9143689745579353,75.02967478784177,-0.8905986799101719,4.366004055907118,Engineering,None,Good,0.0,0.0,1.0,0.0,Hester Tweedie,Other,female,Mexico,29.0
13,-1.1080922629586885,2.443451703005776,1.6374927918667905,6.350783991452409,2.865968264628582,-3.2106062513022198,2.34127129525229,0.2218243052190445,4.050194250401951,0.8676584572680078,2.34127129525229,0.2218243052190445,0.8676584572680078,7.050194250401951,Humanities,Ok,Bad,0.0,0.0,1.0,0.0,Elena Rudzinski,Other,female,Australia,30.0
14,-0.1300026287165374,3.2290477468570664,-0.04613933408869553,4.008476811731777,2.662050011243519,-0.46809463280794544,2.354764598572734,52.04325109459803,3.6879850957710816,0.9616187865062064,2.354764598572734,52.04325109459803,0.9616187865062064,6.687985095771081,Quantitative,None,Good,0.0,0.0,0.0,0.0,Beatrice Wood,Other,female,India,24.0
15,-0.570834614454973,2.57954971662547,2.5213062617681,2.0823974942243426,3.0869650300957043,-0.42119805758603945,3.1534252706703554,13.546856373520015,5.339140965854722,1.7055502374292884,3.1534252706703554,13.546856373520015,1.7055502374292884,8.339140965854721,Engineering,None,Bad,0.0,0.0,0.0,0.0,Margarita Hoffman,Other,female,Mexico,27.0
16,-0.16612158276685643,3.107165011789455,0.4455830276712085,5.241697817986225,2.7635436958493114,-0.6698447446294635,3.3517345333218174,48.41514195977,4.93123378760976,1.7126821206705687,3.3517345333218174,48.41514195977,1.7126821206705687,7.93123378760976,Humanities,Ok,Good,0.0,0.0,0.0,0.0,Mildred Abu,Other,female,Mexico,27.0
17,-0.35149421251968693,3.5528157980748087,2.0197294091712017,4.874843627843844,2.8543072800076987,-1.9064555287236917,4.890766566391923,6.088934917073992,8.591142101513853,4.880120962711555,4.890766566391923,6.088934917073992,4.880120962711555,11.591142101513853,Sciences,Ok,Bad,0.0,0.0,0.0,0.0,Melinda Hursey,Other,female,Australia,26.0
18,0.4332300385395969,3.208879793055743,0.5453578156374788,1.3100234235472383,2.8289258602465006,2.0440515824500562,2.15440663482273,9.593432088068692,3.322937451333121,0.024014510324034333,2.15440663482273,9.593432088068692,0.024014510324034333,6.322937451333122,Engineering,Very Good,Good,0.0,2.0,0.0,0.0,Marsha Gann,Other,female,Australia,22.0
19,-0.8300761609664099,2.3438521326453428,1.4426142433156088,2.730506063508053,2.260641302221481,-3.458672418807857,2.345857206250721,59.21684901481359,3.2419718307220746,0.43012652991929595,2.345857206250721,59.21684901481359,0.43012652991929595,6.241971830722075,Quantitative,Ok,Bad,0.0,0.0,1.0,0.0,Vanita Ortiz,Other,female,Mexico,23.0
20,-0.9743329137825916,3.2418289808509555,1.6349592119815342,0.7045178096798277,2.4525881502248588,-2.7475332489102153,2.0529015491484497,2.5784910462428847,3.541584217800958,0.34557379679772515,2.0529015491484497,2.5784910462428847,0.34557379679772515,6.541584217800958,Engineering,Very Good,Good,1.0,0.0,0.0,0.0,Rebecca Breazeale,Other,female,Mexico,23.0
21,-1.0784564229717872,2.4555221732161723,1.6697712103785816,1.1165205058036007,1.9741375904331664,-4.650366189154252,1.1609436968913678,37.59979856980901,0.8958460194776117,-1.9564480885824573,1.1609436968913678,37.59979856980901,-1.9564480885824573,3.8958460194776117,Quantitative,Ok,Bad,0.0,0.0,1.0,1.0,Maria Heath,Other,female,Canada,24.0
22,1.7307711548784197,2.9987167809701365,3.2277105164205917,4.5341595204433,2.7143274240934243,1.8312723586589525,2.839893061499377,18.918308465417514,4.457981804167609,1.1432558284910668,2.839893061499377,18.918308465417514,1.1432558284910668,7.457981804167609,Engineering,Ok,Good,0.0,2.0,0.0,0.0,Julie Pew,Other,female,Australia,26.0
23,0.4143813697255085,3.6634311928814753,1.6367588980698826,5.65688359129057,3.8054875061580753,3.0845609834020573,4.399985615952428,17.310203692255953,7.904543974587477,4.451227810580572,4.399985615952428,17.310203692255953,4.451227810580572,10.904543974587476,Engineering,Very Good,Good,1.0,2.0,0.0,0.0,Dawn Robertson,Other,female,Australia,23.0
24,-0.9844287965314202,2.7797992468799366,2.0039206042647133,1.403751228053749,2.3681540982787794,-3.430765119097271,1.8124804615524301,6.616592898051181,3.1134422311622405,0.018106896392541164,1.8124804615524301,6.616592898051181,0.018106896392541164,6.1134422311622405,Engineering,Ok,Good,0.0,0.0,1.0,0.0,Lou Wiersteiner,Other,female,Canada,27.0
25,-0.27755688553200525,1.7454346853142342,1.743183285662696,2.9034966566882874,1.7604410507704256,-3.9513205938290588,1.704103506896816,39.975504199897216,2.6454598830387623,0.0802584611800374,1.704103506896816,39.975504199897216,0.0802584611800374,5.645459883038763,Engineering,Ok,Good,0.0,0.0,1.0,0.0,April Toscano,Other,female,Canada,30.0
26,-0.5362260491549357,2.888268335102509,2.0247543461358886,4.921393942833531,3.240497479897728,-0.6832361520668132,0.059639798034872404,35.96122537913316,0.0,-3.317503659080296,0.059639798034872404,35.96122537913316,-3.317503659080296,3.0,Quantitative,None,Good,0.0,0.0,0.0,0.0,Kimberly Fox,Other,female,Australia,24.0
27,-0.021615291697288385,2.8315204905329203,2.1064397165954345,5.999719349473782,3.0019709336892495,-0.7224702633130923,1.828710254970814,43.892242717814796,2.8667086636622368,0.0524894876879516,1.828710254970814,43.892242717814796,0.0524894876879516,5.866708663662237,Quantitative,None,Bad,0.0,0.0,0.0,0.0,Wendy Fields,Other,female,Canada,26.0
28,0.5395301404421342,4.130849377606362,2.2071773441935236,4.957858141782059,4.0517622721523905,4.043603282247471,1.7068640913858126,34.786955236079706,2.757981486123881,-0.029408264582377826,1.7068640913858126,34.786955236079706,-0.029408264582377826,5.757981486123882,Quantitative,Ok,Good,1.0,2.0,0.0,0.0,Susanne Ronca,Other,female,Canada,24.0
29,-0.40685091533092566,2.2151839233457102,2.67436429638893,1.8322336749147028,1.8843208201021662,-4.048204727051917,2.657043855113894,13.178843961388512,4.700397245354818,1.6824466223761956,2.657043855113894,13.178843961388512,1.6824466223761956,7.700397245354818,Sciences,None,Bad,0.0,0.0,1.0,0.0,Dorothy Hoss,Other,female,China,22.0
30,-0.3873282779946226,3.5531073960686603,0.8392294574438941,6.0701319874516315,3.423083029882204,0.3657960802425161,1.9382704964624982,73.55582311219473,2.604664768603091,0.06022758951472309,1.9382704964624982,73.55582311219473,0.06022758951472309,5.604664768603091,Engineering,Ok,Good,0.0,0.0,1.0,0.0,Irene Horodyski,Other,female,United States,30.0
31,-0.1190152117341024,2.620156486018966,2.054732247765255,4.042719754128028,3.257068098979988,1.1179709885279145,3.441158731335605,15.780373227749179,5.4034617640517535,1.7776435618379405,3.441158731335605,15.780373227749179,1.7776435618379405,8.403461764051753,Humanities,Very Good,Good,0.0,0.0,0.0,0.0,Violet Pulido,Other,female,India,34.0
32,-1.1762286635946406,2.5377135555493657,0.15091394322391127,2.088026986928286,1.7513768708868143,-5.125099965882143,1.847090694023087,19.518586893713536,3.012436634198336,-0.06085727895558597,1.847090694023087,19.518586893713536,-0.06085727895558597,6.012436634198336,Engineering,Ok,Good,0.0,1.0,1.0,1.0,Lynette Shane,Other,female,China,28.0
33,0.9690995535440631,3.1801340530528543,1.5929494511150004,5.532140640549498,3.349145145131868,3.1461027956824252,4.272522960240555,57.381185728371065,8.04651098999656,4.01062550974683,4.272522960240555,57.381185728371065,4.01062550974683,11.04651098999656,Engineering,Very Good,Good,0.0,2.0,0.0,0.0,Virgen Althoff,Other,female,Canada,32.0
34,-0.76807995519684,2.6744096280767353,1.8204591767565754,3.4134467157932358,2.8953716670798912,-1.4811678111981337,2.5528833025767455,73.5919214298321,4.047490485766226,1.4752926648399658,2.5528833025767455,73.5919214298321,1.4752926648399658,7.047490485766226,Quantitative,Very Good,Good,0.0,0.0,0.0,0.0,Phoebe Bodey,Other,female,India,35.0
35,0.4544138046050242,2.9329960507964152,1.3126663959215978,4.8830105049455295,2.638064911071397,-0.3546939365196429,1.64911664849062,44.82746031175482,2.599259951563143,-0.22053745949419823,1.64911664849062,44.82746031175482,-0.22053745949419823,5.599259951563143,Sciences,None,Good,0.0,0.0,0.0,0.0,Meredith Gutierrez,Other,female,Canada,26.0
36,-0.3637068451098206,3.8499619613836393,1.154529843039159,5.1698256327636365,2.8363990186852854,-1.986976611933178,1.6771730031997594,51.85314443978426,1.9535832906676287,-0.8252288588873392,1.6771730031997594,51.85314443978426,-0.8252288588873392,4.953583290667629,Engineering,Ok,Bad,0.0,0.0,0.0,0.0,Mary Titcomb,Other,female,China,25.0
37,-0.6556917604458464,2.5056482997599274,2.194956547447964,4.912310230648188,3.208589940083291,-0.7764617314184656,3.3604602077919,1.7834679408292118,5.978587715949844,2.563139085332204,3.3604602077919,1.7834679408292118,2.563139085332204,8.978587715949844,Engineering,Ok,Good,0.0,0.0,0.0,0.0,Brenda Gaylord,Other,female,Mexico,27.0
38,-0.36036117674262447,2.4026786651613774,1.541621742726038,5.101955606558485,2.780948771794456,-1.4801852352178748,1.5580565489505505,52.08404289984306,2.1066584273883913,-0.5956289846472286,1.5580565489505505,52.08404289984306,-0.5956289846472286,5.106658427388391,Engineering,Ok,Good,1.0,0.0,0.0,0.0,Sadie Saucedo,Other,female,China,26.0
39,0.29900931978676415,3.123016511377559,1.929868684946126,4.078739022792661,2.971487707394896,0.5108904885853477,1.9788482026737833,61.53890800531759,3.134595635656248,0.6544877247644216,1.9788482026737833,61.53890800531759,0.6544877247644216,6.1345956356562485,Quantitative,Ok,Good,0.0,0.0,0.0,0.0,Catherine Demora,Other,female,Mexico,25.0
40,0.25745392842631093,2.9795535615896718,1.6762859720815184,2.3016987810151273,2.510778430607282,-0.4415713446349126,2.1891011348932454,11.708562111449353,3.8457687568917374,0.7319808242570289,2.1891011348932454,11.708562111449353,0.7319808242570289,6.845768756891737,Quantitative,Very Good,Bad,0.0,0.0,0.0,1.0,Jennifer Dixon,Other,female,Australia,35.0
41,-0.5715068934546419,2.821607251314484,2.6407979203709377,4.490514510811315,3.312607684201319,-0.3966122466077504,0.9222431944297975,33.67312245588712,0.9761391855273507,-1.8656094833939811,0.9222431944297975,33.67312245588712,-1.8656094833939811,3.9761391855273507,Quantitative,Very Good,Good,0.0,0.0,0.0,0.0,Ashley Costello,Other,female,United States,26.0
42,1.5095985217618137,3.13231252562019,2.5268642056991215,7.8618356078803,3.351391610829979,2.7684631662159735,1.5536946976481878,64.44034072754165,1.6379761621050464,-1.1071705426807719,1.5536946976481878,64.44034072754165,-1.1071705426807719,4.637976162105046,Quantitative,Ok,Good,0.0,2.0,0.0,0.0,Patrica Salter,Other,female,Mexico,31.0
43,-0.8490750230036946,2.8248994438518253,3.360230935089355,0.5308076667131276,2.5764716594989365,-3.0049427988726682,1.5652425862071007,5.447631757193733,2.649663076333062,-0.6653685579065193,1.5652425862071007,5.447631757193733,-0.6653685579065193,5.649663076333062,Engineering,Ok,Bad,0.0,0.0,0.0,0.0,Mary Dunigan,Other,female,Canada,22.0
44,-2.5045162253597106,3.3321508804529536,0.2048183891748998,0.05390236186405728,1.8625292275898084,-7.3467995341849415,1.9655703055088258,30.479437386280683,3.188109061170318,0.3420261705759915,1.9655703055088258,30.479437386280683,0.3420261705759915,6.188109061170318,Engineering,Ok,Bad,0.0,0.0,1.0,1.0,Doris Gibson,Other,female,China,31.0
45,0.924551944930584,3.7581787442244794,2.722655964512541,8.468432938806739,4.48212500515567,5.002393458013842,1.817451919591717,28.820923541789455,2.638454899235398,-0.25678406220541183,1.817451919591717,28.820923541789455,-0.25678406220541183,5.638454899235398,Engineering,Very Good,Good,1.0,2.0,0.0,0.0,Lucille Arredondo,Other,female,United States,37.0
46,-0.014688101950792166,3.2540584877352474,1.910725434284867,2.0387363246556496,2.3511443971502852,-1.8974043430830219,3.652772741779487,14.683965034044249,6.66301504040892,3.188056969817783,3.652772741779487,14.683965034044249,3.188056969817783,9.66301504040892,Engineering,Ok,Bad,0.0,0.0,0.0,0.0,Roberta Long,Other,female,United States,32.0
47,-0.3075230291984047,3.4742998255646502,2.7554559083807555,-0.680546659024289,3.0225610079848813,0.42269140498421226,2.333959174252295,9.917270911777344,3.697400327215572,0.46065245818612216,2.333959174252295,9.917270911777344,0.46065245818612216,6.697400327215572,Engineering,None,Good,0.0,0.0,0.0,0.0,Dora Oakes,Other,female,Canada,29.0
48,-0.8109251397066366,3.0683270855394595,2.934758378874371,1.9867285367240357,3.1325841223039834,-1.0673150445681203,3.974034030648709,30.407661985656567,6.725683908978651,3.356610996884174,3.974034030648709,30.407661985656567,3.356610996884174,9.72568390897865,Engineering,None,Bad,0.0,0.0,0.0,0.0,Kathleen Meadows,Other,female,China,26.0
49,-1.5456901363981286,2.595460099136493,2.525346307084166,4.723172101326991,2.8945971396401564,-4.20880808147644,1.3791359676889283,36.498944629574574,1.228469829837002,-1.7400206944128096,1.3791359676889283,36.498944629574574,-1.7400206944128096,4.228469829837002,Engineering,Very Good,Good,0.0,0.0,1.0,1.0,Angela Hanisch,Other,female,India,21.0
50,0.3556683485589038,3.344294635025797,1.658771854675135,4.051464556356897,3.278801854222875,1.8168323961601271,2.6351824247593396,19.334528796266277,4.478228840806327,0.9921453068454358,2.6351824247593396,19.334528796266277,0.9921453068454358,7.478228840806327,Engineering,Very Good,Good,0.0,2.0,0.0,0.0,Shirley Pitts,Other,female,China,22.0
51,0.6944324262970597,2.9576844733934715,1.4014134376959158,6.221194939638208,3.349796031641342,2.5217032953336207,1.3797130509638693,20.8445989341896,1.8907155556809643,-1.0549616223312555,1.3797130509638693,20.8445989341896,-1.0549616223312555,4.8907155556809645,Engineering,Very Good,Bad,1.0,2.0,0.0,0.0,Donna Davis,Other,female,Mexico,22.0
52,0.5550372022216773,3.4850415675981967,1.3274775169382393,6.226844142255397,3.104277565962751,0.7497018850563811,1.7298699216855016,12.857399429422486,3.0522372566636196,-0.17042357999735464,1.7298699216855016,12.857399429422486,-0.17042357999735464,6.05223725666362,Engineering,Ok,Good,0.0,0.0,1.0,0.0,Sandra Frank,Other,female,India,32.0
53,0.99921243875705,3.577469095796445,2.2888603238911256,8.056730834913054,4.264250058222332,4.793606861789779,1.9990318443391772,0.47407352478312603,3.488289929714926,0.37607805040666353,1.9990318443391772,0.47407352478312603,0.37607805040666353,6.4882899297149255,Engineering,Very Good,Good,1.0,2.0,0.0,0.0,Kathe Lichtenstein,Other,female,Australia,28.0
54,-1.4520147312878782,3.0351291145105233,0.383079182214076,-2.732171367841225,0.6464987029654901,-8.387385593841413,3.0302442068292548,17.573097711919274,5.196557965600988,1.4865383185259806,3.0302442068292548,17.573097711919274,1.4865383185259806,8.196557965600988,Humanities,None,Good,0.0,0.0,1.0,1.0,Isabel Brugger,Other,female,Canada,34.0
55,-0.636903834333232,1.9256489007465414,0.8871338981739867,2.0601979622735884,2.305730443369564,-1.778779256125461,2.00603780049007,52.59398402377099,2.542319339837109,-0.1525860755648904,2.00603780049007,52.59398402377099,-0.1525860755648904,5.542319339837109,Engineering,Ok,Good,0.0,0.0,0.0,0.0,Alice Guinn,Other,female,Australia,30.0
56,-0.8200742763591031,2.916123232588677,2.5223907533892125,1.8500353544610313,2.6608957171730405,-2.567317727042764,1.6928900764417851,73.57228024697676,2.0744180247452344,-0.5772662099025819,1.6928900764417851,73.57228024697676,-0.5772662099025819,5.074418024745235,Quantitative,None,Bad,0.0,0.0,0.0,0.0,Tammi Oros,Other,female,India,30.0
57,0.33651156352519235,2.6934908297070312,2.081043754971658,4.602396552501483,3.1624461866803157,1.2152556948312705,2.3726407010370694,64.67585107928382,3.4091536755094776,0.49748754395375233,2.3726407010370694,64.67585107928382,0.49748754395375233,6.409153675509478,Engineering,Very Good,Good,0.0,2.0,0.0,0.0,Brandi Collins,Other,female,Mexico,27.0
58,-0.4811982231416789,2.820591078687696,2.580598633828875,2.6111070909695435,2.501782175306956,-2.5021996684210412,3.123166690518934,75.1444941309887,4.429422467526954,1.4190479724358933,3.123166690518934,75.1444941309887,1.4190479724358933,7.429422467526954,Engineering,Ok,Bad,0.0,0.0,0.0,0.0,Stacy Barber,Other,female,India,22.0
59,0.7674884607725891,3.6428128085365343,1.7007855209778036,7.8078226861131625,4.5939762297108775,6.078976411637315,0.5096612964534459,52.13464695538259,0.1451476360809032,-2.322216175428439,0.5096612964534459,52.13464695538259,-2.322216175428439,3.145147636080903,Engineering,Very Good,Good,1.0,2.0,1.0,0.0,Sandra Curry,Other,female,Canada,28.0
60,0.9610537247948265,2.642487376529057,1.8623062809314828,6.473186912319217,3.581788682682178,3.509741387147342,3.0103169792987083,26.4555710433862,5.1874188725986725,1.4676294007317185,3.0103169792987083,26.4555710433862,1.4676294007317185,8.187418872598673,Quantitative,Ok,Good,1.0,2.0,0.0,0.0,Cathy Carrion,Other,female,India,26.0
61,-0.9316781207717055,2.7807249322450827,1.6184798081450738,-2.12216554010946,1.3933885697788853,-5.207328779327205,3.9473101457910413,24.124692945934903,6.456487250918771,3.0958255287173926,3.9473101457910413,24.124692945934903,3.0958255287173926,9.456487250918771,Sciences,Ok,Good,1.0,1.0,1.0,1.0,Mary Marasco,Other,female,United States,34.0
62,0.17141573687061998,2.7979856596513097,1.8184790425839714,6.248049332963359,3.478614955700872,1.6502818776291233,3.6128547354336495,8.020589169201735,6.334505480576085,3.1252642971485463,3.6128547354336495,8.020589169201735,3.1252642971485463,9.334505480576084,Sciences,Ok,Good,0.0,2.0,0.0,0.0,Nicole Clark,Other,female,Australia,22.0
63,-0.8855856137455752,2.4236013976848314,0.5904548086727939,0.5852435623166135,1.5934300283471259,-4.619205933394157,1.2767016600015562,75.23525985522967,1.5297138008925784,-0.9239211563803618,1.2767016600015562,75.23525985522967,-0.9239211563803618,4.529713800892578,Engineering,Ok,Bad,0.0,0.0,1.0,1.0,Joanne Mckenzie,Other,female,United States,27.0
64,0.1863881770201771,2.4261187988915665,2.1488015228547,2.964089997661498,2.9754598123722635,0.981779330279252,2.4759125949478884,11.198995394377647,3.647966463304038,0.25137440310997683,2.4759125949478884,11.198995394377647,0.25137440310997683,6.647966463304038,Quantitative,Very Good,Good,0.0,0.0,0.0,0.0,Kimberly Blevins,Other,female,Mexico,23.0
65,-0.8605579081863003,3.960519379976608,2.6111444659430103,1.485106091658427,3.6844486493721087,0.6412915468790741,3.3343391808235614,31.426784616039818,5.7890526915013405,2.700722508190684,3.3343391808235614,31.426784616039818,2.700722508190684,8.78905269150134,Sciences,Very Good,Good,0.0,0.0,0.0,0.0,Clara Buchana,Other,female,Canada,25.0
66,-0.5161298934965246,2.823659393109243,1.3605923245864169,2.081098320262725,2.1591365894312844,-3.017672856677877,2.98940473410111,14.818750699076768,5.065781254795489,1.6861538774782059,2.98940473410111,14.818750699076768,1.6861538774782059,8.065781254795489,Quantitative,Ok,Good,0.0,0.0,0.0,0.0,Amanda Ramsey,Other,female,Canada,26.0
67,0.2943067725251263,3.366943829681692,1.9035799590888969,8.012178289496859,4.3622244342456105,4.154007034964794,1.3796401109486882,55.81125305350007,2.283293194170189,-0.319877494345408,1.3796401109486882,55.81125305350007,-0.319877494345408,5.283293194170189,Engineering,Very Good,Good,1.0,2.0,1.0,0.0,Jessenia Stephens,Other,female,Canada,25.0
68,0.08947761474453272,2.899144072596525,1.5190763717411961,5.550174946261565,2.7897208335324066,-0.806584901507122,1.3016884012528096,56.746657100628155,1.5477789988798507,-1.0303693630908468,1.3016884012528096,56.746657100628155,-1.0303693630908468,4.547778998879851,Quantitative,None,Bad,0.0,0.0,0.0,0.0,Louise Williams,Other,female,Australia,24.0
69,0.5185709938332203,3.0559926190686793,2.609277247871892,2.4546708268539215,2.531296413012236,-0.226528202252304,2.4994613259423373,14.292366216937564,4.367683152344752,1.3509257303160238,2.4994613259423373,14.292366216937564,1.3509257303160238,7.367683152344752,Engineering,None,Bad,0.0,0.0,0.0,0.0,Lizzie Jeffers,Other,female,Mexico,25.0
70,1.0362728913757973,2.8550521141775627,2.238627699850539,8.039020116756163,3.8983978172238984,3.9613532852756768,2.369108671739797,10.072961859674294,3.5297369110920886,0.28670487895962876,2.369108671739797,10.072961859674294,0.28670487895962876,6.529736911092089,Engineering,Ok,Good,0.0,0.0,0.0,0.0,Angeline Reese,Other,female,India,22.0
71,0.32897798531857353,3.282387519654755,2.3102423720424756,6.1349233421850435,4.508836962322249,5.288104125806962,0.32925324633182673,42.818576149280084,0.0,-3.117612851837672,0.32925324633182673,42.818576149280084,-3.117612851837672,3.0,Engineering,Ok,Good,1.0,2.0,0.0,1.0,Loretta Mann,Other,female,Mexico,26.0
72,0.1414024694310526,3.3187181917060093,2.44307202800992,1.8447504479217596,2.89016299452546,0.27185629055833227,0.9570488572550051,36.3139668062818,0.8054832589059084,-2.1226816945512037,0.9570488572550051,36.3139668062818,-2.1226816945512037,3.8054832589059084,Engineering,Very Good,Bad,0.0,0.0,0.0,0.0,Mary Perez,Other,female,Australia,30.0
73,0.5480371812618056,4.321708869389226,0.39610973838060026,7.197204844512335,3.9065336157224486,3.4809552290365167,1.7138104560251954,38.897864816142885,2.4578786111461755,-0.2064624560381295,1.7138104560251954,38.897864816142885,-0.2064624560381295,5.4578786111461755,Engineering,Very Good,Good,1.0,2.0,0.0,0.0,Holly Lamp,Other,female,United States,30.0
74,1.3896478011500448,3.502345591132706,2.192220978912682,4.080542774004968,2.9593111196566366,2.408478277753724,1.3627024338677514,42.0578167539135,2.3294313349029228,-0.3724031468114828,1.3627024338677514,42.0578167539135,-0.3724031468114828,5.329431334902923,Quantitative,Very Good,Good,0.0,2.0,0.0,0.0,Caroline Anderson,Other,female,Canada,29.0
75,-1.163212739451594,3.3112647837122045,1.4547256384171137,2.1839841323413927,2.533418433174157,-3.3467517484197833,4.689764306986901,3.7633976324161083,7.95966296071456,4.26476234506384,4.689764306986901,3.7633976324161083,4.26476234506384,10.95966296071456,Quantitative,None,Good,0.0,0.0,1.0,0.0,Doris Thornbury,Other,female,Mexico,35.0
76,0.28878153854462274,3.375026431151423,1.8477656941064664,5.583707163416021,3.699525948088713,2.5843274997467827,3.6280704008427125,54.23588244254638,6.0586202751157145,3.1857270298911144,3.6280704008427125,54.23588244254638,3.1857270298911144,9.058620275115715,Engineering,Very Good,Good,1.0,0.0,1.0,0.0,Nancy Reynolds,Other,female,United States,31.0
77,0.8563213102084464,3.9695431299592387,3.5064189392731127,2.823383703422613,4.296025426096593,5.6302625903834596,1.8364419733657233,34.22451641283659,2.4133873103171557,-0.6558097914153012,1.8364419733657233,34.22451641283659,-0.6558097914153012,5.413387310317155,Quantitative,Very Good,Good,1.0,2.0,0.0,0.0,Felicia Summers,Other,female,United States,27.0
78,0.26339703733095454,2.4057142293677196,2.6297733036335726,1.2012291946919218,2.1147402428079176,-1.7703596432265882,2.439752337868148,13.828530438357205,4.071148706432626,0.4131465763559101,2.439752337868148,13.828530438357205,0.4131465763559101,7.071148706432626,Sciences,Ok,Bad,0.0,0.0,0.0,0.0,Angelia Lopez,Other,female,China,22.0
79,-0.3405839126347743,2.277286014338169,-0.2342656434393917,3.2339561346613994,1.6092696858391813,-4.028306971168636,2.405111190102142,15.736242962798187,4.152542714094741,0.7661998687453565,2.405111190102142,15.736242962798187,0.7661998687453565,7.152542714094741,Quantitative,None,Good,0.0,0.0,1.0,1.0,Petra Ramos,Other,female,China,30.0
80,0.670054492756453,2.816921054262846,2.0237418469472033,5.280616528414614,3.6308042849008215,3.6000213288652354,1.3726912233471895,27.966752692298957,1.47544675165509,-1.42377341279272,1.3726912233471895,27.966752692298957,-1.42377341279272,4.47544675165509,Engineering,Very Good,Good,1.0,2.0,0.0,0.0,Frances Lee,Other,female,China,27.0
81,-0.8031167938540325,2.5964492085511686,1.0516676410414592,3.273715042919119,2.2709211593226333,-3.4148516811724443,3.0632037567715362,31.959285681629453,4.961502843215584,1.8749440965357351,3.0632037567715362,31.959285681629453,1.8749440965357351,7.961502843215584,Engineering,Ok,Good,0.0,0.0,1.0,0.0,Mary Cooper,Other,female,Mexico,23.0
82,0.5915837546487666,2.988854282327742,2.6819044682407194,4.076054123631011,2.47437679137815,-1.1303891094775342,2.8733234217803103,22.01927300675226,5.208546094578629,2.148612497661235,2.8733234217803103,22.01927300675226,2.148612497661235,8.20854609457863,Quantitative,Ok,Good,0.0,1.0,0.0,0.0,Beatriz Jackson,Other,female,Canada,23.0
83,0.5460477181972772,3.3125367629943496,2.237259886172153,7.4462572309559185,4.887644274657303,6.643800385183748,2.130489008107936,54.338213075043484,2.886485556858243,-0.024534891410910847,2.130489008107936,54.338213075043484,-0.024534891410910847,5.8864855568582435,Quantitative,Very Good,Bad,0.0,1.0,0.0,0.0,Marjorie Bica,Other,female,India,35.0
84,0.3330746459100536,2.4403092331396725,1.4117987096832154,7.388695132779721,2.836076510157202,-0.3461848433382705,1.6761200069339854,39.30973432078313,2.157644960501405,-0.7186800346657672,1.6761200069339854,39.30973432078313,-0.7186800346657672,5.157644960501405,Engineering,Ok,Bad,0.0,1.0,0.0,0.0,Maria Ng,Other,female,Canada,25.0
85,-0.19367329902936334,2.435475534606734,2.1486816915164653,0.15873543577248617,2.354265633099876,-1.2315644712124048,3.1358041069630858,70.96783702266433,4.860805629381469,1.7376086080531017,3.1358041069630858,70.96783702266433,1.7376086080531017,7.860805629381469,Engineering,None,Good,1.0,1.0,1.0,0.0,Jennifer Boyd,Other,female,India,31.0
86,-0.050288515615560705,3.1252100332606267,0.38012797593535996,6.518245599050138,3.3535165465487893,1.2214911937576804,0.8699771867963635,95.05226688441306,0.40840032347891153,-1.816590231054971,0.8699771867963635,95.05226688441306,-1.816590231054971,3.4084003234789115,Engineering,Ok,Bad,0.0,1.0,0.0,0.0,Robin Ibrahim,Other,female,Canada,21.0
87,0.48481708823806013,3.0089136825173375,1.6683806096864167,7.8549073628714705,2.5499561846221197,-1.7434151263710307,1.5841820834185738,31.91085544042534,2.044362091166707,-0.7865102554622748,1.5841820834185738,31.91085544042534,-0.7865102554622748,5.0443620911667075,Quantitative,Ok,Bad,1.0,1.0,0.0,0.0,Dorothy Ward,Other,female,Australia,26.0
88,-1.0783695708085752,3.291386763681115,1.2812934198076764,4.369074547525761,2.6825811887336215,-3.393109918334043,1.4497846819080746,17.962305693378987,2.1269712991248726,-0.9087325731724379,1.4497846819080746,17.962305693378987,-0.9087325731724379,5.126971299124873,Quantitative,Ok,Bad,0.0,1.0,1.0,0.0,Roxanne Barber,Other,female,Australia,27.0
89,-0.5910812511113932,2.745563415763461,2.2276620291270595,1.1529762193583224,2.093651457412376,-3.687402313039008,1.921443268538938,47.90662253204171,2.9766359344330935,0.22384225442859088,1.921443268538938,47.90662253204171,0.22384225442859088,5.9766359344330935,Engineering,None,Good,0.0,1.0,1.0,0.0,Ada Kim,Other,female,China,26.0
90,0.2964072929642228,3.184810392024103,1.1735604004719113,2.0822682878284997,2.919449643888831,1.4668099339552472,1.6990672636439423,21.061917374068678,2.757044091550816,-0.10214094110827229,1.6990672636439423,21.061917374068678,-0.10214094110827229,5.757044091550815,Engineering,Ok,Good,1.0,1.0,0.0,0.0,Carmen Velez,Other,female,India,28.0
91,1.046271364608636,3.769479706610196,1.5303693209614955,7.24226746131331,4.251239842068471,5.711611733979219,2.5197883696693992,12.51170192181095,4.00623897743704,0.6928605970568986,2.5197883696693992,12.51170192181095,0.6928605970568986,7.00623897743704,Humanities,Very Good,Good,1.0,1.0,0.0,0.0,Jaime Gallego,Other,female,India,36.0
92,-1.3557514066754248,3.2622063785748816,1.4353308831656293,1.4578762948865513,1.9939908375190414,-5.757953803053176,2.078882067784771,0.5096005994541706,2.8876180950753465,-0.44145198777630795,2.078882067784771,0.5096005994541706,-0.44145198777630795,5.8876180950753465,Sciences,None,Bad,0.0,1.0,1.0,1.0,Charlene Bain,Other,female,Mexico,25.0
93,-1.5366032009444341,3.1481548665868764,1.5754238272899823,0.9087515086967195,2.107288685080622,-5.444969533930521,2.424954819345994,56.812943991606204,4.082809471053256,1.5298644623457167,2.424954819345994,56.812943991606204,1.5298644623457167,7.082809471053256,Quantitative,Ok,Bad,1.0,1.0,1.0,1.0,Glennis Arnold,Other,female,India,27.0
94,0.2391006349182888,3.7457755435790974,2.1524397985184027,3.6952212102840587,3.2344066137090572,0.7754321653586421,3.0816614351360343,15.2511183591743,5.245701692049979,1.925179958059891,3.0816614351360343,15.2511183591743,1.925179958059891,8.245701692049979,Engineering,Very Good,Good,0.0,1.0,0.0,0.0,Patricia Tadlock,Other,female,Australia,25.0
95,1.1720125364478062,3.0813280145910253,1.7216386626205509,3.3528370294046015,1.947188708185275,-0.7848077279828876,1.077263898109702,71.87297334080999,1.1617568324616607,-1.2183565260578781,1.077263898109702,71.87297334080999,-1.2183565260578781,4.161756832461661,Engineering,Ok,Bad,0.0,1.0,0.0,0.0,Sandra Jones,Other,female,United States,21.0
96,0.1253364797139546,3.750060717318784,2.6803710442611,4.6601426466810905,4.257927351193508,3.8284375654085867,0.9014921646982827,66.39752690407184,0.5966272840979645,-2.266554424593341,0.9014921646982827,66.39752690407184,-2.266554424593341,3.5966272840979645,Engineering,Ok,Good,1.0,1.0,1.0,1.0,Denise Sawyer,Other,female,Canada,23.0
97,-0.11834699458109119,3.6415112667907943,1.6818052985523757,2.627162801294706,3.14909464595175,0.47677505373164275,2.310383463043347,33.503992062714694,4.138736207929965,0.6452686054698847,2.310383463043347,33.503992062714694,0.6452686054698847,7.138736207929965,Engineering,None,Good,1.0,1.0,0.0,0.0,Crystle Briones,Other,female,China,24.0
98,-0.2688939755189693,3.1988632641877848,0.4713491928321307,5.305987437013283,3.0769935101994275,0.007972783873462078,0.7580512081186384,36.507032941699066,0.8719182507955954,-1.8362829857875762,0.7580512081186384,36.507032941699066,-1.8362829857875762,3.8719182507955954,Engineering,Ok,Good,0.0,1.0,0.0,0.0,Ruth Summers,Other,female,Canada,22.0
99,0.9433974729203827,2.4021463405097125,1.9053083403266555,2.9097710135148134,2.3488581270583855,0.2823292483211338,1.3450723008483445,84.22796458623728,1.1756102379396145,-1.3573052039336446,1.3450723008483445,84.22796458623728,-1.3573052039336446,4.1756102379396145,Engineering,Ok,Good,0.0,1.0,0.0,0.0,Jackie Kim,Other,female,Australia,24.0
100,-0.13702652449477185,2.8329252860486487,1.8301560595655508,2.2173116245592674,2.7319753545777417,-0.6883165455842762,2.2883333919670577,17.529941472082058,3.2735980008405803,-0.01178185956638258,2.2883333919670577,17.529941472082058,-0.01178185956638258,6.273598000840581,Engineering,None,Bad,0.0,1.0,0.0,0.0,Leona Norris,Other,female,Canada,28.0
101,-1.0656726038816426,2.4154092939785503,1.2435154126195278,-0.32521550785358855,0.6123617244511288,-8.835936051035493,2.6880534283452704,5.14995563134525,4.225917676672706,0.6969096694417961,2.6880534283452704,5.14995563134525,0.6969096694417961,7.225917676672706,Sciences,None,Good,0.0,1.0,1.0,1.0,Norma Donohue,Other,female,China,26.0
102,0.19821058989541399,3.3898548865549447,3.3612492950040203,5.391136798662476,4.062347478558,2.7794240587635066,1.980652567558359,6.436111482729899,3.425559918672927,0.2962102310092633,1.980652567558359,6.436111482729899,0.2962102310092633,6.425559918672927,Quantitative,Ok,Good,1.0,1.0,1.0,0.0,Marlene Nguyen,Other,female,United States,27.0
103,0.08884840789370374,2.725986719365007,1.755660166242937,5.049570543191049,3.4114272016292766,1.620833730781782,2.360043759928885,62.45837577299932,3.0205466731390267,0.2017819917789866,2.360043759928885,62.45837577299932,0.2017819917789866,6.020546673139027,Engineering,Very Good,Good,0.0,1.0,0.0,0.0,Pat Rief,Other,female,Australia,22.0
104,0.6880290815419724,3.7046195393314827,2.1521685078552526,9.050226644354186,4.146018048489519,3.617828575869614,4.925013787275633,29.349960602775695,8.695210297377542,4.77377190650765,4.925013787275633,29.349960602775695,4.77377190650765,11.695210297377542,Engineering,Very Good,Good,1.0,1.0,0.0,0.0,Frieda Hoff,Other,female,United States,24.0
105,0.0668685935240288,3.1313767993527155,2.901787709410816,6.01810902335031,3.7379417383131783,1.3879694831482088,1.5108389220231326,10.3374166662087,2.543855847769328,-0.6285931604617171,1.5108389220231326,10.3374166662087,-0.6285931604617171,5.543855847769327,Humanities,Ok,Good,0.0,1.0,0.0,0.0,Angeline Callaway,Other,female,Canada,27.0
106,0.6681608608679569,3.0494277944279506,2.4043502939130024,1.899012183261347,2.827630165221248,1.1304397529113341,2.2096149222136794,59.02657142443194,3.1987115847448853,0.19504544635895246,2.2096149222136794,59.02657142443194,0.19504544635895246,6.198711584744885,Sciences,None,Good,0.0,1.0,0.0,0.0,Courtney Phelps,Other,female,Canada,31.0
107,0.6244591785635628,3.340747248462811,1.0840723476096494,6.710644384368303,2.7139403494318692,-0.1583552707769946,3.86125650097948,5.039309448852762,6.8297537363744505,3.3273733395492235,3.86125650097948,5.039309448852762,3.3273733395492235,9.82975373637445,Quantitative,None,Good,0.0,1.0,0.0,0.0,Sheri Richard,Other,female,Australia,30.0
108,0.6140017188505508,2.9623619330531876,2.6652649259095096,4.722501979547262,3.1161091310377382,1.4154915415675178,2.0539129331992845,25.71341030360143,3.4420739457103213,0.47454927814441134,2.0539129331992845,25.71341030360143,0.47454927814441134,6.442073945710321,Engineering,Ok,Good,0.0,1.0,0.0,0.0,Junie Wagoner,Other,female,Mexico,24.0
109,-1.3144922440717106,2.4652696289004776,1.1396262448914416,0.08127979250448636,1.7623815774156577,-5.148104088934962,2.5475283577014336,11.683471739321917,4.3348985911736735,0.933668609799719,2.5475283577014336,11.683471739321917,0.933668609799719,7.3348985911736735,Sciences,Ok,Good,0.0,1.0,1.0,1.0,Julie Thomas,Other,female,Canada,22.0
110,-0.12214588070187705,3.086282319802177,0.3015282431491604,3.3642983977996606,2.388691842433375,-1.2010328501300473,2.65515622544435,35.255610077136325,3.979435924601418,0.7644010870552811,2.65515622544435,35.255610077136325,0.7644010870552811,6.979435924601418,Quantitative,Very Good,Bad,0.0,1.0,0.0,0.0,Etha Breitbart,Other,female,Australia,25.0
111,0.12377412584026795,2.7948743161419927,2.3181671164689845,2.603958524443687,2.997564960207019,0.6232627638748118,3.52715180709263,47.93308500437099,5.45391580542254,2.1498333888017584,3.52715180709263,47.93308500437099,2.1498333888017584,8.45391580542254,Quantitative,Ok,Good,0.0,1.0,0.0,0.0,Mary Hicks,Other,female,Mexico,26.0
112,1.0238464382750099,4.155796844745167,3.465577048492892,5.2687438350311275,4.204241781848076,4.722194444285005,1.3547649188228208,44.58079185316827,1.7025448734881787,-1.0032264102819948,1.3547649188228208,44.58079185316827,-1.0032264102819948,4.702544873488179,Engineering,Very Good,Good,1.0,0.0,0.0,0.0,Phyllis Kennedy,Other,female,Australia,21.0
113,-0.18105060069273593,3.5950724535135663,1.2686924997497018,4.2853928359026225,3.128755460519618,0.03668793749965257,1.0555836266184198,86.69164668191405,1.1711817654189858,-1.0292256218882077,1.0555836266184198,86.69164668191405,-1.0292256218882077,4.171181765418986,Engineering,Very Good,Good,0.0,1.0,0.0,0.0,Ethel Harris,Other,female,United States,22.0
114,-0.8843506564180629,2.7378593582296564,1.691208499493464,-0.9601591122414828,1.6504645382106784,-4.805867074249385,2.456215700887635,12.45201264178736,4.552997747927075,1.549462738498093,2.456215700887635,12.45201264178736,1.549462738498093,7.552997747927075,Engineering,Ok,Good,0.0,1.0,1.0,1.0,Elsie Genco,Other,female,Canada,31.0
115,0.3603418045876363,2.5515200408952206,1.967639889962531,5.853778756972649,2.9347782804079636,0.07563457736121787,4.099192331621616,57.301820992349306,7.901101520816829,3.9523111890400133,4.099192331621616,57.301820992349306,3.9523111890400133,10.90110152081683,Humanities,Very Good,Bad,0.0,1.0,0.0,0.0,Racheal Melendez,Other,female,Australia,26.0
116,0.703261819650749,2.4742943360119716,2.6761507564678113,2.7727529186332958,2.7411915238024136,0.9952676263358001,1.0249548209166737,45.17301457028766,0.9423898448210313,-1.829985969042219,1.0249548209166737,45.17301457028766,-1.829985969042219,3.9423898448210313,Engineering,Ok,Good,0.0,1.0,0.0,0.0,Gloria Graham,Other,female,India,26.0
117,0.2577348213801463,3.7308330843995123,2.7393696704040487,4.688837191315545,3.0602284428936763,-0.37658852432319834,2.4805872908268185,39.43888404544205,5.486901236725317,1.8603125929252937,2.4805872908268185,39.43888404544205,1.8603125929252937,8.486901236725316,Engineering,None,Bad,0.0,1.0,0.0,0.0,Linda Hepfer,Other,female,Australia,37.0
118,0.8045184604932383,2.2619255551044564,3.157162631133712,7.932673509768712,3.8310667466111394,3.281059643328604,2.9368204087606675,42.789691695123366,4.479343431998738,1.3926305890542805,2.9368204087606675,42.789691695123366,1.3926305890542805,7.479343431998738,Quantitative,Very Good,Good,0.0,1.0,0.0,0.0,Elizabeth Marshall,Other,female,China,24.0
119,0.0878437359814198,3.372717657340595,3.506284822229884,4.317320182315081,3.89735501289247,2.3595836485777015,1.2215487476821565,12.165299230184072,1.8368057838007759,-0.991344017418752,1.2215487476821565,12.165299230184072,-0.991344017418752,4.836805783800775,Quantitative,Ok,Bad,0.0,1.0,1.0,0.0,Madaline Koppenhaver,Other,female,Australia,29.0
120,-0.40712027405463463,2.504971365997087,1.362520730192141,0.9979597443836639,1.4144975096661447,-4.987410230771227,2.3138708288197707,7.571960271774479,3.4439047300283527,0.06635269479540201,2.3138708288197707,7.571960271774479,0.06635269479540201,6.443904730028352,Quantitative,Very Good,Bad,0.0,1.0,1.0,1.0,Kimberly Jagow,Other,female,Mexico,24.0
121,-1.0994910772860134,4.075766513462122,1.5935090783572625,5.99734986147029,4.661511023449585,2.6569652302485967,0.10517294059538917,40.32961695225001,0.0,-3.287082046828686,0.10517294059538917,40.32961695225001,-3.287082046828686,3.0,Quantitative,Ok,Good,1.0,1.0,1.0,0.0,Gail Mattingly,Other,female,Australia,25.0
122,-0.5777962233391583,2.736962204499308,0.8605583160031081,4.2994173868412355,1.8295376570430888,-4.94862458639145,1.9616702042702592,49.459660366326624,2.679039183414853,-0.20928000708039754,1.9616702042702592,49.459660366326624,-0.20928000708039754,5.679039183414853,Humanities,None,Bad,0.0,1.0,1.0,1.0,Karen Partridge,Other,female,Mexico,25.0
123,0.2985486666970572,2.9679044661570386,2.9958578065554473,-0.12032386793795258,2.4671769449054595,-0.39174676260123037,1.6650796085878476,45.38264498538214,2.493321111380716,-0.3223084112289896,1.6650796085878476,45.38264498538214,-0.3223084112289896,5.493321111380716,Sciences,None,Good,0.0,2.0,0.0,0.0,Kathryn Martin,Other,female,India,29.0
124,1.156486651446063,3.572942778965416,3.5797633712205634,7.1879354585454225,4.255326993695552,4.888338581700044,0.7229794173168427,69.24756078604885,0.6868374640497263,-1.5513284823690427,0.7229794173168427,69.24756078604885,-1.5513284823690427,3.6868374640497263,Quantitative,Very Good,Good,1.0,1.0,0.0,0.0,Edith Sotelo,Other,female,Mexico,33.0
125,-1.3154392673055049,2.494517121639738,2.4666421540004495,-1.755662963546479,2.3035649084785503,-3.349953564521562,0.0,55.98902944907154,0.0,-3.6567602894459026,0.0,55.98902944907154,-3.6567602894459026,3.0,Sciences,Ok,Bad,0.0,1.0,1.0,0.0,Sara Efird,Other,female,Mexico,25.0
126,-0.06168840845553913,3.9866789524518307,2.6877711753064326,6.534349947044127,4.6661196657735875,4.229603514677649,2.1308628592378565,49.976429280574195,3.0468849082116143,0.03672653024492381,2.1308628592378565,49.976429280574195,0.03672653024492381,6.046884908211615,Engineering,Ok,Good,1.0,1.0,0.0,0.0,Stacy Fallis,Other,female,Canada,34.0
127,-0.2560334205234624,2.9697582812875023,1.458783196611433,3.407277127972706,3.0664768266192195,0.2813020068933301,0.05318386057485136,22.357682906995553,0.0,-2.623053430291228,0.05318386057485136,22.357682906995553,-2.623053430291228,3.0,Quantitative,Ok,Good,0.0,1.0,0.0,0.0,Brandy Pritchard,Other,female,United States,26.0
128,1.2179573560240604,3.2233664131501403,3.566718719140362,7.589844839809366,4.3989753696085545,5.278709235321182,1.339454611574809,52.42268801450216,1.7554426807506913,-0.9669514865227153,1.339454611574809,52.42268801450216,-0.9669514865227153,4.755442680750692,Engineering,Ok,Good,1.0,1.0,0.0,0.0,Marie Kube,Other,female,United States,25.0
129,0.3904017556752149,3.368043428501466,1.5974610386492458,5.430166327854898,3.6003484168025657,2.59206748998197,3.234632038066085,16.870435977561716,5.640900803237382,2.2291698602042693,3.234632038066085,16.870435977561716,2.2291698602042693,8.640900803237383,Engineering,None,Good,1.0,1.0,0.0,0.0,Linda Troutman,Other,female,Canada,27.0
130,-0.18849093855536442,2.9717982642231555,1.0082438497365835,1.9388569161249394,2.03344538705944,-2.7927565214873296,2.8427137157834603,28.77955633377553,4.683358561914286,1.473483506757302,2.8427137157834603,28.77955633377553,1.473483506757302,7.683358561914286,Engineering,Ok,Good,0.0,1.0,0.0,0.0,Richard Bourget,Other,female,India,30.0
131,-0.3177494981367147,3.0398563729778987,1.9728646472491094,2.114694301077706,3.3040062532631866,1.0810925738266102,0.17663373339619448,64.97996562459846,0.0,-2.8448866461007647,0.17663373339619448,64.97996562459846,-2.8448866461007647,3.0,Humanities,Very Good,Good,0.0,1.0,0.0,0.0,Patricia Steiner,Other,female,India,24.0
132,1.2630133595782043,2.8269591856455345,3.777796062692615,5.667502539205917,3.466763375191056,2.874349690282464,0.0,50.64823729720922,0.0,-4.575289878154505,0.0,50.64823729720922,-4.575289878154505,3.0,Engineering,None,Good,1.0,1.0,0.0,0.0,Mary Dow,Other,female,Mexico,24.0
133,0.14354922233607126,2.8625484529646994,2.167325201888694,2.917423538994471,2.464344366693809,-1.4197396297498102,2.857756519055678,10.371716887497481,4.523276620911983,1.1142416533037391,2.857756519055678,10.371716887497481,1.1142416533037391,7.523276620911983,Engineering,Ok,Good,0.0,1.0,0.0,0.0,Miriam Hobbs,Other,female,India,31.0
134,1.4323357848306777,3.3358249523136383,3.879465572557476,5.921552571199693,4.305699719264979,5.9820136125745424,3.477567518480565,6.501704115346378,5.9924706610256235,2.5228893725085437,3.477567518480565,6.501704115346378,2.5228893725085437,8.992470661025624,Quantitative,Ok,Good,1.0,1.0,0.0,0.0,Juanita Randolph,Other,female,Canada,30.0
135,-0.4611808855353839,3.0664545772817107,2.8765752956245567,1.2996399949084458,3.009243793537236,-0.4710686680697196,1.3967381275782698,8.906662814367085,2.3508491374817932,-0.5275867813351361,1.3967381275782698,8.906662814367085,-0.5275867813351361,5.350849137481793,Engineering,Ok,Bad,0.0,1.0,0.0,0.0,Janet Greer,Other,female,China,24.0
136,0.18976787229820147,2.9481075599295203,2.1483992994489025,2.0579638185854385,2.6585919493382257,-0.2541008307708815,1.7488475888075043,16.828812990354656,3.1038786439897876,0.2086826305107911,1.7488475888075043,16.828812990354656,0.2086826305107911,6.103878643989788,Engineering,None,Bad,0.0,1.0,0.0,0.0,Elisa Singleton,Other,female,Mexico,23.0
137,1.0561572376326684,2.8730941989897003,2.782315274269766,4.5383198415286055,2.8679114121457157,1.0239637232522574,1.2691055000649314,29.91095076839715,1.665020543493059,-1.23127281603272,1.2691055000649314,29.91095076839715,-1.23127281603272,4.665020543493059,Engineering,Ok,Good,0.0,1.0,1.0,0.0,Clyde Gambrill,Other,female,China,35.0
138,-0.01638864237840784,3.286031628541805,2.5237958643047467,5.792805375708287,3.732238011645691,1.6943028236089324,3.572933246885209,38.32211918861471,5.873906330784104,2.578593745204823,3.572933246885209,38.32211918861471,2.578593745204823,8.873906330784104,Engineering,Very Good,Good,0.0,1.0,0.0,1.0,Nanette Hotton,Other,female,China,37.0
139,-0.725404710692455,3.2584342650013363,2.0044712913927785,3.550689921635941,2.897651312282849,-1.8197107033815911,3.066884790384977,61.79742048061933,4.781894759570423,1.921632313977818,3.066884790384977,61.79742048061933,1.921632313977818,7.781894759570423,Engineering,Ok,Good,0.0,1.0,0.0,0.0,Thelma Waters,Other,female,India,26.0
140,-0.4092794725508279,2.1550934381945357,1.6785873295238527,1.6345289821257318,1.694081814824007,-4.082136470843152,3.8121499597286688,28.171075399491393,6.408052634027529,2.8293077199145245,3.8121499597286688,28.171075399491393,2.8293077199145245,9.408052634027529,Engineering,Ok,Good,0.0,1.0,1.0,0.0,Melissa Hicks,Other,female,United States,28.0
141,-0.13288579631365124,3.640598240555823,1.412318899494931,2.788456039181494,2.7640292852895025,-0.7819980991798215,0.5162761900348434,52.187654492150806,0.31894298289475476,-1.9733454312970993,0.5162761900348434,52.187654492150806,-1.9733454312970993,3.3189429828947548,Quantitative,None,Good,0.0,1.0,0.0,0.0,Anna Stroud,Other,female,India,30.0
142,-0.6000193072170826,2.7447695669066037,1.0660479022984446,1.095510842261338,2.562747444674969,-1.050566610960184,4.3678287763226,19.197492862554995,7.928264000610118,4.145289927966403,4.3678287763226,19.197492862554995,4.145289927966403,10.928264000610117,Quantitative,None,Bad,0.0,1.0,0.0,0.0,Claudia Juan,Other,female,United States,24.0
143,1.1791175136741123,3.831137333625178,2.096819530900432,1.7942906369241256,3.506658872745924,4.6250941493514395,2.4246191660672407,2.970677546711393,4.169028184080951,0.9996064152862635,2.4246191660672407,2.970677546711393,0.9996064152862635,7.169028184080951,Engineering,Very Good,Good,1.0,1.0,0.0,0.0,Nicole Lyon,Other,female,China,39.0
144,-0.7245974873715032,2.933891242736824,1.9092670376711183,3.5582084990284777,2.8096202767269878,-2.15084412646774,1.550908810508943,3.5451105702472603,2.2928933417702493,-0.8775169028193535,1.550908810508943,3.5451105702472603,-0.8775169028193535,5.292893341770249,Engineering,Very Good,Bad,0.0,1.0,0.0,0.0,Chloe Black,Other,female,Australia,22.0
145,-0.9700317765400246,3.8005936055043463,1.8747235250155194,4.252005692976804,3.8828879197731734,0.7923136113895972,1.6529361681846693,56.517007264429836,2.7927120990417245,0.240688511552024,1.6529361681846693,56.517007264429836,0.240688511552024,5.792712099041724,Engineering,Ok,Good,0.0,1.0,0.0,0.0,Hertha Ocampo,Other,female,Mexico,25.0
146,0.4794284849099949,3.424724193738588,2.6792141323767917,1.8609805959948598,3.013018472871698,1.1771372167323995,2.0231135406679543,49.15903892579318,2.696433678074035,-0.20602147379660818,2.0231135406679543,49.15903892579318,-0.20602147379660818,5.696433678074035,Sciences,Very Good,Good,0.0,1.0,0.0,0.0,Carol Araujo,Other,female,Canada,21.0
147,-1.3934341147509572,2.883090834855981,-0.42367152113125295,-1.636098933518074,1.2089395735462738,-6.171178246050077,3.6456071917849915,27.871435612678717,6.324727206581576,2.520662017171718,3.6456071917849915,27.871435612678717,2.520662017171718,9.324727206581576,Engineering,Ok,Good,0.0,0.0,0.0,1.0,Jessica Whittemore,Other,female,China,31.0
148,0.08846859051152754,2.669967519883174,1.562129279005721,5.683438318771354,2.640853587419439,-1.3438604436588233,2.6449843140652245,26.68642286579991,4.19401958646454,0.9594177391653851,2.6449843140652245,26.68642286579991,0.9594177391653851,7.19401958646454,Engineering,Ok,Bad,1.0,1.0,0.0,0.0,Kim Dillon,Other,female,Mexico,23.0
149,-0.9753862547719981,2.940584203672574,1.3910842157196783,-1.3532219060604733,1.410712281946109,-5.695650533379351,3.3470775523194813,18.889764716897503,5.399307214707431,2.066342801939424,3.3470775523194813,18.889764716897503,2.066342801939424,8.39930721470743,Quantitative,Ok,Good,0.0,1.0,0.0,1.0,Linda May,Other,female,United States,34.0
150,-0.14217218382269117,4.139410144915777,1.4838556381979173,7.354180269552242,3.996790284127885,1.7683352326656847,2.956643045697681,25.113470030480293,4.99507881714952,1.891034974902206,2.956643045697681,25.113470030480293,1.891034974902206,7.99507881714952,Engineering,Ok,Good,0.0,1.0,0.0,0.0,Eugenia Smith,Other,female,United States,25.0
151,0.7218431742384984,2.550223327895634,1.977806109838062,4.122391501304103,2.5749881095081832,0.3007808728033014,0.40570400402080153,76.2933967422342,0.0,-3.2560724675336385,0.40570400402080153,76.2933967422342,-3.2560724675336385,3.0,Engineering,Ok,Good,0.0,1.0,0.0,0.0,Krystal Potter,Other,female,Australia,28.0
152,-0.6711187379015644,3.3277180285513785,1.3639929817885206,5.846127705198758,3.3450741059021407,-0.6091824899792544,0.9083834674387232,1.5045471090453617,1.331972530305243,-1.7273424749096262,0.9083834674387232,1.5045471090453617,-1.7273424749096262,4.331972530305243,Engineering,Ok,Bad,0.0,1.0,0.0,0.0,Renee Topel,Other,female,China,25.0
153,0.1330005652586811,2.7615667409780333,2.4624051014634696,3.84031253761631,3.0887152188135496,0.7313966967291203,1.2682530772472798,88.28952722326204,1.4370468308207895,-1.0008499479008468,1.2682530772472798,88.28952722326204,-1.0008499479008468,4.4370468308207895,Quantitative,None,Good,0.0,1.0,0.0,0.0,Lisa Jackson,Other,female,Canada,23.0
154,0.5796631052795812,3.2764056366614103,2.88808347235325,5.02895784942659,3.932601967650728,3.5705406501692996,1.474007774727374,6.213526991918087,2.4324408151454553,-0.6757395100531619,1.474007774727374,6.213526991918087,-0.6757395100531619,5.432440815145455,Humanities,Ok,Good,1.0,0.0,0.0,0.0,Charlotte Vanzee,Other,female,Australia,37.0
155,0.17415465316565396,3.0448904834048336,2.676014085643685,2.5939470777628753,3.075338664479787,0.7985595214660258,1.8980068741829312,46.066467306834724,2.563638865271482,-0.19772760954368923,1.8980068741829312,46.066467306834724,-0.19772760954368923,5.563638865271482,Engineering,Ok,Bad,0.0,1.0,0.0,0.0,Carissa Sisson,Other,female,Canada,24.0
156,-0.22962385227816912,2.7434550936416073,3.068486814946227,3.684202490200551,3.502782678183592,0.855241768415123,0.5415680130821001,14.268438814657232,0.609434607824848,-2.0628446922657075,0.5415680130821001,14.268438814657232,-2.0628446922657075,3.609434607824848,Engineering,None,Bad,0.0,1.0,0.0,0.0,Paula Martin,Other,female,Canada,23.0
157,0.13444272037448307,2.590553418501183,1.6085768442318145,0.08764733299649707,1.8298425306425108,-2.0062164927733788,2.8392169379142205,20.286493766445616,4.395442783466033,1.0498775056062741,2.8392169379142205,20.286493766445616,1.0498775056062741,7.395442783466033,Engineering,Ok,Good,0.0,1.0,0.0,0.0,Lisa Patel,Other,female,United States,31.0
158,0.12353797897396812,3.551721667029519,2.651744797023087,4.553292555828875,3.1733777712833104,0.2952864693145287,1.8999294191546237,18.590805558618506,2.861487432741411,-0.6165821424427643,1.8999294191546237,18.590805558618506,-0.6165821424427643,5.861487432741411,Quantitative,None,Good,0.0,1.0,0.0,0.0,Jenny Chevez,Other,female,Australia,33.0
159,-0.49040732344501725,2.8461119850901366,2.66963950682744,5.1537730017870125,3.33121769647682,-0.4716303673025622,1.535962805625348,1.5849171696438162,2.148086474450988,-1.0598465914073445,1.535962805625348,1.5849171696438162,-1.0598465914073445,5.148086474450988,Quantitative,Very Good,Bad,1.0,1.0,0.0,0.0,Michelle Carlton,Other,female,India,21.0
160,-0.5893643374257429,2.5413166479914264,4.190650745871198,5.344341879367095,3.402841458677434,-1.2719242696109219,1.447653555127063,85.8382670610018,1.9048252289861203,-0.28194087511233695,1.447653555127063,85.8382670610018,-0.28194087511233695,4.9048252289861205,Humanities,Ok,Bad,0.0,1.0,0.0,0.0,Lori Gil,Other,female,Canada,25.0
161,-0.06714370610033447,2.471847939596935,1.371324691656135,4.15532076251387,2.169570458273854,-2.644550364318048,0.8140057973713135,36.216725232532156,0.6765918296527196,-2.148317388076021,0.8140057973713135,36.216725232532156,-2.148317388076021,3.6765918296527196,Engineering,Ok,Good,0.0,0.0,0.0,0.0,Mary Young,Other,female,Australia,23.0
162,1.349043118673385,3.2414500715826517,2.3706611743121004,6.384938648039498,3.7448290844316467,4.456212690324662,1.3984914868596323,88.77248431874632,0.9554695666672686,-1.4530074257048728,1.3984914868596323,88.77248431874632,-1.4530074257048728,3.9554695666672686,Engineering,None,Good,1.0,2.0,0.0,0.0,Guadalupe Moster,Other,female,Canada,32.0
163,0.3447486644971058,3.831370241719326,3.003246305067365,4.361560295053986,4.418386729803569,4.877900414110042,2.389787034880383,66.4551863479762,3.251087244395009,0.40443769534428253,2.389787034880383,66.4551863479762,0.40443769534428253,6.251087244395009,Engineering,None,Good,1.0,2.0,0.0,0.0,Colleen Payne,Other,female,India,23.0
164,0.8925493163208312,3.4791636702388464,3.811024305770685,8.097174705568632,4.860349574836183,6.012432475415558,3.010621095665596,3.9393091351245317,4.7382933418709445,1.260181680423204,3.010621095665596,3.9393091351245317,1.260181680423204,7.7382933418709445,Engineering,Ok,Good,1.0,2.0,0.0,0.0,Margaret Mays,Other,female,China,32.0
165,-1.8136883253826999,2.9171406666659694,2.2028914613018635,-0.30884226284363514,2.402658585158969,-4.695148158339106,1.9706089894140368,70.39137700618883,2.6088501341432684,0.11626926456234526,1.9706089894140368,70.39137700618883,0.11626926456234526,5.608850134143268,Quantitative,None,Good,0.0,0.0,0.0,1.0,Emily Beaudin,Other,female,China,33.0
166,0.2722145033419027,3.1930004054827172,1.3947513457791048,1.5370283368652413,1.9703491006674936,-2.214244421481123,1.9529091252140995,71.22022248136238,2.6096357082796184,-0.11202340611027788,1.9529091252140995,71.22022248136238,-0.11202340611027788,5.609635708279619,Engineering,None,Good,0.0,0.0,0.0,0.0,Linda Stomberg,Other,female,United States,30.0
167,0.5483803937302312,3.4778672172217906,1.9430894490738289,5.545762416053753,4.0663250094470555,4.215297413143193,2.139939766672423,67.28877110254365,2.795512877813998,0.11745540826501785,2.139939766672423,67.28877110254365,0.11745540826501785,5.795512877813998,Engineering,Very Good,Good,1.0,2.0,0.0,0.0,Lucy Feist,Other,female,Canada,24.0
168,0.2011053319715723,3.503750518241133,2.638187171994293,3.1051772607345773,3.273351449223546,0.983857673716694,1.9833965849895974,21.81710963468408,3.7571368080375764,0.46460587641196377,1.9833965849895974,21.81710963468408,0.46460587641196377,6.757136808037576,Engineering,None,Good,0.0,0.0,0.0,0.0,Kelly Davis,Other,female,China,25.0
169,0.44247337148160737,3.149124579889844,1.8257037839723003,2.7710271210524313,3.0514904605266637,1.6411477563917831,0.0,59.459551979147605,0.0,-2.7369860223745457,0.0,59.459551979147605,-2.7369860223745457,3.0,Sciences,Ok,Good,0.0,2.0,0.0,0.0,Kimberley Romero,Other,female,Canada,32.0
170,-1.0419493154118038,2.8640455299119503,1.7422847718274772,-1.8553497195026631,1.9905861558026374,-3.710560190694295,1.7398183735635921,58.99605558370875,2.361808246012881,-0.22622782576362338,1.7398183735635921,58.99605558370875,-0.22622782576362338,5.361808246012881,Quantitative,Ok,Good,0.0,0.0,0.0,0.0,Anna Mcclish,Other,female,United States,32.0
171,2.5713930499308733,4.0014657331989945,3.879150793619468,11.142898107262049,5.141951046560338,9.222374980549503,2.5728588231082865,26.69955776243959,4.038479647641958,1.0019309028450403,2.5728588231082865,26.69955776243959,1.0019309028450403,7.038479647641958,Engineering,Very Good,Good,0.0,2.0,0.0,1.0,Judy Adams,Other,female,Australia,28.0
172,0.8590873109929185,2.2714945900518537,2.5729762046308506,4.770523172270592,3.171086024511836,2.310155730499034,1.7771985063908424,19.488462055121815,2.8726513188800116,-0.008591982221600939,1.7771985063908424,19.488462055121815,-0.008591982221600939,5.872651318880012,Sciences,Very Good,Good,0.0,2.0,0.0,0.0,Samantha Noel,Other,female,Mexico,28.0
173,0.36716943956665576,2.8034683032117935,1.3805085843883718,5.462662256861144,3.1827223837895535,1.6055124655791855,2.60748428744315,68.42384467742104,3.7741566113491514,0.9791962853826341,2.60748428744315,68.42384467742104,0.9791962853826341,6.774156611349151,Engineering,Ok,Good,0.0,2.0,0.0,0.0,Barbara Gomez,Other,female,Mexico,30.0
174,0.6114784827212006,2.887222128921292,2.1622553495870394,2.974941321275554,3.448879156873181,3.201807163138699,1.021961936801178,6.5105174875312954,1.2131424545254925,-2.1920482069307545,1.021961936801178,6.5105174875312954,-2.1920482069307545,4.213142454525492,Quantitative,Ok,Good,1.0,2.0,0.0,0.0,Kimberly Jenkins,Other,female,Mexico,24.0
175,-1.218363519111239,2.5454779566152963,3.671441977480132,-0.4403532580239613,3.029767848312427,-1.5345035502739748,1.214844111440784,1.775219838848649,1.8662943171319017,-1.2532553789842888,1.214844111440784,1.775219838848649,-1.2532553789842888,4.866294317131902,Sciences,Very Good,Bad,0.0,0.0,0.0,0.0,Anita Hilton,Other,female,United States,22.0
176,-0.10038786317654232,2.557557616350342,1.5373789590131925,5.153749241421117,3.0031070504219075,0.038736050174652224,1.8139158444020078,54.543332889862555,2.2808007608515073,-0.6506192039747133,1.8139158444020078,54.543332889862555,-0.6506192039747133,5.280800760851507,Quantitative,Ok,Good,0.0,0.0,0.0,0.0,Shakia Cedeno,Other,female,United States,25.0
177,0.24812069129447165,2.5981877548084746,1.779822701408531,3.180850941029636,2.318327726371441,-1.465436843290729,2.6964067897807884,16.677800697330895,4.03732868037066,0.6339519871069523,2.6964067897807884,16.677800697330895,0.6339519871069523,7.03732868037066,Quantitative,None,Good,0.0,0.0,0.0,0.0,Anna West,Other,female,Canada,23.0
178,-0.1583951996049921,2.424486404082641,0.8162770708956479,2.891187037812597,1.596322621084618,-4.18419867273025,0.8129766166568195,71.32869621304616,0.6499281041175484,-1.7021813818615308,0.8129766166568195,71.32869621304616,-1.7021813818615308,3.6499281041175484,Engineering,None,Bad,0.0,0.0,0.0,0.0,Sharon Gaddis,Other,female,China,31.0
179,1.2367315117514115,2.689211766235754,2.5774358483114526,6.754798029750601,3.000256364354382,1.5714812973065573,0.0,54.04903484076977,0.0,-4.4338300419810714,0.0,54.04903484076977,-4.4338300419810714,3.0,Engineering,Ok,Good,1.0,2.0,0.0,0.0,Nanette Gasper,Other,female,United States,22.0
180,-0.11996396169711822,2.774031677103833,1.7647110906478933,6.061210297748163,2.906217400698513,-1.1712586300481538,2.7215869645694877,6.38183216905545,4.515892021470201,1.1503996889290309,2.7215869645694877,6.38183216905545,1.1503996889290309,7.515892021470201,Engineering,Ok,Bad,0.0,0.0,0.0,0.0,Emma Sanchez,Other,female,China,29.0
181,-0.4647814648524534,2.7771591518782914,0.6840103620534634,4.167239765471473,2.8090211745253533,-0.8214836458703481,0.0,59.498236480380484,0.0,-4.264209460421377,0.0,59.498236480380484,-4.264209460421377,3.0,Engineering,None,Bad,0.0,0.0,0.0,0.0,Santina Spence,Other,female,Canada,30.0
182,-1.2771217429966228,2.4657634320014017,1.1156196284411726,1.4282760445899356,2.840936891154811,-1.7439110016191068,0.0,70.41201031088633,0.0,-5.614326075019577,0.0,70.41201031088633,-5.614326075019577,3.0,Sciences,None,Good,0.0,0.0,0.0,0.0,Jamie Thomas,Other,female,India,27.0
183,-0.36127760461663316,3.5737364577457518,3.3176420156176354,3.0409849431736706,3.860723594627618,1.6150803863870389,1.5939866360802064,77.81167803473036,2.065483747659533,-0.3498357486218626,1.5939866360802064,77.81167803473036,-0.3498357486218626,5.065483747659533,Engineering,Ok,Good,0.0,2.0,0.0,0.0,Kim Hughes,Other,female,Canada,24.0
184,0.32015838605120595,3.017787423481702,2.143843821334974,5.903876757944895,3.4973372669109546,1.7409076371832146,3.01811974958728,0.5385172763563943,4.911830524208365,1.39379728658729,3.01811974958728,0.5385172763563943,1.39379728658729,7.911830524208365,Engineering,Very Good,Good,0.0,2.0,0.0,0.0,Angela South,Other,female,Canada,23.0
185,0.43683765179537143,2.7459612266739977,2.316445661663967,8.015925941144804,3.8484786328036473,2.580540495027323,1.3363421406464708,34.862168388398075,1.654959863422565,-1.2519285673612137,1.3363421406464708,34.862168388398075,-1.2519285673612137,4.654959863422565,Engineering,Ok,Good,1.0,2.0,1.0,0.0,Kathleen Melendez,Other,female,Australia,29.0
186,-0.24592526212786883,3.7301363801585534,1.1921718524269966,1.8267926468182112,2.9935040368975745,0.20648182215906088,2.579596980857113,6.199131702877807,4.196985312439331,0.9536082886155437,2.579596980857113,6.199131702877807,0.9536082886155437,7.196985312439331,Quantitative,Ok,Good,0.0,0.0,0.0,0.0,Mary Weimar,Other,female,Australia,26.0
187,1.2445426659004886,4.285102381045682,1.805272342036092,7.736174212215467,4.390902960882962,5.85878914135573,1.9599496269552148,38.057379103422875,2.8259377381767425,-0.07081748495595137,1.9599496269552148,38.057379103422875,-0.07081748495595137,5.8259377381767425,Humanities,Very Good,Good,1.0,2.0,0.0,0.0,Melanie Harris,Other,female,India,25.0
188,-0.4728211479128626,2.869816276112562,0.8626416431237092,7.70779919221001,3.573468124702388,0.2900802121079685,3.2734425566922627,30.83739141834885,5.0858081982193575,1.636280121652487,3.2734425566922627,30.83739141834885,1.636280121652487,8.085808198219357,Engineering,Very Good,Good,0.0,0.0,1.0,0.0,Sharon Uttech,Other,female,Mexico,30.0
189,-0.6465553510323759,2.995190879782792,2.8787431911617327,-1.0617922470619545,2.027559113411097,-3.8259659154926933,1.9704871573615954,50.176939281627305,2.275419952821066,-0.5154928626817397,1.9704871573615954,50.176939281627305,-0.5154928626817397,5.275419952821066,Quantitative,Ok,Bad,0.0,0.0,0.0,0.0,Myrtle Card,Other,female,United States,28.0
190,-1.0326614038801463,2.0920786635855593,1.6981490807429152,1.1525264870348195,1.8485678110232981,-4.677155207569078,2.4644086253065494,50.92359250743278,3.8484747165600215,0.9869297362941084,2.4644086253065494,50.92359250743278,0.9869297362941084,6.8484747165600215,Engineering,None,Good,0.0,0.0,0.0,0.0,Amy Rainey,Other,female,United States,25.0
191,1.1332196728740425,3.4500538033428008,1.2583117210934165,6.804557373049944,3.117138834606827,2.1901907105377307,1.7857657067809707,40.385730380872786,2.7082986102691486,-0.059953000020991416,1.7857657067809707,40.385730380872786,-0.059953000020991416,5.708298610269148,Quantitative,Ok,Good,0.0,2.0,0.0,0.0,Heather Fisher,Other,female,China,21.0
192,-0.4295841745990234,2.8813133109789852,2.9414747582342393,3.888412705421257,3.1705655180714674,-0.7275237848564574,2.0168427164367064,24.17479452461115,3.128029179563059,0.22746553361149782,2.0168427164367064,24.17479452461115,0.22746553361149782,6.128029179563059,Engineering,Ok,Good,0.0,0.0,0.0,0.0,Micah Adams,Other,female,Australia,35.0
193,-0.11760085799394823,2.8482852575253896,3.0044763451715166,0.40402725256326777,3.4234660455453065,2.074136663711803,0.0,40.40148456134073,0.0,-3.8077610929185397,0.0,40.40148456134073,-3.8077610929185397,3.0,Humanities,Very Good,Good,1.0,2.0,0.0,0.0,Alicia King,Other,female,United States,22.0
194,-1.2880307362794983,3.240862030557985,0.19509638504957905,2.7397174142317864,2.3588699348080033,-3.904676128296176,1.1506285638584477,30.050739835487427,2.1913861907110146,-0.4100280453049005,1.1506285638584477,30.050739835487427,-0.4100280453049005,5.191386190711015,Engineering,None,Bad,0.0,0.0,0.0,0.0,Jane Chadbourne,Other,female,United States,24.0
195,0.8074865526501446,2.9636483022389055,3.2476555930369138,5.877062660033074,2.731454474597114,-0.7622563002437429,2.6320105989044933,16.718564676066435,4.3276650897369455,0.8016304077533073,2.6320105989044933,16.718564676066435,0.8016304077533073,7.3276650897369455,Engineering,Ok,Good,0.0,0.0,0.0,0.0,Eleanor Seals,Other,female,United States,26.0
196,-0.4798149041596377,2.5027669138533537,3.2308033822636864,0.41108901955779054,2.906280250574411,-0.5043993875564988,1.0169270950418599,55.30692517717722,1.0458305665746033,-1.5380137165292396,1.0169270950418599,55.30692517717722,-1.5380137165292396,4.045830566574603,Engineering,Ok,Good,0.0,0.0,0.0,0.0,Virgina Czapla,Other,female,Australia,21.0
197,-0.5846768734088617,2.5012414253962243,1.5471412888631808,2.6630808728919657,2.6964894712168554,-1.332253007060721,2.8208022564997,38.42130582034798,4.414064929862435,1.2312745757113177,2.8208022564997,38.42130582034798,1.2312745757113177,7.414064929862435,Quantitative,None,Bad,0.0,0.0,0.0,0.0,Gertrude Henderson,Other,female,China,26.0
198,-0.5458596692878596,3.3376650953214893,2.874028634982325,2.81881964432867,2.907830746739443,-1.8300037557551723,2.6951966543386234,24.058631680096553,4.350796815103969,1.2836240668245416,2.6951966543386234,24.058631680096553,1.2836240668245416,7.350796815103969,Quantitative,Very Good,Bad,0.0,0.0,0.0,0.0,Tammie Herrington,Other,female,United States,26.0
199,-0.23743025170995052,3.5325669505328183,2.618514594115559,6.057147099589433,4.528707756251978,3.6695928114153555,2.1218317301530143,102.49688314361477,2.7769146917012555,0.43653656561249443,2.1218317301530143,102.49688314361477,0.43653656561249443,5.776914691701256,Quantitative,Very Good,Good,1.0,2.0,0.0,0.0,Ruby Chavarria,Other,female,Mexico,30.0
200,-0.3316181812271992,3.465996584937424,1.8255031220195743,5.4908418658649065,3.3635756049661305,-0.05169547177867704,0.019766535577146138,64.3006957819364,0.0,-3.9465318543471533,0.019766535577146138,64.3006957819364,-3.9465318543471533,3.0,Quantitative,None,Good,0.0,0.0,0.0,0.0,Tammie Prince,Other,female,Australia,32.0
201,0.5322635297269177,2.6710462978804115,2.937396942523916,3.1976375465329565,3.892733962133997,4.328255311725091,1.1564803785736055,40.72396178293812,1.4111685051583145,-1.1707603722897246,1.1564803785736055,40.72396178293812,-1.1707603722897246,4.411168505158314,Quantitative,Ok,Good,1.0,2.0,0.0,0.0,Jennifer Green,Other,female,Canada,26.0
202,-0.32605497697129243,3.2051330836468046,1.6628862314801798,2.694508187708819,2.775984097700517,-0.9780692663778671,1.8276859399544165,43.74761008951173,2.6200753395590795,-0.2486764045685939,1.8276859399544165,43.74761008951173,-0.2486764045685939,5.6200753395590795,Engineering,None,Good,1.0,0.0,0.0,0.0,Patricia Junker,Other,female,India,26.0
203,0.24421380506231546,2.2497388635643882,-0.32855284188741996,6.088789781036033,1.5216754898105735,-4.017423073713678,3.7154348339851664,17.986972216479156,5.858926020645506,2.428464121699022,3.7154348339851664,17.986972216479156,2.428464121699022,8.858926020645505,Engineering,None,Good,1.0,0.0,0.0,0.0,Fernanda Deaner,Other,female,Mexico,24.0
204,0.07656831084862852,2.5796470526917137,2.0215799883914287,4.872081130359129,2.960493404484098,0.0617938306496254,2.093342102797723,8.557504181959423,3.574036310540126,0.4705882799062383,2.093342102797723,8.557504181959423,0.4705882799062383,6.5740363105401265,Engineering,Very Good,Good,0.0,0.0,0.0,0.0,Rebecka Crawford,Other,female,China,26.0
205,2.1298995021727687,2.9897815123465166,2.550601202195059,7.756427351688948,3.6885991473380892,5.655907428112492,2.4442130113164486,17.34673588713771,3.9704933169459844,0.8355242487754616,2.4442130113164486,17.34673588713771,0.8355242487754616,6.970493316945984,Engineering,Ok,Good,0.0,2.0,1.0,0.0,Bernice Gomez,Other,female,India,21.0
206,-0.6951718197975968,2.790544492535659,0.9517110639392734,3.527685810538005,2.6102461589402917,-2.080068620542593,4.039380033327626,4.44476373643921,6.566508690255962,2.972527184535368,4.039380033327626,4.44476373643921,2.972527184535368,9.566508690255962,Quantitative,Ok,Bad,1.0,0.0,1.0,0.0,Lillian Mills,Other,female,Canada,36.0
207,-0.3892370620180941,2.2875752493198775,1.2882672026152426,4.025125982050833,2.2025784487568076,-2.7703893716916674,3.5222873966132666,5.144822040907432,6.25914949189164,2.9699777494969517,3.5222873966132666,5.144822040907432,2.9699777494969517,9.259149491891641,Quantitative,None,Bad,0.0,0.0,1.0,0.0,Louise Gonzalez,Other,female,Australia,25.0
208,1.15100085516345,2.9288427886758392,2.562747919196776,6.722614609989414,3.7007223046584055,3.9401386662518965,0.0,50.44329940332849,0.0,-4.090955265261787,0.0,50.44329940332849,-4.090955265261787,3.0,Quantitative,Ok,Good,1.0,2.0,0.0,0.0,Toni Morris,Other,female,India,22.0
209,0.5272624000663252,2.025023012275142,1.2357749064880874,5.0719916386906,1.574867528788947,-3.434717904827211,0.8119271868547875,6.384417387461113,0.5809687775771151,-2.2551372408535917,0.8119271868547875,6.384417387461113,-2.2551372408535917,3.580968777577115,Quantitative,Ok,Bad,0.0,0.0,0.0,0.0,Beverly Villanueva,Other,female,Canada,31.0
210,0.43468095806920887,3.308826504046789,2.2944158342052146,7.713390785703708,3.957008491270189,2.8647861979899547,1.268722664797422,12.423590426278583,1.689276903590991,-1.3964648602443541,1.268722664797422,12.423590426278583,-1.3964648602443541,4.689276903590991,Engineering,Very Good,Good,1.0,2.0,0.0,0.0,Lillian Estes,Other,female,Canada,32.0
211,-1.2426355458400475,2.381324856849189,1.1180923832140737,-0.2574852045539151,1.0002854640176937,-7.895224758083361,0.6689695501657167,70.83326115081282,0.0,-3.2762479788887098,0.6689695501657167,70.83326115081282,-3.2762479788887098,3.0,Engineering,Ok,Good,1.0,0.0,0.0,0.0,Christina Gibson,Other,female,Canada,26.0
212,-0.681135412952576,2.6809468903259623,0.8470196332153426,4.994215156594968,2.5027552063735814,-2.496639667116837,0.0,31.659498476592255,0.0,-4.692419746424298,0.0,31.659498476592255,-4.692419746424298,3.0,Engineering,None,Bad,0.0,0.0,0.0,0.0,Sarah Oreilly,Other,female,Mexico,28.0
213,-0.29449499080881353,3.023222296107714,2.236438977058694,1.717927797610769,2.9798395776945688,-0.18484942385719955,1.5965455361148349,23.107581002837414,2.294797238476238,-0.8619065206752198,1.5965455361148349,23.107581002837414,-0.8619065206752198,5.294797238476238,Engineering,Ok,Bad,0.0,0.0,0.0,0.0,Norma Williamson,Other,female,Australia,25.0
214,0.532775692700992,3.1189431522789173,1.78377725253082,8.312573580104761,4.193258852951507,4.182546189212529,4.927303930963701,27.146387470687802,8.111324164098217,4.563642881524193,4.927303930963701,27.146387470687802,4.563642881524193,11.111324164098217,Quantitative,Ok,Good,1.0,2.0,0.0,0.0,Kimiko Hinderman,Other,female,China,26.0
215,0.8965077240563516,2.6630445557117675,2.2892453876294594,10.516270758101278,4.1935820568125735,4.139555153912039,1.6393286571711059,50.05937410771015,2.219779382943737,-0.5024847378052353,1.6393286571711059,50.05937410771015,-0.5024847378052353,5.219779382943737,Humanities,Ok,Good,1.0,0.0,0.0,0.0,Betty Velasquez,Other,female,United States,24.0
216,0.1564703794237904,2.7122786241111303,2.4315498816986314,5.904146867088921,3.5245187083001133,1.496738907192909,2.8893632490399375,5.399738597639974,4.605495240376354,1.2408550074127054,2.8893632490399375,5.399738597639974,1.2408550074127054,7.605495240376354,Engineering,Very Good,Good,0.0,2.0,0.0,0.0,Elizabeth Ruddock,Other,female,India,28.0
217,-0.7795291220948694,2.9822586611921995,1.6857724890181602,2.578131068330569,2.9781143252579008,-1.0010023015589322,1.0034045975313717,87.4650033380113,0.0,-2.386027946440872,1.0034045975313717,87.4650033380113,-2.386027946440872,3.0,Engineering,None,Bad,0.0,0.0,0.0,0.0,Rosemary Adams,Other,female,United States,27.0
218,-0.5498739204527129,2.9138914432336787,2.263595954125921,-1.5411096554731314,2.068720726920505,-2.7035577334339074,0.9815503832389818,10.961437819915119,1.3747328202864506,-1.251099559926401,0.9815503832389818,10.961437819915119,-1.251099559926401,4.37473282028645,Engineering,None,Good,0.0,0.0,0.0,0.0,Jennifer Roberts,Other,female,Canada,36.0
219,-0.16393936708804505,3.4285480140794546,2.3727460661902615,5.725198295781064,3.897577249865242,1.8693166188538768,1.3835107782891307,34.405327369850376,2.0765908110935145,-0.5624103361253407,1.3835107782891307,34.405327369850376,-0.5624103361253407,5.0765908110935145,Sciences,Very Good,Good,0.0,2.0,1.0,0.0,Mary Gallman,Other,female,India,28.0
220,-0.7023334722654699,3.4959383208121775,2.2615556272797646,2.2899349082219076,3.32189507694122,-0.21405563405084624,2.460823306033654,68.76187695319638,3.3656374401484817,0.6355132580980227,2.460823306033654,68.76187695319638,0.6355132580980227,6.365637440148482,Quantitative,Ok,Bad,0.0,0.0,0.0,0.0,Linda Gannaway,Other,female,Canada,23.0
221,1.0516207351325195,2.54031467197559,0.8564701357222975,3.353950588852069,2.1935353742658927,0.4794489729387096,2.9702328021487094,2.1678106110119657,4.339754251225932,0.8552226306293439,2.9702328021487094,2.1678106110119657,0.8552226306293439,7.339754251225932,Engineering,Very Good,Good,0.0,0.0,0.0,0.0,Patricia Faw,Other,female,Australia,22.0
222,-0.2076146111373314,3.535249135876962,3.841885269512937,3.70646379828899,3.8962876128079955,1.7033332137300499,1.5132112142458,75.61628439429285,1.747128731028723,-0.6727626698701862,1.5132112142458,75.61628439429285,-0.6727626698701862,4.747128731028723,Humanities,Ok,Bad,0.0,2.0,0.0,0.0,Phyllis Macchiaroli,Other,female,Mexico,24.0
223,0.9980261216529109,2.633901868962237,3.550917525933098,6.322280650845595,2.868137106842705,-0.021661556866742107,1.3025466446445448,51.367222064634475,1.5970995829556338,-1.2413124823529509,1.3025466446445448,51.367222064634475,-1.2413124823529509,4.597099582955634,Quantitative,Ok,Bad,0.0,0.0,0.0,0.0,Lea Ledbetter,Other,female,India,25.0
224,-0.910417453712372,2.93203899215815,2.461893883000925,1.5536550622709888,2.300649447827787,-4.040564629335461,3.130321483642416,41.41448342371858,5.153615543418907,2.1393196009014415,3.130321483642416,41.41448342371858,2.1393196009014415,8.153615543418907,Engineering,None,Good,1.0,0.0,0.0,0.0,Roberta Rogers,Other,female,India,26.0
225,-1.8066909509685187,1.4174635742849708,1.5143045175871732,0.5067646571999784,0.9623758805402258,-8.974365089493995,1.8246182242953384,49.46326763528089,2.5152726421276257,-0.3068174321870274,1.8246182242953384,49.46326763528089,-0.3068174321870274,5.515272642127625,Engineering,None,Good,1.0,0.0,0.0,0.0,Theresa Myers,Other,female,Australia,25.0
226,1.8156404791464642,3.594212140399633,1.2372411155631973,9.961537368347164,4.855261975483641,8.619024394623143,0.0,70.03098131855782,0.0,-4.097299285962603,0.0,70.03098131855782,-4.097299285962603,3.0,Engineering,Very Good,Good,0.0,2.0,0.0,0.0,Linda Ortiz,Other,female,Mexico,24.0
227,-0.7965571859272041,2.7121612624388387,1.4633098021993722,0.6105658373656913,1.8197952479015633,-4.440597116530637,2.961101863086572,56.739284592708216,4.335017570653728,1.270436204009619,2.961101863086572,56.739284592708216,1.270436204009619,7.335017570653728,Quantitative,Ok,Good,0.0,0.0,0.0,0.0,Jane Mcmahon,Other,female,Canada,21.0
228,0.8195111462008701,2.8266175640106623,1.0977836058306418,8.87052921802994,3.316512786865848,1.9169428367053176,0.0,45.11014550318047,0.0,-3.3172901866520954,0.0,45.11014550318047,-3.3172901866520954,3.0,Engineering,None,Good,0.0,2.0,0.0,0.0,Alicia Erben,Other,female,China,31.0
229,-0.3984919748200875,2.0931084518024052,1.6318290992561149,2.3973599769610088,1.8066868990489906,-4.022084046426455,1.5404415384225973,19.585111551028856,1.9795370672017665,-1.0004552296088474,1.5404415384225973,19.585111551028856,-1.0004552296088474,4.9795370672017665,Engineering,None,Bad,0.0,0.0,0.0,0.0,Janel Shiflet,Other,female,India,22.0
230,0.18478464399206804,3.04810508280913,1.0280414608224229,4.516651252856385,2.078703813941843,-2.6859327253257224,0.24398733509068893,90.45219803204304,0.0,-2.883027581527135,0.24398733509068893,90.45219803204304,-2.883027581527135,3.0,Quantitative,Ok,Bad,0.0,0.0,0.0,0.0,Teresa Moore,Other,female,India,34.0
231,0.28948900786995924,3.919589592678686,2.3061518612354077,3.6051713137373356,3.5733975637336153,2.246675307881055,0.0,14.80893650263797,0.0,-2.7935201027872467,0.0,14.80893650263797,-2.7935201027872467,3.0,Engineering,Ok,Good,0.0,2.0,0.0,0.0,Terrie Hardy,Other,female,Mexico,24.0
232,0.2930372387576394,2.708421024303234,1.133784517254016,4.249179785850306,2.904161288538226,0.9332773106225135,4.230876459385909,2.9326213810745685,7.368985692988265,3.606998028425567,4.230876459385909,2.9326213810745685,3.606998028425567,10.368985692988264,Engineering,None,Good,0.0,0.0,0.0,0.0,Esmeralda Murawski,Other,female,Mexico,22.0
233,-0.572215200116587,2.8565945766355685,1.196925571248681,1.581451496413313,2.136896031114978,-3.241747784301199,0.9219087564432416,51.15452517405056,0.7162528254840077,-1.957532842128129,0.9219087564432416,51.15452517405056,-1.957532842128129,3.7162528254840077,Engineering,Ok,Bad,0.0,0.0,0.0,0.0,Simonne Miller,Other,female,United States,26.0
234,-0.03695066887589759,2.585307188616158,1.8821475365352969,2.973083837453068,2.6557039075960995,-0.7732297748970922,3.2696928468783812,48.852765907405384,5.363831076374888,2.29174001433026,3.2696928468783812,48.852765907405384,2.29174001433026,8.363831076374888,Humanities,Ok,Bad,0.0,0.0,0.0,0.0,Mary Moreno,Other,female,United States,28.0
235,0.16484347546606443,3.0533721378111767,3.1125154054111426,2.8006458811066315,2.6452874518939082,-1.2608186431304036,0.0,64.27047567591637,0.0,-3.899377123388648,0.0,64.27047567591637,-3.899377123388648,3.0,Quantitative,Very Good,Bad,0.0,0.0,0.0,0.0,Mary Miles,Other,female,Mexico,25.0
236,-0.045227953199319354,2.6714292623895606,1.536477204590523,1.9218584943117127,1.7365402940001082,-3.711766879462497,2.5476501705323003,7.90801822490149,4.428491632694845,1.4924844296050412,2.5476501705323003,7.90801822490149,1.4924844296050412,7.428491632694845,Quantitative,Ok,Bad,0.0,0.0,0.0,0.0,Tonya Strother,Other,female,United States,24.0
237,-0.6898762850465748,2.6860903843780273,2.0456376076900074,2.3088422321313304,2.033756135069793,-4.4485602701937825,1.1994248968771783,9.541452496117557,1.5734189330608448,-1.3418047445420753,1.1994248968771783,9.541452496117557,-1.3418047445420753,4.573418933060845,Humanities,Ok,Good,0.0,0.0,0.0,0.0,Beth Banks,Other,female,Canada,22.0
238,-0.02299991876762756,2.524392502069212,2.05920166882686,2.044509635783558,1.9399859220487141,-3.0792804751738534,0.6287495848772622,81.62669044522161,0.0,-3.0729944110935232,0.6287495848772622,81.62669044522161,-3.0729944110935232,3.0,Engineering,None,Good,0.0,0.0,0.0,0.0,Jennifer Gallegos,Other,female,China,24.0
239,0.4130486378151103,3.2601623189569553,1.8014014813074348,3.6440332825016513,2.9555922080316535,0.8446626073666786,1.4207831550876309,8.277207446620277,1.9584850878514541,-1.2238498666958137,1.4207831550876309,8.277207446620277,-1.2238498666958137,4.958485087851454,Engineering,Ok,Bad,0.0,0.0,0.0,0.0,Sheena Toledo,Other,female,Mexico,30.0
