,Names,GPA,Avg Commute Time,Cultural Fit,Technical Aptitude,Soft Skills,Employee Referral,Years of Experience,Leadership Capability,Race,Sex,Age,Birth Origin,Education,Undergraduate Degree,Educational Prestige,Sports,Criminal Record,Arrest Records,LinkedIn Score,Responsible Social Media Use,HireVue Score
0,Lois Adler,3.708897503341717,88.27596935518804,1,3,1.0,0.0,5.0,0.2826483575299649,1,1,34.0,United States,1,Engineering,2,None,0.0,0.0,2,1.0,1
1,David Zemlicka,2.50947879892344,55.5385461829527,0,1,0.0,0.0,5.0,0.4339323241749562,1,0,23.0,India,1,Humanities,1,None,0.0,0.0,0,1.0,0
2,Phillip Jaeger,3.953865357862702,8.582957163947828,0,1,0.0,0.0,1.0,0.4039639687081633,0,0,22.0,United States,1,Humanities,2,Club/Intramural,0.0,0.0,0,1.0,0
3,Nadine Harrison,2.265371789050575,12.812166668456053,1,1,0.0,0.0,3.0,0.5919502420473074,0,1,29.0,United States,1,Sciences,3,NCAA/Professional,0.0,0.0,0,1.0,0
4,Wilbert Crum,3.7536645094900063,75.13264341124312,2,1,0.0,0.0,3.0,0.15645249804398348,0,0,31.0,India,2,Engineering,1,NCAA/Professional,0.0,0.0,1,1.0,1
5,Randy Norris,3.255502881901257,16.577637158574525,1,2,1.0,0.0,1.0,0.5422066642934416,2,0,27.0,United States,1,Humanities,3,Club/Intramural,0.0,0.0,1,1.0,1
6,Richard Reich,4.313529741539811,31.66664732402305,1,1,0.0,0.0,1.0,0.4083264766725236,4,0,22.0,United States,1,Quantitative,1,None,0.0,0.0,0,1.0,1
7,Richard Murphy,3.5174396110217785,20.7188875673751,2,1,0.0,1.0,2.0,0.382984187271994,0,0,22.0,United States,1,Humanities,3,None,0.0,0.0,1,1.0,2
8,Gordon Crawford,3.6484422796592066,40.76575185143875,0,3,0.0,0.0,3.0,-0.023131360128017642,2,0,30.0,Mexico,1,Engineering,1,None,0.0,0.0,2,1.0,0
9,Norma Hernandez,3.023902009408898,16.401283076160414,1,3,0.0,0.0,5.0,0.5552203222459839,0,1,25.0,United States,2,Humanities,2,None,0.0,0.0,1,1.0,1
10,Guy Spurlock,3.480848178771775,10.18166098986854,0,0,0.0,0.0,4.0,0.38515240849797594,0,0,24.0,United States,1,Quantitative,1,Club/Intramural,0.0,0.0,2,1.0,0
11,Sydney Marsh,2.8599896599096137,54.2063334447096,1,4,0.0,0.0,3.0,0.08304023728833898,1,1,31.0,United States,1,Sciences,2,None,0.0,0.0,0,1.0,0
12,Barbara Sandberg,3.847214165608572,33.3291082205408,2,1,0.0,0.0,4.0,0.6092266582291721,0,1,38.0,United States,1,Quantitative,1,None,0.0,0.0,1,1.0,2
13,Teresa Garza,3.158135827531915,22.54371399157744,2,0,0.0,0.0,5.0,0.24307677439560904,4,1,26.0,United States,2,Humanities,2,NCAA/Professional,0.0,0.0,0,1.0,2
14,Deborah Franks,3.0341549175361133,23.997372799314086,2,4,0.0,1.0,2.0,0.8266713631776297,0,1,26.0,United States,1,Engineering,2,None,0.0,0.0,0,1.0,1
15,Randall Manley,3.6001499929866716,58.40463697278989,2,3,0.0,0.0,2.0,0.659501086915724,0,0,31.0,China,1,Quantitative,1,NCAA/Professional,0.0,0.0,1,1.0,1
16,Tara Freitas,2.775041888504982,86.43317851924054,0,1,0.0,0.0,2.0,0.2041623293355141,0,1,26.0,United States,1,Humanities,3,Club/Intramural,0.0,0.0,0,1.0,0
17,Frank Szymansky,3.3170191743675153,66.90544267545043,0,1,0.0,1.0,3.0,0.9026387850395221,0,0,25.0,United States,2,Humanities,1,None,0.0,0.0,1,1.0,1
18,Joanne Owens,2.9722625410988144,13.766982829703627,2,2,0.0,0.0,5.0,0.4283137718416671,2,1,35.0,United States,0,None,0,None,0.0,0.0,0,1.0,0
19,Christopher Dorsett,2.2473449813193294,52.504943346548,2,2,0.0,0.0,3.0,0.5061520536460701,0,0,33.0,United States,1,Engineering,3,Club/Intramural,0.0,0.0,1,1.0,0
20,Frank Hanna,2.996355549843615,81.42469293967466,0,0,0.0,0.0,5.0,0.12415085574148715,0,0,31.0,United States,1,Sciences,2,None,0.0,0.0,0,1.0,1
21,Kyle Smith,2.988963771754606,13.204569981469893,0,1,0.0,1.0,2.0,0.5078535298702068,0,0,24.0,Canada,1,Engineering,1,None,0.0,1.0,2,1.0,1
22,Brenda Keith,3.2384916486704225,9.965365483942229,2,0,0.0,0.0,5.0,0.6641934618093138,2,1,28.0,United States,2,Engineering,1,Club/Intramural,0.0,0.0,1,1.0,0
23,Victor Clarke,3.5368728014267514,48.99330064130893,2,4,0.0,0.0,4.0,-0.018802723016596024,2,0,31.0,United States,1,Sciences,1,NCAA/Professional,0.0,0.0,2,1.0,2
24,John Flores,4.009370385763408,24.855387220674306,2,1,0.0,0.0,4.0,0.8614496036911032,0,0,24.0,United States,1,Humanities,2,Club/Intramural,0.0,0.0,0,1.0,2
25,Carol Endres,2.8561454028052635,1.4574135513807676,1,4,0.0,0.0,2.0,0.8176295271970626,0,1,26.0,United States,0,None,0,None,0.0,1.0,1,1.0,0
26,Susan Moton,2.9405016597604465,51.74692775117775,0,1,0.0,0.0,3.0,0.5594854433796804,0,1,26.0,United States,1,Engineering,1,None,0.0,0.0,1,1.0,0
27,Patricia Pearson,3.5536589947753114,87.27822195389449,1,1,1.0,0.0,0.0,0.5975734258486787,0,1,30.0,China,1,Humanities,2,None,0.0,0.0,1,1.0,2
28,Stephen Carroll,3.042467159503125,62.76582513180243,2,4,0.0,0.0,4.0,0.42802214834894153,0,0,27.0,United States,2,Engineering,1,Club/Intramural,0.0,0.0,1,1.0,0
29,Thomas Hoffman,2.5461803349784025,24.593402411396937,2,2,0.0,0.0,4.0,0.8847932519618162,0,0,31.0,United States,1,Humanities,2,None,0.0,0.0,1,1.0,2
30,Gonzalo Seales,2.882190831385852,13.485637701878261,2,2,0.0,0.0,3.0,0.6179054528742606,0,0,28.0,United States,1,Sciences,1,Club/Intramural,0.0,0.0,1,1.0,1
31,Orlando Kim,3.249545348275787,24.96087304326399,2,2,0.0,0.0,3.0,0.6554304626645941,1,0,24.0,United States,1,Humanities,3,Club/Intramural,0.0,0.0,1,1.0,1
32,Harold Fabian,3.581776879054027,26.880921429762008,0,3,1.0,0.0,3.0,0.27197600268910505,0,0,33.0,United States,1,Humanities,1,None,0.0,0.0,2,1.0,2
33,James Stallard,3.466572250504141,46.16141534650842,2,3,0.0,0.0,4.0,0.42266492741429956,3,0,32.0,United States,1,Sciences,1,Club/Intramural,0.0,0.0,2,1.0,2
34,Harry Minton,3.378347393669313,35.41193898735085,2,2,1.0,0.0,3.0,0.9974818854971209,0,0,25.0,United States,1,Quantitative,2,None,0.0,0.0,1,1.0,1
35,Steven Bush,2.6912193242952727,69.64058827690529,2,4,0.0,0.0,3.0,-0.0669644615713294,0,0,26.0,United States,1,Quantitative,2,None,0.0,0.0,2,1.0,2
36,Frederick Maclean,2.402618894226347,30.942602730765515,2,1,0.0,0.0,4.0,0.48612162556309996,0,0,22.0,United States,1,Sciences,1,None,0.0,0.0,1,1.0,2
37,Jeffrey Diehl,2.505844963943269,16.360959664061696,0,1,0.0,0.0,2.0,0.351095417165993,0,0,25.0,United States,1,Engineering,3,None,0.0,0.0,1,1.0,1
38,Nicholas Finley,2.376110839767977,7.986674087305598,0,1,0.0,0.0,5.0,0.7575796386436848,0,0,21.0,United States,1,Quantitative,3,Club/Intramural,1.0,1.0,0,1.0,0
39,Toby Hernandez,2.993226419883141,0.76372104979583,0,0,0.0,0.0,1.0,0.06474963030551667,1,0,32.0,United States,2,Engineering,1,None,0.0,0.0,0,1.0,1
40,Darnell Owens,2.937504005164857,41.12039148808638,2,1,0.0,0.0,0.0,0.7021779660600943,0,0,25.0,United States,1,Sciences,2,NCAA/Professional,0.0,0.0,1,1.0,2
41,Al Madera,4.1548013102697094,24.652740499912404,1,1,0.0,0.0,2.0,0.03635452898631564,0,0,28.0,United States,2,Sciences,2,None,0.0,0.0,0,1.0,2
42,Danny Drennan,3.275087516687773,24.49993052629637,0,3,0.0,0.0,6.0,0.4297490063928446,1,0,26.0,United States,2,Engineering,2,None,0.0,0.0,0,1.0,1
43,Johnny Archibald,2.385552680176886,85.76254287798349,0,3,1.0,0.0,2.0,0.3410190703554326,2,0,23.0,United States,1,Quantitative,1,Club/Intramural,0.0,0.0,1,1.0,1
44,Susan Ferrell,3.1584057399997802,43.67697563163449,0,3,0.0,0.0,4.0,-0.2104873092504188,0,1,27.0,United States,1,Sciences,2,None,0.0,0.0,1,1.0,2
45,Susan Bob,3.9599832514298003,23.832216941632232,1,2,0.0,0.0,0.0,0.03821112520108705,2,1,32.0,United States,1,Engineering,2,None,0.0,0.0,1,1.0,0
46,Krystle Senior,3.2836459764089674,39.66945643983412,2,2,0.0,0.0,4.0,0.27261188670138736,0,1,25.0,United States,1,Engineering,1,NCAA/Professional,0.0,0.0,0,1.0,2
47,Carol Speight,3.713372594054909,99.30440688667191,0,1,0.0,0.0,3.0,0.312167193622246,1,1,30.0,United States,1,Engineering,2,None,0.0,0.0,1,1.0,0
48,Mary Brown,3.872764982337616,29.90589908751388,1,2,0.0,0.0,3.0,-0.24355256511740297,0,1,27.0,China,1,Humanities,2,None,0.0,0.0,1,1.0,0
49,Virginia Allen,3.3451673175508443,69.71756581242585,1,4,0.0,0.0,1.0,0.36273996222189,0,1,27.0,United States,2,Humanities,2,None,0.0,0.0,1,1.0,0
50,Andrea Locke,2.3117193652695027,84.5132272429767,1,0,0.0,0.0,2.0,0.20116213535646443,3,1,26.0,United States,1,Engineering,2,Club/Intramural,0.0,0.0,1,1.0,0
51,Tyler Crosby,3.7644365029904012,88.89147421103327,1,4,0.0,0.0,3.0,0.6713744837604885,0,0,24.0,United States,1,Humanities,2,None,0.0,0.0,1,1.0,1
52,Richard Beisch,4.19651011093372,44.088852410670064,2,0,0.0,0.0,3.0,0.5061571731756838,2,0,21.0,United States,1,Quantitative,2,None,0.0,0.0,2,1.0,2
53,Alvin Martinez,2.590274046939895,12.979375178094639,1,2,0.0,0.0,3.0,0.6066651395405684,0,0,32.0,United States,1,Humanities,3,Club/Intramural,0.0,0.0,2,1.0,2
54,Nancy Clark,1.8012974249799063,17.59861423970299,2,1,0.0,0.0,5.0,0.27326825670712707,0,1,26.0,United States,1,Quantitative,3,None,0.0,0.0,2,1.0,2
55,Shonda Sanchez,4.198755357540933,10.96793858744979,2,4,0.0,0.0,2.0,0.5323186519733645,1,1,28.0,United States,1,Quantitative,1,Club/Intramural,0.0,0.0,0,1.0,0
56,Andrea Nunez,2.801673974393719,51.272488230826724,2,1,0.0,0.0,5.0,0.25264142348644913,1,1,23.0,United States,2,Humanities,1,None,0.0,0.0,1,1.0,0
57,Valerie Brady,2.941775830072266,65.71531672409084,1,0,1.0,0.0,1.0,0.46264996672107106,0,1,27.0,United States,1,Humanities,1,None,0.0,0.0,1,1.0,1
58,James Wright,2.689836378132442,51.81174210006082,2,3,0.0,0.0,5.0,0.49948918997516395,1,0,22.0,United States,2,Engineering,1,NCAA/Professional,0.0,0.0,0,1.0,0
59,Thomas Cloud,2.7238842670502788,17.097503913226664,1,0,0.0,0.0,4.0,0.45764841538276346,0,0,33.0,United States,2,Sciences,1,None,0.0,0.0,1,1.0,0
60,Richard Glenn,2.756140085917563,62.34525827866497,0,1,0.0,0.0,2.0,0.6527158298240558,0,0,24.0,United States,1,Quantitative,2,None,0.0,0.0,1,1.0,1
61,Rene Roupe,3.4645111656500047,82.24998666096077,1,3,0.0,0.0,1.0,0.3290144920693383,4,0,26.0,United States,1,Quantitative,1,Club/Intramural,0.0,0.0,2,1.0,2
62,Kim Michael,2.891980509109043,7.752643202467318,0,3,0.0,0.0,4.0,0.49980800775240103,2,1,34.0,United States,1,Sciences,1,Club/Intramural,0.0,0.0,0,1.0,2
63,Louise Catton,3.9924883100144815,26.342921245264147,0,0,1.0,0.0,3.0,0.4156013454810822,0,1,25.0,United States,1,Sciences,2,None,0.0,0.0,1,1.0,0
64,George Brew,3.0389827313219233,54.01779953077421,0,3,1.0,0.0,3.0,0.7306998867850547,0,0,26.0,United States,1,Engineering,1,None,0.0,0.0,0,1.0,1
65,Joe Wells,2.326386183154616,3.627751976135592,1,0,0.0,1.0,3.0,0.24750507784635933,0,0,30.0,United States,1,Engineering,1,None,0.0,0.0,2,1.0,1
66,Shannon Grosse,3.0730548104401243,22.904060492759047,0,3,0.0,0.0,3.0,0.7358459187904093,0,1,25.0,United States,1,Sciences,1,None,0.0,0.0,1,1.0,0
67,Roger Zuehlke,2.9068290220721225,78.43699431128128,2,2,0.0,0.0,5.0,0.29530780783696214,3,0,25.0,Canada,1,Engineering,1,Club/Intramural,0.0,0.0,0,1.0,2
68,Kristin Galow,3.9982242715313094,48.7678700657581,0,2,0.0,0.0,3.0,0.4391502148567399,0,1,22.0,United States,1,Quantitative,3,None,1.0,1.0,0,1.0,0
69,Jordan Fonville,3.515455652768785,47.736364384187794,1,0,0.0,1.0,4.0,0.3633301323807109,0,0,23.0,United States,1,Engineering,2,None,0.0,0.0,1,1.0,0
70,Dennis Delarosa,3.1582119516638834,74.73615854737747,2,1,0.0,0.0,2.0,0.5952020652872384,0,0,35.0,United States,1,Humanities,1,None,0.0,0.0,1,1.0,1
71,Virginia Martin,4.05360951830989,6.984423538483497,1,4,0.0,0.0,1.0,0.27885014080313153,0,1,31.0,Mexico,1,Quantitative,2,None,0.0,0.0,0,1.0,2
72,Charles Mccoy,2.8429409441346882,32.75336138178534,1,0,0.0,0.0,2.0,0.5875147264298644,0,0,22.0,United States,0,None,0,None,0.0,0.0,0,1.0,0
73,Scott Alvarez,3.850582041739342,31.654104434050854,0,0,0.0,0.0,1.0,0.540850624796725,0,0,25.0,United States,1,Sciences,2,None,0.0,0.0,1,1.0,2
74,Robert Waldron,3.3959257383619175,33.28218840993674,0,4,0.0,0.0,4.0,0.5115847731539858,2,0,26.0,United States,1,Humanities,3,None,0.0,0.0,1,1.0,2
75,Carol Murphy,3.317052727103607,17.568144545950247,1,1,0.0,0.0,2.0,1.0983913200928153,4,1,23.0,United States,1,Sciences,2,Club/Intramural,0.0,0.0,1,1.0,1
76,Donald Holmes,2.624752667361137,77.58764374429178,0,1,0.0,1.0,3.0,0.44740979163446526,4,0,33.0,United States,1,Engineering,1,None,0.0,0.0,1,1.0,2
77,Matthew Ortiz,4.271591336872101,1.1224053321572,2,3,0.0,0.0,3.0,0.7116128983922666,0,0,26.0,United States,2,Quantitative,2,Club/Intramural,0.0,0.0,1,1.0,0
78,Daniel Anderson,3.55223727353279,6.845388133762302,2,4,1.0,0.0,3.0,0.4023257527972065,1,0,25.0,United States,2,Quantitative,2,None,0.0,0.0,0,1.0,2
79,Jennifer Emmons,3.5502089515974995,30.092833198388647,1,3,0.0,0.0,4.0,0.5497232537044836,0,1,28.0,United States,1,Humanities,2,None,0.0,0.0,0,1.0,0
80,Daniel Gasca,2.5530397111786995,2.3944027433355153,0,3,0.0,0.0,1.0,0.6464194495137865,1,0,29.0,United States,1,Sciences,1,Club/Intramural,0.0,0.0,1,1.0,0
81,Desiree Roberts,3.28510914121648,10.530708481439468,0,3,0.0,0.0,5.0,0.7592092480779512,0,1,25.0,United States,1,Humanities,1,Club/Intramural,0.0,0.0,1,1.0,0
82,Walter Yerkovich,2.2662831390709455,16.385489326183865,0,0,0.0,0.0,3.0,0.17621720925849987,2,0,33.0,Canada,1,Quantitative,3,NCAA/Professional,0.0,0.0,1,1.0,2
83,Mark Gross,2.9207827242301043,2.604853558809225,2,2,0.0,0.0,4.0,0.2408813570378644,0,0,26.0,United States,1,Quantitative,2,None,0.0,0.0,2,1.0,0
84,Jason Curtis,2.9618034172666285,33.13693572125667,0,4,0.0,0.0,3.0,0.5124938390137194,1,0,22.0,United States,1,Quantitative,2,None,0.0,0.0,1,1.0,0
85,David Mathes,2.8627846012964846,39.32259472090729,1,2,0.0,0.0,4.0,0.27730021623077783,3,0,31.0,United States,2,Quantitative,2,None,0.0,0.0,1,1.0,0
86,Annette Wood,2.8499752894865846,47.429711559811615,2,0,0.0,1.0,5.0,0.44995852519546303,0,1,35.0,Australia,2,Quantitative,1,Club/Intramural,0.0,0.0,2,1.0,0
87,Theresa Brunke,2.9521027091717555,34.872884579225406,1,0,1.0,0.0,3.0,0.3916237955820602,0,1,44.0,China,1,Engineering,1,Club/Intramural,0.0,0.0,2,1.0,2
88,Quinn Stevenson,4.001878848003259,67.81919389125903,0,1,0.0,0.0,1.0,0.006766001028451707,0,0,29.0,United States,2,Humanities,1,Club/Intramural,0.0,0.0,1,1.0,1
89,Charline Harrell,3.9094971641099985,6.162990597327195,2,0,0.0,1.0,4.0,0.5894490233567222,1,1,22.0,United States,1,Engineering,2,Club/Intramural,0.0,0.0,2,1.0,2
90,Amanda Duckworth,3.466543949903831,21.87263152494351,1,3,0.0,0.0,2.0,0.06734930471229905,2,1,25.0,Canada,1,Quantitative,2,None,0.0,0.0,1,1.0,0
91,Brigette Barber,3.368014024844825,75.14844441328023,1,1,0.0,0.0,1.0,0.3453981777476835,1,1,29.0,United States,1,Humanities,1,Club/Intramural,0.0,0.0,1,1.0,0
92,Jesse Hargrove,3.267677527981407,22.226161680877933,0,0,0.0,0.0,2.0,0.5823771382101323,0,0,21.0,United States,0,None,0,None,0.0,0.0,1,1.0,2
93,Maria Newman,3.7128012625050006,22.700209557126172,1,3,0.0,0.0,2.0,0.42769171607746614,2,1,23.0,United States,2,Humanities,1,Club/Intramural,0.0,0.0,1,1.0,2
94,Amelia Perry,3.1483872926569694,42.42132368226322,1,4,0.0,0.0,2.0,0.8973309294654794,0,1,29.0,United States,1,Sciences,2,None,0.0,0.0,0,1.0,0
95,Daniel Gallegos,4.180959194514489,51.392662028544876,1,1,1.0,1.0,1.0,0.08253028821464914,0,0,25.0,United States,1,Quantitative,1,NCAA/Professional,0.0,0.0,2,1.0,0
96,Alma Anthony,3.186818461760506,20.568904503501223,0,0,0.0,0.0,4.0,0.5964063525251098,0,1,26.0,United States,2,Sciences,2,Club/Intramural,0.0,0.0,1,1.0,2
97,Jay Siegfried,4.206789404938936,45.90175518247153,1,4,0.0,0.0,6.0,0.790684171573129,0,0,33.0,United States,2,Humanities,2,NCAA/Professional,0.0,0.0,2,1.0,0
98,Michael Germain,3.125907413850146,18.910428068570173,0,0,0.0,1.0,1.0,0.4999793383534725,2,0,35.0,United States,2,Sciences,2,None,0.0,0.0,0,1.0,1
99,Susan Lawrence,2.749971982956921,17.924447442492855,2,0,0.0,0.0,3.0,0.9362474517528423,0,1,26.0,United States,1,Humanities,2,None,0.0,0.0,0,1.0,1
100,Anna Sanchez,2.3495129648550037,82.11736448911061,2,0,0.0,0.0,3.0,0.6274845873250842,0,1,23.0,United States,1,Engineering,3,None,0.0,0.0,1,1.0,2
101,Bruce Poston,3.5735966584889107,74.09909173454477,0,0,0.0,0.0,4.0,0.7379362554770746,0,0,28.0,India,2,Quantitative,1,Club/Intramural,1.0,1.0,1,1.0,2
102,Gary Buchanan,2.6513896064020264,3.9704151979177524,0,2,0.0,0.0,1.0,0.23486968540693365,3,0,30.0,Canada,1,Quantitative,2,Club/Intramural,0.0,0.0,1,1.0,2
103,Vesta Gamino,3.0966000829478224,1.137036335260106,2,2,0.0,0.0,2.0,0.33381774065989933,0,1,28.0,United States,2,Engineering,1,None,1.0,0.0,2,1.0,2
104,David Garner,2.6461443135098124,26.27877413719113,1,4,0.0,0.0,2.0,0.5396016144798139,0,0,27.0,United States,1,Humanities,2,Club/Intramural,0.0,0.0,1,1.0,1
105,Benjamin Bishop,4.0973818838053635,62.38269042909287,1,2,0.0,0.0,4.0,0.6660657237842371,4,0,23.0,United States,1,Sciences,2,None,0.0,0.0,0,1.0,1
106,Dennis Sanders,3.531000459940283,34.57557908072508,0,2,0.0,0.0,5.0,0.7713002558189426,0,0,26.0,United States,2,Quantitative,1,None,0.0,0.0,2,1.0,1
107,Peter Hood,3.719929217393825,87.39116359073502,0,1,0.0,0.0,2.0,0.17666115806935268,3,0,23.0,United States,1,Engineering,3,Club/Intramural,0.0,0.0,1,1.0,1
108,Leslie Poole,2.5019121668812065,38.18096477826761,2,3,0.0,0.0,4.0,0.935825109135114,0,0,25.0,United States,2,Sciences,2,None,0.0,0.0,0,1.0,0
109,Nathan Bailey,2.1910457633367857,12.064673926742005,2,0,0.0,0.0,3.0,0.3527806181359522,0,0,22.0,United States,1,Quantitative,3,Club/Intramural,0.0,0.0,2,1.0,2
110,Candace Mccain,3.0308061283385492,10.08434088718767,2,3,0.0,0.0,4.0,0.9431344091054967,0,1,27.0,United States,1,Sciences,3,None,0.0,0.0,2,1.0,0
111,Ryan Crooks,2.7903875237614506,85.82885622399597,1,1,0.0,0.0,3.0,1.0054977641221865,0,0,29.0,Canada,1,Engineering,3,None,0.0,0.0,0,1.0,2
112,Marcus Maddox,3.6031849288718547,40.880463660372406,2,1,0.0,0.0,3.0,0.5769546732495932,0,0,29.0,United States,1,Quantitative,1,Club/Intramural,0.0,0.0,1,1.0,1
113,Jay Sagers,3.6332051927072313,42.94016670383208,0,1,0.0,1.0,3.0,0.42423231909816295,3,0,22.0,Canada,1,Sciences,1,NCAA/Professional,0.0,0.0,2,1.0,2
114,Marjorie Hyden,3.2316936551200968,32.97831786254923,0,1,0.0,0.0,2.0,0.3717495047756276,0,1,25.0,United States,1,Quantitative,2,None,0.0,0.0,0,1.0,2
115,Manuel Mullins,3.2089574605690556,59.96738431964439,2,2,1.0,0.0,4.0,0.5789844774744057,0,0,23.0,United States,1,Humanities,2,None,0.0,0.0,0,1.0,2
116,Gloria Snyder,3.15917070777278,90.23494651445866,2,1,0.0,0.0,2.0,0.3272580134391739,0,1,21.0,United States,1,Quantitative,2,NCAA/Professional,0.0,0.0,1,1.0,1
117,Bobby Easley,3.136553463997973,34.39849853411191,2,1,0.0,0.0,1.0,0.37579388957651233,1,0,24.0,United States,1,Humanities,2,None,1.0,1.0,1,1.0,2
118,Eleanor Smsith,3.471703586151759,81.78772464489539,0,2,0.0,0.0,3.0,0.24443740458733137,2,1,28.0,China,1,Engineering,2,None,0.0,0.0,1,1.0,2
119,Curtis Portnoy,3.605241733254061,79.75881254940734,1,1,0.0,0.0,3.0,0.7511640150799046,0,0,27.0,United States,1,Quantitative,2,Club/Intramural,0.0,0.0,1,1.0,2
120,Courtney Barham,1.9903599759580652,94.91904979440027,2,4,0.0,0.0,5.0,0.31353724099622254,0,1,29.0,United States,1,Engineering,1,None,0.0,0.0,2,1.0,2
121,Nancy Willis,2.904752082660038,5.012805490287814,0,2,0.0,0.0,1.0,0.6080085449585108,0,1,34.0,China,1,Engineering,2,None,0.0,0.0,1,1.0,0
122,Tim Plaisted,1.973246909313071,7.2310978054006085,0,2,0.0,0.0,3.0,1.3191477431489962,2,0,33.0,Canada,1,Engineering,1,None,0.0,0.0,0,1.0,2
123,Donna Heyer,3.209054137255863,17.805973063442387,0,0,0.0,0.0,5.0,0.3921576359203039,0,1,29.0,United States,1,Humanities,1,None,0.0,0.0,1,1.0,0
124,Glenn Scott,2.826949704541813,2.177082366124438,2,1,0.0,0.0,1.0,0.2520677433031109,2,0,33.0,United States,1,Engineering,2,None,0.0,0.0,1,1.0,2
125,Daniel Rojas,3.850334150563081,4.609682680972341,0,2,1.0,0.0,4.0,0.9825369765859613,0,0,30.0,United States,1,Humanities,2,Club/Intramural,1.0,1.0,1,1.0,1
126,William Jarman,3.5370105786649995,11.860269991134846,0,2,0.0,0.0,3.0,-0.05311571620483302,4,0,23.0,United States,2,Quantitative,2,None,0.0,0.0,2,1.0,0
127,Marcy Luna,2.9402291689103532,12.448354787248272,0,2,0.0,0.0,1.0,-0.2725841029610002,0,1,33.0,United States,2,Humanities,2,None,0.0,0.0,0,1.0,2
128,Joyce Wright,2.995155794071039,22.409582132713503,0,1,0.0,0.0,3.0,0.9145469762217816,0,1,29.0,United States,1,Quantitative,1,None,0.0,0.0,0,1.0,1
129,Steve Roberts,3.426625983315778,45.53612270414661,0,4,0.0,0.0,6.0,0.6257617707465531,1,0,26.0,United States,1,Humanities,3,Club/Intramural,0.0,0.0,1,1.0,2
130,Gladys Perciful,3.573275771227207,89.34817300503866,0,4,0.0,0.0,4.0,0.549678787081024,0,1,31.0,United States,1,Humanities,1,Club/Intramural,0.0,0.0,0,1.0,1
131,Vicki Phillips,3.0445491112457406,22.843830780653203,1,3,0.0,0.0,3.0,0.42948787442636294,4,1,26.0,United States,1,Quantitative,3,Club/Intramural,0.0,0.0,2,1.0,2
132,Michelle Nieman,3.1812740855114034,44.73811626523168,1,1,0.0,0.0,4.0,0.5728984391875971,0,1,38.0,United States,1,Sciences,1,None,0.0,0.0,0,1.0,1
133,William King,3.1215302107758256,43.810729164125874,1,2,0.0,0.0,5.0,0.675056678289196,0,0,24.0,United States,1,Engineering,2,Club/Intramural,0.0,0.0,0,1.0,0
134,Helen Vaughn,2.8881309582495036,41.806315128053,2,1,0.0,0.0,6.0,0.021997663142181045,0,1,22.0,United States,1,Humanities,2,None,0.0,0.0,0,1.0,1
135,Heather Porch,2.5459534712383096,37.287032398554075,0,3,0.0,1.0,0.0,0.27669896593554405,2,1,25.0,United States,1,Engineering,2,None,0.0,0.0,1,1.0,1
136,Ricardo Sanez,2.8653888449699263,102.56335074845816,0,4,0.0,0.0,4.0,0.4324359681192757,4,0,32.0,United States,1,Humanities,1,None,0.0,0.0,0,1.0,1
137,Kelly Beard,2.9373322510834647,41.2900233473785,0,3,0.0,0.0,1.0,0.4587940414984158,2,1,23.0,United States,1,Humanities,2,None,0.0,0.0,1,1.0,0
138,Elsie Garza,3.5160158585761807,26.582222931980272,1,3,0.0,0.0,4.0,0.8204572410801607,1,1,21.0,United States,2,Sciences,2,None,0.0,0.0,1,1.0,2
139,Betty Perry,3.4746082298465106,13.466274630575297,0,0,0.0,0.0,3.0,0.6138705488294671,0,1,25.0,Australia,1,Humanities,2,None,0.0,0.0,0,1.0,1
140,Elizabeth Preston,3.478858237097265,14.645758164554612,1,1,0.0,0.0,5.0,0.6680458097669046,0,1,27.0,United States,2,Humanities,2,None,0.0,0.0,0,1.0,0
141,Bernard Smith,2.490264742524282,0.32830282192716354,2,2,1.0,0.0,3.0,0.6146038882412255,0,0,22.0,United States,2,Quantitative,2,Club/Intramural,1.0,0.0,1,1.0,2
142,Ashley Turner,3.6473666678023515,2.423675099719709,2,1,1.0,0.0,1.0,0.4663426601697997,0,1,22.0,United States,1,Humanities,3,NCAA/Professional,1.0,1.0,0,1.0,1
143,Michael Sanders,3.594898626194564,23.514685698424437,1,3,0.0,0.0,2.0,0.7585472589612478,0,0,32.0,United States,1,Quantitative,2,None,0.0,0.0,1,1.0,1
144,Willie Gebauer,4.208761167588151,9.875791144213629,1,3,0.0,0.0,3.0,0.13171655353571854,0,0,30.0,United States,1,Quantitative,2,Club/Intramural,1.0,1.0,1,1.0,1
145,Martin Moss,3.9782844164140574,32.48818483889428,1,1,0.0,0.0,3.0,0.8224624451351563,0,0,24.0,United States,1,Engineering,1,None,0.0,0.0,0,1.0,2
146,Robert Brown,3.7381848140788208,58.17094334859149,0,4,1.0,0.0,3.0,0.7504252511095054,4,0,32.0,United States,1,Engineering,2,Club/Intramural,0.0,0.0,1,1.0,2
147,Rafael Arias,3.5360107405566605,10.408102221862578,2,0,0.0,0.0,3.0,0.5732949263642751,1,0,23.0,India,1,Sciences,1,None,0.0,0.0,0,1.0,2
148,Tom Bowman,3.7449408017694443,73.43885624285264,1,3,0.0,0.0,3.0,0.4014297577829934,0,0,28.0,United States,0,None,0,None,0.0,0.0,1,1.0,1
149,Douglas Bryant,3.150506144891007,74.0843416273911,2,4,1.0,0.0,1.0,0.06390237202363674,0,0,31.0,Canada,1,Humanities,2,NCAA/Professional,0.0,0.0,0,1.0,0
150,Jerome Anaya,3.3751271174502318,10.664532720236306,2,2,1.0,0.0,3.0,0.5301202520656454,0,0,22.0,United States,1,Sciences,2,Club/Intramural,0.0,0.0,1,1.0,2
151,Phil Eubanks,4.0139171358869286,17.831910841039367,0,4,0.0,0.0,4.0,0.9989482456991494,0,0,25.0,United States,2,Quantitative,1,NCAA/Professional,0.0,0.0,2,1.0,1
152,Cindy Poe,3.172833801541924,44.05692393277924,2,2,0.0,0.0,4.0,1.0089658472356862,0,1,28.0,United States,1,Humanities,2,None,0.0,0.0,2,1.0,0
153,James Snyder,4.298415417123011,57.50545510112722,2,4,0.0,0.0,3.0,0.29321439503091423,0,0,30.0,United States,0,None,0,None,0.0,0.0,0,1.0,0
154,Dawn Oktavec,2.95472712592382,67.198723381782,0,0,0.0,0.0,3.0,0.43321708041971363,0,1,22.0,United States,2,Quantitative,1,Club/Intramural,0.0,0.0,0,1.0,2
155,Cheryl Carrigan,3.93409019153748,78.0380241189168,1,3,0.0,0.0,3.0,0.7790793221343557,1,1,24.0,United States,1,Quantitative,2,None,0.0,0.0,2,1.0,0
156,Jessica Breedlove,2.5811645193684054,13.492856212822865,0,0,0.0,0.0,1.0,0.9313340363203538,0,1,33.0,United States,1,Quantitative,2,NCAA/Professional,0.0,0.0,1,1.0,0
157,Jaime Rogers,3.911097878085955,4.248458201120393,2,0,0.0,0.0,4.0,0.41790434087301354,0,0,27.0,United States,1,Sciences,1,Club/Intramural,0.0,0.0,1,1.0,2
158,Angel Stokes,2.852736246411203,18.555655052559416,0,2,0.0,0.0,3.0,0.8198532718344238,0,0,27.0,United States,1,Quantitative,2,NCAA/Professional,0.0,0.0,0,1.0,2
159,Katherine Perkins,4.285906686061666,79.33285332044731,0,3,0.0,0.0,1.0,0.11835863085198989,0,1,26.0,United States,1,Engineering,2,Club/Intramural,1.0,1.0,2,1.0,2
160,Shawn Smiley,3.0845899684521245,17.47756252810197,0,0,1.0,0.0,5.0,0.6782205639932011,0,0,27.0,United States,2,Sciences,2,None,0.0,0.0,1,1.0,2
161,Anna Kelly,2.4794679516334908,85.4739203623815,0,3,0.0,0.0,5.0,0.5892399495265063,0,1,25.0,United States,2,Humanities,2,None,0.0,0.0,1,1.0,0
162,Robert Yuhasz,2.2299672995862485,48.635449475903656,2,2,0.0,0.0,4.0,0.10509961923021471,0,0,23.0,United States,1,Engineering,1,None,0.0,0.0,1,1.0,1
163,Jared Pepe,2.6405543930370143,31.951418969513178,1,2,0.0,0.0,1.0,0.2279960212642465,0,0,24.0,United States,1,Quantitative,1,None,0.0,0.0,1,1.0,0
164,Lula Mosley,3.2054889998994267,43.7433179289915,0,3,0.0,0.0,6.0,0.4446616246126771,0,1,27.0,India,2,Humanities,2,NCAA/Professional,0.0,0.0,0,1.0,0
165,Tammy Draper,2.671258953840699,7.709522013385158,0,1,0.0,0.0,2.0,0.7012150909280044,0,1,26.0,Australia,1,Sciences,2,None,0.0,0.0,1,1.0,1
166,Terry Williams,2.8713076716148276,0.330039435331301,0,4,0.0,0.0,4.0,0.8002288579170678,0,0,25.0,United States,1,Quantitative,2,Club/Intramural,0.0,1.0,1,1.0,0
167,Timothy Ramp,2.8574181482051464,78.62652058256171,2,0,1.0,1.0,2.0,0.30954252250293357,0,0,23.0,United States,1,Humanities,3,None,0.0,0.0,1,1.0,2
168,Kelly Cruzan,3.4693001318190406,65.75262617011693,0,3,0.0,0.0,1.0,0.5601915115800093,0,1,26.0,Australia,0,None,0,None,0.0,0.0,2,1.0,2
169,Kelly Mcintire,3.292299958810019,83.33344718721186,1,2,0.0,0.0,3.0,0.44249752198354464,1,1,22.0,United States,0,None,0,None,0.0,0.0,1,1.0,0
170,Jason Moore,3.155556050629369,23.578340767027093,2,4,1.0,0.0,4.0,0.3464240582404654,0,0,28.0,United States,1,Engineering,1,Club/Intramural,0.0,0.0,1,1.0,2
171,Sylvester Young,2.731154973441098,69.62505473292417,0,1,0.0,0.0,0.0,0.1727522863132715,0,0,32.0,United States,1,Engineering,2,None,0.0,0.0,1,1.0,1
172,Russell Deltoro,2.682186822216612,19.719009690005116,1,4,0.0,0.0,2.0,0.35845075535999393,0,0,24.0,United States,1,Sciences,3,None,0.0,0.0,2,1.0,2
173,Ann Lund,2.9194050351734084,39.59372100399836,2,2,0.0,0.0,1.0,0.38483199197905327,0,1,26.0,United States,1,Engineering,2,Club/Intramural,0.0,0.0,2,1.0,2
174,Christopher Harnish,3.035212027772259,11.445959279112586,0,3,0.0,0.0,5.0,0.44957394870163175,0,0,21.0,United States,1,Humanities,2,None,0.0,0.0,1,1.0,2
175,Mary Cunningham,2.8703289781762797,98.22472330793494,2,3,1.0,0.0,3.0,0.6209849597379868,0,1,33.0,United States,1,Quantitative,2,None,0.0,0.0,0,1.0,2
176,Jasper Vega,2.477628127209296,38.76995904977038,0,4,0.0,0.0,5.0,0.3895795439828336,0,0,24.0,United States,1,Humanities,2,NCAA/Professional,0.0,0.0,1,1.0,0
177,Billie Weiss,2.6415956916521806,7.274012860460843,1,0,0.0,0.0,1.0,0.7014853494076746,0,1,28.0,United States,2,Quantitative,2,Club/Intramural,1.0,1.0,1,1.0,1
178,Paul Betterman,3.2690691057555443,18.311355464774085,0,4,0.0,1.0,1.0,0.511528046024533,0,0,30.0,United States,2,Engineering,2,None,0.0,0.0,0,1.0,2
179,Solomon Jardell,2.8482983887786872,35.296035857538634,0,4,0.0,0.0,3.0,0.6053127491580155,2,0,22.0,United States,1,Quantitative,2,Club/Intramural,0.0,0.0,2,1.0,0
180,Jason Walls,2.7001922423371894,16.308455987191945,0,2,0.0,0.0,3.0,0.03225332792888458,0,0,23.0,United States,1,Quantitative,2,NCAA/Professional,1.0,1.0,0,1.0,1
181,Aileen Lee,2.4972012715798266,35.42216887756511,2,3,0.0,0.0,5.0,0.5111938991450358,0,1,32.0,United States,1,Sciences,1,None,0.0,0.0,1,1.0,0
182,Chris Blanks,2.762075654463565,64.98981193946409,1,1,0.0,0.0,5.0,0.6290700342069616,0,0,26.0,United States,2,Engineering,2,Club/Intramural,0.0,0.0,1,1.0,1
183,Domonique Litzenberger,3.3100795985884126,16.176088522852307,1,2,0.0,0.0,3.0,0.4830368839638337,0,1,29.0,United States,1,Quantitative,2,Club/Intramural,0.0,0.0,1,1.0,0
184,Dana Black,3.0549645569397876,7.199011781764739,0,0,1.0,0.0,5.0,0.9534611541362041,0,0,25.0,United States,1,Quantitative,2,None,0.0,0.0,0,1.0,1
185,Daniel Espericueta,3.3020554430630966,24.19491806374019,1,1,0.0,0.0,2.0,0.3174129414595406,0,0,27.0,United States,1,Engineering,1,NCAA/Professional,0.0,0.0,1,1.0,1
186,Richard Stapler,2.4916310676749323,23.379013873230246,0,3,0.0,0.0,6.0,0.6409934722093988,1,0,23.0,United States,1,Sciences,2,Club/Intramural,0.0,0.0,0,1.0,1
187,Gertrude Wiles,3.8053579644357183,19.637250206553432,0,1,0.0,0.0,0.0,0.22049533833809515,0,1,28.0,United States,1,Quantitative,1,None,0.0,0.0,0,1.0,0
188,Doreen Simkins,3.454480770123258,14.678227561942894,1,4,0.0,0.0,2.0,0.25447888713390865,3,1,28.0,United States,1,Humanities,3,Club/Intramural,0.0,0.0,1,1.0,1
189,Jeanette Wynn,2.609620135993502,49.78768000495847,0,1,0.0,0.0,4.0,0.8396668281267222,0,1,26.0,United States,1,Humanities,1,Club/Intramural,0.0,0.0,0,1.0,2
190,April Curtis,4.098675841147715,16.533556718536367,1,1,1.0,0.0,2.0,0.2966235621329693,0,1,24.0,United States,1,Engineering,2,Club/Intramural,0.0,0.0,1,1.0,2
191,Kerry Gutshall,4.1436959484930105,25.136172832320426,0,4,0.0,0.0,2.0,0.5911340477980311,2,0,24.0,United States,1,Quantitative,1,Club/Intramural,0.0,0.0,0,1.0,1
192,Clinton Millican,3.177626941410284,6.601081547086764,0,3,0.0,0.0,6.0,0.5821695757704093,0,0,27.0,United States,1,Humanities,3,None,0.0,0.0,1,1.0,2
193,David Whaley,2.637181511185073,22.04699876897166,1,2,0.0,0.0,2.0,0.8590055877442928,0,0,27.0,United States,1,Engineering,3,None,0.0,0.0,1,1.0,2
194,Thomas Wright,3.276492207142451,32.55013584156867,0,2,0.0,0.0,3.0,0.06772721231472156,0,0,29.0,United States,1,Quantitative,2,None,0.0,0.0,2,1.0,1
195,Dudley Carmody,3.4042699448475284,26.619550920870005,2,0,0.0,0.0,2.0,0.7666510989492723,1,0,24.0,United States,1,Humanities,1,None,0.0,0.0,0,1.0,0
196,James Phillips,3.853351158875032,35.57588384330227,2,4,0.0,0.0,4.0,0.27093420082411146,0,0,23.0,United States,1,Humanities,3,None,0.0,0.0,0,1.0,2
197,Jennifer Chapman,3.018327633793656,60.859738381413514,2,0,0.0,0.0,2.0,0.4824563988564139,0,1,22.0,United States,2,Humanities,3,Club/Intramural,0.0,0.0,1,1.0,0
198,Steven King,2.735744991773823,21.24133373145863,2,2,0.0,0.0,6.0,0.7860402806624618,0,0,24.0,United States,2,Humanities,2,None,0.0,0.0,0,1.0,0
199,Curtis Hatton,3.7869104094633235,64.26443842624134,0,0,0.0,0.0,4.0,0.5359066323302436,2,1,24.0,United States,1,Engineering,3,Club/Intramural,0.0,0.0,0,1.0,0
200,Richard Lettieri,3.3330271091674564,74.17556614938925,1,3,0.0,0.0,3.0,0.5934602142265506,0,0,22.0,Canada,1,Humanities,2,Club/Intramural,0.0,0.0,1,1.0,2
201,David Grace,4.045101021840003,45.77229527682346,2,2,0.0,0.0,5.0,0.3711293663495223,2,0,37.0,United States,1,Sciences,2,NCAA/Professional,0.0,0.0,1,1.0,0
202,Connie Fletcher,3.531247899017407,81.72288418023263,2,2,0.0,0.0,4.0,0.4123616085002619,0,1,24.0,United States,1,Sciences,1,None,0.0,0.0,0,1.0,2
203,Deborah Flowers,3.3492006087413584,34.9656346091258,2,3,0.0,0.0,2.0,0.357980169938389,0,1,27.0,United States,0,None,0,None,0.0,0.0,1,1.0,1
204,Jeff Mckay,3.0574012262118466,94.02049764444827,2,0,0.0,0.0,3.0,0.40646778037091963,1,0,25.0,United States,1,Sciences,2,Club/Intramural,0.0,0.0,1,1.0,1
205,Jefferson Mcneil,2.5269505740615417,76.70264292142534,2,2,0.0,0.0,3.0,0.17010825734989643,0,0,23.0,United States,1,Engineering,2,Club/Intramural,0.0,0.0,1,1.0,0
206,John Key,2.8928115439544655,44.076736205736836,0,3,0.0,0.0,4.0,0.7041487337862053,0,0,28.0,United States,2,Sciences,3,Club/Intramural,0.0,0.0,1,1.0,1
207,Henry David,3.207940123727436,55.65473357773455,1,3,1.0,0.0,3.0,0.4553060510094597,3,0,34.0,India,1,Humanities,3,Club/Intramural,0.0,0.0,1,1.0,0
208,Dwight Porter,2.3622238939668194,67.64002809067571,0,4,1.0,0.0,2.0,0.41932963972819787,0,0,23.0,United States,1,Quantitative,2,NCAA/Professional,0.0,0.0,0,1.0,2
209,Francisco Sieracki,2.3465627323189002,79.10041229921345,1,4,1.0,0.0,3.0,0.8554984543849689,0,0,26.0,United States,1,Engineering,2,None,0.0,0.0,2,1.0,1
210,Herbert Estes,2.739121372429293,55.093724113603656,1,1,0.0,0.0,4.0,0.6560150940788041,0,0,28.0,India,2,Quantitative,2,None,0.0,0.0,1,1.0,2
211,Anthony Cochran,3.6476521269948865,28.59881873297938,1,0,0.0,0.0,3.0,0.31562044608953344,0,0,24.0,United States,1,Sciences,1,Club/Intramural,0.0,0.0,0,1.0,0
212,Mario Church,3.0381340222715187,4.445954086683255,2,4,0.0,0.0,1.0,0.1973262200873943,0,0,27.0,United States,1,Humanities,2,Club/Intramural,0.0,0.0,2,1.0,0
213,Frances Pearce,3.3393964247128167,37.466686015912565,0,0,1.0,1.0,2.0,0.511115266942574,2,1,35.0,United States,1,Humanities,2,None,0.0,0.0,1,1.0,2
214,Lia Dominguez,3.0947291912425356,59.602885870343414,0,3,0.0,0.0,5.0,0.623187239407068,0,1,26.0,United States,1,Humanities,2,None,1.0,1.0,0,1.0,2
215,Margaret Price,2.9231691610339636,7.800691182227251,1,2,0.0,0.0,5.0,0.4278227855793786,0,1,22.0,United States,1,Humanities,2,None,0.0,0.0,2,1.0,2
216,Migdalia Adams,3.391926033684921,42.05667554465525,1,1,0.0,0.0,2.0,0.1779549069742592,0,1,34.0,United States,1,Humanities,2,Club/Intramural,0.0,0.0,2,1.0,2
217,Dale Harvey,2.761086623803794,4.425741593235859,0,2,0.0,0.0,1.0,0.5093740375751546,1,0,27.0,China,0,None,0,None,0.0,0.0,1,1.0,1
218,Barbara Jones,3.321437675504317,14.999500025664972,2,3,0.0,0.0,2.0,0.4243523655386467,0,1,26.0,United States,1,Humanities,1,NCAA/Professional,0.0,0.0,1,1.0,2
219,Paul Ferrari,3.4129472959901284,8.39521584247936,2,4,0.0,0.0,5.0,0.4288583483087226,0,0,29.0,United States,1,Quantitative,1,None,0.0,0.0,0,1.0,2
220,Dorothy Jones,3.628269726740637,22.43410996357671,0,4,1.0,0.0,3.0,0.5855007662505549,0,1,25.0,United States,1,Quantitative,1,None,0.0,0.0,0,1.0,2
221,Albert Malan,4.140337521095417,5.981812360154851,0,0,0.0,0.0,2.0,0.4815711874353681,4,0,22.0,United States,1,Humanities,2,Club/Intramural,0.0,0.0,1,1.0,2
222,Marie Torres,2.8925494915759034,76.44030998744007,2,0,0.0,0.0,3.0,0.7828308517977598,2,1,23.0,United States,1,Engineering,2,NCAA/Professional,0.0,0.0,1,1.0,0
223,Sandra Gonzalez,3.4468115526146628,51.333948073364766,2,0,0.0,0.0,2.0,-0.013897696432300655,0,1,29.0,Australia,1,Sciences,1,None,0.0,0.0,1,1.0,2
224,Christopher Bruce,3.937430460531458,6.8674727459583025,2,2,0.0,0.0,2.0,0.7773620060167206,0,0,25.0,United States,1,Engineering,2,None,0.0,0.0,1,1.0,0
225,Betty Stewart,2.911296740183327,61.062835123891624,1,0,0.0,0.0,3.0,0.6474403128120438,0,1,24.0,United States,1,Engineering,3,None,0.0,0.0,2,1.0,2
226,James Warner,2.6970402382609384,78.81934625002776,2,0,0.0,0.0,1.0,-0.04137931745195744,0,0,29.0,United States,2,Engineering,2,None,0.0,0.0,0,1.0,1
227,Joseph Cueto,3.827387729812015,15.207688529305733,0,3,1.0,0.0,3.0,0.1937660939755378,0,0,22.0,United States,2,Engineering,3,Club/Intramural,0.0,0.0,0,1.0,2
228,Roy Diven,3.650673405710655,67.59759234061701,1,4,0.0,0.0,6.0,-0.11650712311015199,0,0,25.0,United States,1,Humanities,2,None,0.0,0.0,1,1.0,1
229,Philip Willis,3.2126620953515386,5.495693539418827,2,3,0.0,0.0,3.0,0.32587576266281193,0,0,28.0,United States,1,Engineering,2,NCAA/Professional,0.0,0.0,0,1.0,2
230,James Noonan,3.77298709909852,39.94537789348861,2,2,0.0,1.0,2.0,0.7514095837090229,0,0,25.0,United States,1,Engineering,2,None,0.0,0.0,1,1.0,0
231,Edgar Walsh,3.4141111843508893,41.09579169394363,2,2,0.0,0.0,4.0,0.31468439017965055,0,0,26.0,China,2,Quantitative,3,None,0.0,0.0,0,1.0,0
232,Douglas Mitcham,2.9024476863274082,57.61984780217344,1,2,0.0,0.0,2.0,0.47849369692573135,0,0,23.0,United States,2,Sciences,3,None,0.0,0.0,2,1.0,0
233,Hobert Saldivar,3.829869934700988,57.18952102648822,2,0,0.0,0.0,4.0,0.5183006106566883,0,0,23.0,United States,1,Sciences,2,NCAA/Professional,0.0,0.0,0,1.0,1
234,Betty Tinajero,2.4226418613347587,75.94729169763092,1,4,0.0,0.0,5.0,0.468059000820627,0,1,33.0,United States,1,Humanities,1,Club/Intramural,0.0,0.0,1,1.0,0
235,Young Foster,2.9605453803772916,38.53018377404463,2,2,1.0,0.0,3.0,0.5527717760873533,2,0,26.0,India,1,Engineering,1,None,0.0,0.0,2,1.0,2
236,Miguel Polczynski,3.0364674565814553,33.83345342642576,2,4,0.0,0.0,0.0,0.8890169763122323,0,0,23.0,United States,1,Quantitative,2,None,0.0,0.0,1,1.0,0
237,Clayton Propst,3.5437917994652524,17.487799294738146,0,4,1.0,0.0,3.0,0.11807244579314485,1,0,26.0,China,1,Sciences,2,None,0.0,0.0,2,1.0,0
238,Ronnie Bloodsaw,3.2531467585057126,46.03262228722781,1,0,0.0,0.0,1.0,0.7650629444259804,0,0,22.0,United States,1,Engineering,1,Club/Intramural,0.0,0.0,2,1.0,1
239,Michael Cooks,3.5901836093223456,43.15803891669389,2,4,0.0,0.0,6.0,0.3391034915523495,3,0,25.0,United States,1,Engineering,2,Club/Intramural,0.0,0.0,1,1.0,0
240,Robert Ballou,3.287473382733025,37.69347398866026,0,1,0.0,0.0,5.0,0.06808339537989538,2,0,34.0,United States,1,Engineering,2,Club/Intramural,0.0,0.0,1,1.0,0
241,Katrina Dodge,3.5177786507002984,35.90529795418458,2,1,0.0,0.0,3.0,1.150444744469001,0,1,29.0,United States,1,Engineering,3,None,0.0,0.0,0,1.0,1
242,Walter Brown,3.734073947896341,58.398953080508306,1,3,0.0,0.0,2.0,0.8719435400864524,0,0,30.0,United States,2,Quantitative,1,Club/Intramural,0.0,0.0,0,1.0,2
243,Douglas Mcknight,2.764331189732485,90.86970364244912,0,1,0.0,0.0,3.0,0.5874278138546785,0,0,25.0,United States,2,Humanities,2,Club/Intramural,0.0,1.0,1,1.0,1
244,Charles Popham,3.3300788352135484,90.32099017257218,2,3,0.0,0.0,5.0,0.51799797239135,0,0,28.0,United States,1,Engineering,1,None,0.0,0.0,2,1.0,2
245,Rachel Houle,3.7697306204520773,69.43279367897179,1,1,0.0,0.0,3.0,0.8588941796199272,0,1,26.0,United States,1,Quantitative,2,None,0.0,0.0,1,1.0,2
246,Esther Johnson,2.8554932185840802,7.974892212234423,0,0,0.0,0.0,2.0,0.5376511435272883,0,1,23.0,United States,1,Humanities,1,NCAA/Professional,0.0,0.0,1,1.0,2
247,Thomas Mccall,2.8634572637182467,75.171631404044,1,4,0.0,0.0,4.0,0.4974811811405603,0,0,27.0,United States,0,None,0,None,0.0,0.0,2,1.0,2
248,William Sandling,3.677098216433386,31.82709241093177,2,1,0.0,0.0,3.0,0.34775887960980545,3,0,23.0,United States,1,Quantitative,1,Club/Intramural,0.0,0.0,0,1.0,1
249,Dorothy Philips,2.882297658383989,46.50494277964701,1,4,0.0,0.0,2.0,0.7595616604455817,0,1,32.0,United States,2,Sciences,3,None,0.0,0.0,2,1.0,1
250,Nickolas Habegger,3.3998427472116175,30.234487013166913,0,0,0.0,1.0,3.0,0.22380843968772274,3,0,33.0,United States,1,Engineering,2,None,0.0,1.0,1,1.0,1
251,Gillian Sharp,3.035907439411204,42.65521027240677,1,1,0.0,0.0,0.0,0.21578546303878265,0,1,32.0,United States,1,Quantitative,2,None,0.0,0.0,0,1.0,1
252,Donald Burdick,2.9577602533925678,85.95221143871535,2,1,0.0,1.0,4.0,0.2244939368650678,0,0,23.0,United States,1,Humanities,2,None,0.0,0.0,1,1.0,2
253,Henry Morris,2.743471093125246,64.8707051306371,0,0,0.0,0.0,3.0,0.6710611220057184,0,0,36.0,United States,1,Quantitative,2,None,0.0,0.0,1,1.0,0
254,Sergio Gatlin,3.30732905914163,12.602581979467953,1,3,0.0,0.0,3.0,0.4981597642918409,0,0,27.0,United States,0,None,0,None,0.0,0.0,2,1.0,1
255,Harriet Lacey,3.0459503390440203,17.21022319028868,2,4,0.0,0.0,4.0,0.7866362201480238,0,1,25.0,United States,1,Quantitative,3,NCAA/Professional,0.0,0.0,2,1.0,2
256,Grace Norman,2.7542432513381834,78.40402929935476,2,3,0.0,0.0,2.0,0.5911589798408392,0,1,27.0,United States,1,Quantitative,1,NCAA/Professional,0.0,0.0,2,1.0,1
257,Paula Lee,3.9024128656057706,2.4060498902098786,0,1,0.0,0.0,1.0,0.21751285689785094,1,1,23.0,United States,1,Sciences,2,Club/Intramural,0.0,0.0,0,1.0,0
258,Richard Burkhardt,3.363308259702973,4.672453009018742,0,2,0.0,0.0,2.0,0.5525950363619554,0,0,23.0,United States,1,Quantitative,2,Club/Intramural,0.0,0.0,1,1.0,1
259,Ethelyn Jarrell,3.700918749133283,23.343620467772393,2,4,0.0,0.0,2.0,0.5399358552557372,0,1,23.0,United States,1,Sciences,3,None,0.0,0.0,1,1.0,2
260,Brad Haggerty,3.104836436356254,8.385355197599399,2,4,0.0,0.0,3.0,0.3058373638907024,1,0,24.0,United States,1,Sciences,2,None,0.0,0.0,1,1.0,1
261,Johnny Rodgers,2.923018596876338,32.36098088503011,0,0,0.0,0.0,2.0,0.3295837861356512,0,0,30.0,Mexico,1,Engineering,2,Club/Intramural,0.0,0.0,2,1.0,1
262,Michele Buckner,4.252989041486598,13.44871789604002,2,4,0.0,0.0,0.0,0.7696237425997275,0,1,25.0,United States,2,Quantitative,2,NCAA/Professional,0.0,0.0,1,1.0,1
263,Gary Martinez,3.9285453191898645,19.49187110511612,0,2,0.0,0.0,1.0,0.4341517081446472,0,0,23.0,United States,1,Quantitative,1,None,0.0,0.0,1,1.0,1
264,Erwin Fleming,3.1928627306837956,38.045180610966455,1,1,0.0,0.0,3.0,0.40561988483245887,0,0,23.0,United States,1,Engineering,1,Club/Intramural,0.0,0.0,0,1.0,2
265,Nancy Poole,3.0775727177871115,48.463001267870254,2,2,0.0,0.0,1.0,0.12582170638784174,0,1,24.0,United States,1,Humanities,2,None,0.0,0.0,0,1.0,2
266,Larry Carroll,3.6092873432603176,55.05940553494071,0,0,0.0,0.0,1.0,0.9612330605470939,3,0,23.0,United States,1,Humanities,1,None,0.0,0.0,0,1.0,0
267,Andrew Kirkman,3.1130749440138854,63.34688151381726,1,3,0.0,0.0,5.0,0.6526118043710637,1,0,23.0,United States,1,Humanities,1,None,0.0,0.0,1,1.0,2
268,Cecilia Alexander,3.517343667149647,1.162142851668552,1,3,0.0,0.0,3.0,0.5045014161030038,0,1,25.0,United States,1,Engineering,2,None,0.0,0.0,0,1.0,1
269,Chad Hopkins,2.988234544187165,45.297432615393966,2,0,0.0,0.0,3.0,0.23241182550283196,0,0,29.0,United States,1,Humanities,2,None,0.0,0.0,1,1.0,2
270,Teresa Collins,2.788839817612138,78.80046841028938,1,0,1.0,0.0,4.0,0.3194499776848614,0,1,25.0,United States,1,Quantitative,2,None,0.0,0.0,0,1.0,2
271,Donald Brooks,2.3587350553691797,34.916088508434285,1,3,0.0,0.0,4.0,0.3984994663543635,0,0,22.0,United States,1,Humanities,2,Club/Intramural,1.0,1.0,1,1.0,0
272,Dan Lancaster,4.231149151823888,56.57972740841437,2,4,1.0,0.0,2.0,0.21992683465377694,1,0,22.0,United States,1,Quantitative,2,None,0.0,0.0,1,1.0,0
273,Cary Pettit,3.4448075001936176,16.573017815294442,1,0,0.0,0.0,1.0,0.3068041505387877,1,0,25.0,United States,2,Humanities,2,None,0.0,0.0,1,1.0,1
274,Robert Mckeehan,3.0570060944627193,74.07484213159483,0,2,0.0,1.0,4.0,0.03150658134753692,0,0,27.0,United States,1,Sciences,1,None,0.0,0.0,2,1.0,2
275,Helen Tommolino,2.7570537000155952,47.375156161420264,1,4,0.0,0.0,3.0,0.9113411202277646,1,1,30.0,United States,1,Sciences,1,Club/Intramural,0.0,0.0,1,1.0,0
276,Mary Sexton,3.3498363992201092,54.6714105880505,1,2,0.0,0.0,2.0,0.7985661529387127,0,1,22.0,United States,0,None,0,None,0.0,0.0,0,1.0,1
277,Karen Cavallo,3.263527224936371,59.55131415872455,2,3,0.0,0.0,1.0,1.1583746232856038,2,1,30.0,Canada,1,Quantitative,1,None,0.0,0.0,0,1.0,2
278,Theodore Smith,3.2021890139531117,49.32938418660498,0,0,0.0,0.0,6.0,0.23214428838139195,0,0,22.0,China,2,Quantitative,3,None,0.0,0.0,1,1.0,2
279,Ivan Lee,2.9005471871646824,66.28194087183583,0,2,0.0,0.0,4.0,0.35228912808349805,1,0,24.0,United States,1,Sciences,3,None,0.0,0.0,0,1.0,2
280,Javier Tate,3.584741895314289,5.026705069848596,2,0,0.0,0.0,2.0,0.6042287461711616,0,0,25.0,United States,1,Engineering,1,None,0.0,0.0,1,1.0,2
281,Chad Ardoin,3.3700723938538153,19.403722716466483,0,4,0.0,0.0,2.0,0.143045216432659,0,0,27.0,United States,2,Humanities,1,Club/Intramural,0.0,0.0,1,1.0,0
282,Lynn Greenwood,4.09014954562947,17.653451322766767,0,4,0.0,0.0,4.0,0.9562724362169641,3,1,29.0,United States,1,Engineering,1,None,0.0,0.0,0,1.0,2
283,Roy Rayburn,2.224044672291935,20.50263714422176,2,4,0.0,0.0,1.0,0.30936295462949925,0,0,23.0,United States,1,Humanities,1,None,0.0,0.0,1,1.0,2
284,Cheryl Moore,3.915928351592062,16.603506497843433,1,0,0.0,0.0,2.0,0.22279876547599536,0,1,29.0,China,1,Humanities,2,None,1.0,1.0,2,1.0,1
285,Benjamin Thompson,3.2909170671321504,4.785229364266623,0,1,0.0,1.0,4.0,0.4594287925256625,0,0,26.0,United States,1,Quantitative,2,None,0.0,0.0,0,1.0,2
286,Jeffrey Studdard,2.579042645152388,7.1431538130532495,1,1,0.0,0.0,3.0,0.4861701780388333,0,0,32.0,United States,1,Quantitative,1,None,0.0,1.0,2,1.0,1
287,John Jones,2.4836994470866296,43.54986355302228,0,0,0.0,0.0,2.0,0.9663258033695346,0,0,30.0,United States,1,Sciences,3,NCAA/Professional,0.0,0.0,1,1.0,1
288,Matthew Sanders,3.6272954918039364,25.560957391429593,0,3,0.0,0.0,1.0,0.6169445690468758,0,0,26.0,United States,1,Humanities,2,Club/Intramural,0.0,0.0,1,1.0,2
289,John Mcgehee,3.459338189918593,101.31454030755674,2,0,1.0,0.0,0.0,0.5225786752205422,0,0,23.0,Australia,1,Sciences,1,None,0.0,0.0,1,1.0,0
290,Danny Newman,3.663110252464906,50.299984779709305,1,4,0.0,0.0,2.0,0.38400976081618354,0,0,24.0,United States,1,Sciences,1,Club/Intramural,0.0,0.0,1,1.0,0
291,Keith Jacobs,3.1236972926749593,86.31995384697063,2,2,0.0,0.0,4.0,0.5242658087915856,0,0,23.0,United States,2,Sciences,1,None,1.0,1.0,1,1.0,2
292,Alan Roberts,3.3369973974361145,36.26346055194007,0,0,0.0,1.0,3.0,0.5641198578894653,4,0,31.0,China,1,Engineering,2,None,0.0,0.0,0,1.0,1
293,Heather Capel,3.2743916470286862,68.94132904996245,0,4,0.0,0.0,1.0,0.7153194437583514,2,1,26.0,United States,2,Engineering,2,Club/Intramural,0.0,0.0,0,1.0,0
294,Ann Shields,3.216855258683643,57.19657136346201,2,0,0.0,0.0,4.0,0.43284020364364484,3,1,24.0,United States,1,Quantitative,2,None,0.0,0.0,0,1.0,2
295,Floyd Thomen,3.809363747523898,28.06939051249311,0,4,0.0,0.0,3.0,0.6211402765340059,0,0,29.0,United States,1,Quantitative,2,None,0.0,0.0,1,1.0,0
296,Enrique Lynch,2.9099275393674153,23.180506763464223,0,1,0.0,0.0,5.0,0.5057910976679784,1,0,30.0,Canada,2,Humanities,2,None,0.0,0.0,0,1.0,1
297,Lance Giffin,2.502251632906907,5.7129992041662945,1,2,0.0,0.0,1.0,0.8436638444589393,2,0,28.0,United States,2,Humanities,1,NCAA/Professional,0.0,0.0,0,1.0,1
298,Jose Shelton,3.248567610438856,18.44743571940369,2,4,0.0,0.0,3.0,0.4765446856745656,0,0,26.0,United States,1,Engineering,2,None,0.0,0.0,1,1.0,1
299,Forrest Flores,3.201175675434522,80.1045539380255,2,1,0.0,0.0,4.0,0.4502249394386031,1,0,31.0,United States,1,Quantitative,2,None,0.0,0.0,0,1.0,0
300,William Sitter,2.8528984932982677,20.51877577221738,1,4,0.0,0.0,2.0,0.3062569786619038,0,0,34.0,United States,2,Engineering,1,None,0.0,0.0,0,1.0,2
301,Steven Gough,3.8619414435462867,44.705178756163484,0,0,0.0,0.0,4.0,0.36836013275116863,0,0,29.0,India,1,Sciences,2,Club/Intramural,0.0,0.0,1,1.0,0
302,Jennifer Soder,3.5823505060715433,43.80700698021537,2,3,0.0,0.0,2.0,0.42001577466644285,3,1,29.0,United States,1,Sciences,3,None,0.0,0.0,2,1.0,1
303,Jane Penner,3.7572804369117954,46.27534340193528,0,4,0.0,0.0,2.0,0.6853123404501361,3,1,28.0,United States,1,Sciences,3,None,0.0,0.0,1,1.0,2
304,Elsie Baker,3.4512362451482868,42.141634457624306,0,4,0.0,0.0,4.0,0.7464050229107101,0,1,27.0,United States,2,Quantitative,2,Club/Intramural,0.0,0.0,0,1.0,0
305,Stephen Smith,3.75958671374019,49.68350415982639,2,4,0.0,0.0,2.0,0.456491122165793,0,0,30.0,United States,1,Humanities,1,Club/Intramural,0.0,0.0,2,1.0,2
306,John Winkelpleck,3.0794278202537853,77.93855434528275,0,4,0.0,0.0,4.0,-0.10823531690893984,0,0,30.0,United States,1,Humanities,2,None,0.0,0.0,1,1.0,1
307,Edwin Parks,3.1416523323493064,0.10073269248532668,1,4,1.0,1.0,0.0,0.8061006052178598,0,0,31.0,United States,2,Sciences,1,None,0.0,0.0,2,1.0,0
308,Matthew Stanford,3.0339986086922868,44.49534004756403,0,1,0.0,0.0,5.0,0.43671381246969565,0,0,21.0,Australia,1,Quantitative,2,Club/Intramural,0.0,0.0,1,1.0,0
309,Belinda Boyd,2.754162356519793,11.764110077052505,2,3,1.0,0.0,4.0,0.022664016453075475,4,1,24.0,Australia,1,Sciences,1,None,0.0,0.0,0,1.0,0
310,Dana Bernhardt,3.092165621243808,0.5102786637958232,2,1,0.0,0.0,1.0,0.49866249742153435,0,1,23.0,United States,1,Quantitative,1,None,0.0,0.0,1,1.0,1
311,Jeremy Stitt,2.7877166063370087,69.8060272778284,2,3,0.0,1.0,2.0,0.6652793388312683,0,0,28.0,United States,1,Humanities,2,None,0.0,0.0,1,1.0,0
312,Hector Sanchez,3.2222561163925847,61.69676906798075,2,2,1.0,0.0,2.0,0.2669221825399023,2,0,25.0,United States,1,Engineering,2,None,0.0,0.0,1,1.0,0
313,David Isaac,3.7024591506546836,27.176492654904973,0,2,0.0,0.0,3.0,-0.00916019178169114,0,0,23.0,United States,2,Sciences,2,Club/Intramural,0.0,0.0,1,1.0,1
314,Anna Hernandez,1.9440867476902277,37.040122643323144,0,1,0.0,0.0,3.0,0.7234964189784139,0,1,21.0,United States,1,Sciences,3,None,0.0,0.0,1,1.0,1
315,Debbie Esskew,3.506494138603604,36.392624261377975,1,1,0.0,0.0,3.0,0.7967335950661592,0,1,29.0,United States,1,Engineering,2,None,0.0,0.0,0,1.0,0
316,Vivian Warren,3.0724032862988464,28.44671734879434,2,0,0.0,0.0,5.0,0.5111883680828988,1,1,28.0,United States,1,Sciences,2,None,0.0,0.0,1,1.0,2
317,Leora Nickisch,3.6572717057142365,50.72757959407241,2,1,0.0,0.0,3.0,0.6160500334298523,0,1,23.0,United States,0,None,0,None,0.0,0.0,0,1.0,2
318,Joshua Mayo,2.8708181727489444,50.78821945582192,1,4,1.0,0.0,4.0,0.41122362684703745,3,0,26.0,United States,1,Quantitative,2,None,0.0,0.0,1,1.0,2
319,Terrence Hoium,4.318351376621925,77.06570606718826,1,2,0.0,0.0,3.0,0.5446674751302739,0,0,29.0,United States,1,Sciences,2,None,1.0,1.0,2,1.0,0
320,Drew Ellis,2.8963238547417487,33.301102694751286,0,3,0.0,0.0,4.0,0.21940755283666386,4,0,24.0,United States,1,Sciences,1,None,0.0,1.0,2,1.0,1
321,Terry Nelson,3.1728956855389483,16.923852369623205,1,1,0.0,0.0,5.0,0.77013689423503,0,0,28.0,United States,1,Sciences,2,None,0.0,0.0,1,1.0,2
322,Roy Legette,3.0500633265537833,62.58967410818423,0,4,1.0,0.0,3.0,0.561883992135763,0,0,36.0,United States,1,Quantitative,2,None,0.0,0.0,1,1.0,0
323,John Jordan,2.8432998788126276,9.590362915452094,2,0,0.0,0.0,1.0,1.099627793143232,1,0,25.0,United States,1,Quantitative,1,None,0.0,0.0,2,1.0,0
324,Vernon Stalker,2.5898170340393705,73.19575874916833,2,2,0.0,0.0,2.0,0.7054188077391165,0,0,32.0,United States,1,Engineering,1,None,0.0,0.0,1,1.0,0
325,Erin Vega,2.3460603609588166,0.9499867300713589,0,1,0.0,0.0,0.0,0.24712362116521747,0,1,24.0,United States,1,Engineering,2,None,0.0,0.0,2,1.0,2
326,Angela Tarver,3.2368291055558625,50.10648616721609,1,0,0.0,0.0,3.0,0.8922677631935623,0,1,28.0,United States,1,Humanities,2,None,0.0,0.0,0,1.0,1
327,William Scott,2.9484659493201737,69.84681585480988,1,4,1.0,0.0,4.0,0.9691251442857602,0,0,35.0,United States,1,Engineering,2,Club/Intramural,0.0,0.0,0,1.0,1
328,Christopher Helms,3.851413727443546,42.85832101788413,1,2,0.0,0.0,4.0,0.5061868823521,0,0,23.0,China,1,Engineering,3,None,0.0,0.0,1,1.0,0
329,Donald Payne,2.7876069828713366,69.77751439174774,2,4,0.0,0.0,3.0,0.19335743885320172,3,0,26.0,United States,1,Sciences,2,None,0.0,0.0,0,1.0,0
330,Cole Conzemius,2.758057717068307,54.5515556006845,2,4,1.0,0.0,5.0,0.5896836589403213,0,0,31.0,United States,2,Engineering,2,Club/Intramural,0.0,0.0,1,1.0,2
331,James Chung,3.0894727347534716,70.6599835112657,0,2,0.0,0.0,4.0,0.8065276597863849,2,0,29.0,United States,1,Sciences,2,None,0.0,0.0,1,1.0,0
332,Mary Kokoska,2.7045897674281285,19.65203284488137,0,2,0.0,0.0,4.0,0.5969632910888321,2,1,26.0,United States,2,Humanities,2,None,0.0,0.0,2,1.0,1
333,Pauline Mullis,3.6379214123498356,53.22231257283599,0,1,0.0,0.0,0.0,0.27371732418755623,0,1,22.0,United States,1,Engineering,1,Club/Intramural,0.0,0.0,2,1.0,1
334,Debra Meehan,3.469376562064808,26.795350457902806,2,4,0.0,0.0,5.0,0.6079029218814315,0,1,30.0,United States,2,Quantitative,2,Club/Intramural,0.0,0.0,1,1.0,1
335,Brandy Cardenas,3.105309827084582,32.55531727902515,1,3,0.0,0.0,4.0,0.22176587990947222,0,1,25.0,United States,1,Humanities,2,NCAA/Professional,0.0,0.0,1,1.0,1
336,Juanita Wallach,3.312486791048424,46.85087868351256,0,3,0.0,0.0,5.0,0.6870563971047441,2,1,24.0,United States,1,Quantitative,1,None,0.0,0.0,0,1.0,2
337,Andrew Wingham,2.84170186486889,66.46757739446016,1,0,0.0,0.0,5.0,0.6101740617702095,0,0,21.0,United States,1,Engineering,2,Club/Intramural,0.0,0.0,1,1.0,0
338,James Groves,3.283208268779122,19.70769594623614,0,2,0.0,0.0,5.0,0.29232207837150836,1,0,27.0,United States,1,Humanities,2,None,0.0,0.0,1,1.0,2
339,Jason Webster,3.033053754159796,27.270407083757497,1,3,1.0,0.0,3.0,0.7908762941115324,0,0,30.0,United States,1,Quantitative,2,None,0.0,0.0,2,1.0,2
340,Sylvia Pinkerton,3.2531372331818074,18.32386870371308,2,0,0.0,0.0,1.0,1.0078320175742483,0,1,27.0,China,1,Engineering,2,Club/Intramural,0.0,0.0,1,1.0,1
341,Genaro Pauling,2.9670163218830936,33.900864513071085,2,4,0.0,0.0,2.0,0.4207087241712687,0,0,30.0,United States,1,Sciences,2,None,0.0,0.0,1,1.0,0
342,Jeremy Dillon,3.0474341011812305,83.06340022241997,1,3,0.0,0.0,4.0,0.5167191787415658,0,0,31.0,United States,2,Humanities,2,NCAA/Professional,1.0,1.0,0,1.0,0
343,Lori Ricciardi,2.883510530343361,4.332426647715518,0,0,1.0,0.0,4.0,0.10926957360299722,1,1,26.0,United States,0,None,0,None,0.0,0.0,0,1.0,1
344,Mildred Wilson,3.2340696388908103,27.29474396247537,0,1,0.0,0.0,3.0,0.5097375262066058,1,1,27.0,Canada,1,Quantitative,2,None,0.0,0.0,2,1.0,1
345,Glen Coolidge,2.5386787825094217,36.102517476624996,1,0,0.0,0.0,4.0,0.5419449363726597,0,0,25.0,United States,0,None,0,None,0.0,0.0,1,1.0,2
346,Susan Hammett,3.07842345756956,36.66161652648918,1,0,1.0,0.0,2.0,0.3039181566743966,0,1,29.0,China,1,Sciences,3,Club/Intramural,0.0,0.0,0,1.0,2
347,Laurie Griffin,3.773361648034901,57.55499284007417,1,2,0.0,0.0,4.0,0.6265503510609014,2,1,32.0,United States,1,Quantitative,2,NCAA/Professional,0.0,0.0,2,1.0,2
348,Dorothy Terry,3.412188827140121,0.06452195762485147,0,0,1.0,0.0,3.0,0.6201545296649426,0,1,30.0,United States,2,Engineering,2,None,0.0,0.0,1,1.0,1
349,Fredrick Drey,3.547562218394696,6.948182756697221,1,2,0.0,0.0,2.0,0.28894664376038576,4,0,24.0,United States,2,Humanities,1,None,0.0,0.0,0,1.0,0
350,Deborah Holcombe,3.099636869053945,25.495188794907754,1,1,0.0,0.0,5.0,0.6835923090370853,0,1,39.0,United States,1,Engineering,1,None,0.0,0.0,1,1.0,0
351,Kathleen Lindell,2.799940876709181,78.15453820589227,0,3,0.0,0.0,3.0,0.47924659089696625,0,1,32.0,United States,1,Engineering,2,Club/Intramural,0.0,0.0,2,1.0,0
352,Hong Holman,2.8074789900375294,33.49374760598892,1,0,0.0,0.0,1.0,0.47804332655820186,0,0,30.0,United States,2,Sciences,2,None,0.0,0.0,1,1.0,0
353,Bonnie Bressette,2.035965136108712,65.40326898516014,0,0,0.0,0.0,6.0,0.34638127412868513,0,1,33.0,China,1,Humanities,3,None,0.0,0.0,0,1.0,0
354,Gary Spinks,3.473060222144353,88.71630981020674,2,0,0.0,0.0,5.0,0.3900907093109431,0,0,30.0,United States,1,Quantitative,3,None,0.0,0.0,0,1.0,0
355,Glenda Williams,3.7305488113773775,80.21032249462054,0,2,1.0,0.0,1.0,0.18877506861777232,0,1,26.0,United States,1,Quantitative,1,None,0.0,0.0,0,1.0,2
356,Rodney Devit,3.3605298045552945,93.85334799003374,2,0,0.0,0.0,2.0,0.8140111102111682,0,0,25.0,United States,1,Quantitative,2,None,0.0,0.0,2,1.0,1
357,Rodney Janczewski,2.62514737488558,44.05661890228045,1,4,0.0,0.0,3.0,0.3054028033590724,0,0,22.0,United States,1,Engineering,1,Club/Intramural,0.0,0.0,2,1.0,2
358,Agustin Dilsaver,2.2568234660775217,28.982861667036545,1,1,0.0,0.0,2.0,0.8506801208294985,0,0,31.0,United States,1,Humanities,3,Club/Intramural,0.0,0.0,0,1.0,2
359,Anita Dunn,3.7987477071261395,49.80815424706016,2,0,0.0,0.0,2.0,0.8706162180549842,2,1,26.0,United States,1,Sciences,1,Club/Intramural,0.0,0.0,2,1.0,2
360,Joe Greene,2.6543986878214607,30.461872841726464,2,1,0.0,0.0,2.0,0.5917167716770546,0,0,30.0,United States,1,Sciences,2,NCAA/Professional,1.0,0.0,0,1.0,2
361,Jeanette Derby,2.139769444877719,38.90757759967593,1,4,0.0,0.0,4.0,0.4332091290213558,0,1,23.0,United States,1,Engineering,3,NCAA/Professional,0.0,0.0,2,1.0,2
362,Ronald Felder,3.86324851501122,34.28221743947266,0,4,0.0,0.0,4.0,1.032872354782175,0,0,24.0,China,1,Engineering,2,Club/Intramural,0.0,0.0,1,1.0,0
363,Patricia Hudgens,3.6171876423059013,103.48215354199355,1,3,0.0,0.0,1.0,0.5906341998383935,0,1,22.0,United States,1,Quantitative,2,None,0.0,0.0,1,1.0,2
364,Russell Boyd,3.807340102097489,20.740460348819294,0,3,0.0,0.0,2.0,0.743928796148589,1,0,30.0,United States,1,Engineering,2,None,0.0,0.0,0,1.0,0
365,Troy Trout,3.185351875180412,24.9575766117899,0,4,0.0,0.0,3.0,0.30032370060840613,2,0,34.0,United States,1,Quantitative,1,None,0.0,0.0,1,1.0,1
366,Eleanor Keister,2.7796064256707544,68.83775539226257,2,1,0.0,0.0,2.0,0.3267338896283889,1,1,28.0,United States,2,Humanities,1,Club/Intramural,0.0,0.0,2,1.0,0
367,Howard Menard,3.435602010149288,29.86413518249267,0,4,0.0,0.0,5.0,0.19579121038590047,0,0,27.0,United States,1,Quantitative,1,NCAA/Professional,0.0,0.0,0,1.0,2
368,Beckie Winslow,3.412589333929468,50.27433082780256,1,3,0.0,0.0,3.0,0.2175829825044422,4,1,29.0,China,2,Engineering,2,None,1.0,1.0,1,1.0,0
369,Susan Mcateer,3.4432533306228352,70.5338707951082,1,2,0.0,0.0,2.0,0.5056042728084791,0,1,26.0,United States,1,Engineering,3,None,0.0,0.0,1,1.0,0
370,Audra Cox,3.566097956767634,84.61583009415534,0,2,0.0,0.0,1.0,0.28057420825889157,2,1,24.0,Mexico,1,Engineering,3,Club/Intramural,0.0,0.0,1,1.0,1
371,Andrea Porter,3.2948944574664685,55.62860116066572,1,4,0.0,0.0,5.0,0.31614507148561477,0,1,25.0,China,2,Sciences,3,None,0.0,0.0,1,1.0,2
372,Melinda Jett,4.064871911968537,23.266963780558765,2,4,1.0,0.0,2.0,0.6541233822731365,0,1,26.0,United States,1,Quantitative,2,Club/Intramural,0.0,0.0,2,1.0,0
373,Lisa Carrillo,3.824581500295392,38.62562823068181,1,1,0.0,0.0,1.0,0.14163206887032181,0,1,24.0,United States,2,Sciences,2,None,0.0,0.0,2,1.0,2
374,Anthony Mather,3.492524062561824,80.31144330855503,2,3,0.0,0.0,6.0,0.47237552151752177,0,0,21.0,United States,1,Humanities,3,None,0.0,0.0,1,1.0,0
375,Tina Glass,2.493896528110187,29.706472914700935,1,4,0.0,0.0,4.0,0.3581870686770021,0,1,27.0,United States,1,Engineering,3,Club/Intramural,0.0,0.0,1,1.0,1
376,Andrew Pyatt,2.962657637600373,46.174514850632235,1,2,0.0,0.0,2.0,0.6529677674157834,0,0,32.0,United States,1,Humanities,2,Club/Intramural,0.0,0.0,1,1.0,0
377,Angel Gutierrez,2.904873635225173,35.32087830248524,1,0,0.0,0.0,3.0,0.48787646646639043,3,0,33.0,United States,0,None,0,None,0.0,0.0,2,1.0,0
378,Guillermo Belin,2.809138669360054,22.89384939095571,0,2,0.0,0.0,2.0,1.0188125624349487,4,0,28.0,United States,1,Sciences,2,None,0.0,0.0,1,1.0,0
379,Monty Price,3.2182093871409214,98.72429093346946,0,3,0.0,0.0,4.0,0.8031308234833268,1,0,25.0,United States,2,Humanities,1,Club/Intramural,1.0,1.0,1,1.0,0
380,John Keller,2.6987134034688327,60.75515279626988,1,2,1.0,0.0,3.0,0.20190342172270265,0,0,24.0,United States,0,None,0,None,0.0,0.0,0,1.0,2
381,Eugene Jensen,3.0368564352797085,31.541407423885104,0,3,0.0,0.0,1.0,0.21750198609317106,0,0,25.0,India,1,Humanities,2,Club/Intramural,0.0,0.0,1,1.0,2
382,Megan Cale,3.810101894091423,26.59117211161663,1,0,0.0,0.0,2.0,0.5029032256651271,0,1,22.0,United States,1,Engineering,2,None,0.0,0.0,1,1.0,1
383,Craig Braxton,3.894090683596507,52.69927995103977,2,1,0.0,0.0,6.0,0.6812107416474473,0,0,22.0,United States,1,Quantitative,3,None,0.0,0.0,0,1.0,1
384,Frank Hewitt,2.378949983003479,35.90895244009282,2,3,0.0,0.0,3.0,0.4663818581355859,0,0,32.0,United States,1,Engineering,3,None,0.0,0.0,2,1.0,1
385,Donald Concepcion,2.777570802575463,81.50993370927708,0,3,0.0,0.0,4.0,0.8699040058116043,0,0,24.0,United States,1,Humanities,1,None,0.0,0.0,2,1.0,1
386,Esther Short,2.824046530703165,39.58908820876072,2,3,0.0,0.0,2.0,0.5983087231464023,0,1,33.0,United States,1,Quantitative,2,None,0.0,0.0,1,1.0,0
387,Lillie Canfield,3.535227585574028,48.32466180834146,1,0,0.0,0.0,4.0,0.7864599937052541,0,1,28.0,United States,1,Engineering,3,None,0.0,0.0,1,1.0,1
388,Benito Riggs,3.441967987481786,77.90792721255539,1,3,0.0,0.0,3.0,0.43231519876087315,0,0,28.0,United States,2,Humanities,3,None,0.0,0.0,1,1.0,2
389,Douglas Schlichter,3.0903385906010055,86.38194338701207,1,3,0.0,0.0,5.0,0.7934660356352621,4,0,39.0,Australia,2,Engineering,2,None,0.0,0.0,1,1.0,1
390,Courtney Hallenbeck,2.0738385523210505,16.13361755757758,2,1,0.0,0.0,0.0,0.39631478248250074,0,1,25.0,China,2,Engineering,2,None,0.0,0.0,1,1.0,2
391,Ernest Karins,2.9055614742016695,58.294473066707624,0,1,0.0,0.0,2.0,0.7909371079172702,0,0,25.0,Mexico,1,Quantitative,2,NCAA/Professional,0.0,0.0,0,1.0,0
392,Jane Christiano,3.4869029758824506,38.10235457418456,0,2,1.0,0.0,5.0,0.3852605133806845,0,1,28.0,United States,1,Humanities,1,None,0.0,0.0,1,1.0,2
393,Francis Ramirez,3.6252686430034573,21.23171658563918,1,2,0.0,0.0,5.0,0.3585300516509967,0,0,26.0,United States,1,Humanities,2,None,0.0,0.0,0,1.0,0
394,Randy Davis,3.7024972507849157,56.98241275905547,2,3,0.0,0.0,2.0,0.34679151728683755,2,0,32.0,United States,1,Sciences,2,None,0.0,0.0,0,1.0,0
395,Anthony Speroni,3.4902810626961487,79.20043482921028,0,3,0.0,0.0,4.0,0.5124324159206449,0,0,23.0,United States,2,Sciences,1,None,0.0,0.0,0,1.0,1
396,Nicholas Grenier,3.2693797481008584,8.378623164133025,1,3,0.0,1.0,1.0,0.5983928265746737,0,0,27.0,United States,1,Quantitative,2,Club/Intramural,0.0,0.0,1,1.0,2
397,Jeremy Nickerson,3.4167806243442445,45.70179483322393,1,3,1.0,0.0,5.0,0.5089700515962399,3,0,27.0,United States,1,Engineering,2,Club/Intramural,0.0,0.0,2,1.0,0
398,Johnny Casias,3.5661155865178515,65.3065482703257,0,3,0.0,0.0,4.0,0.33621101553356275,1,0,23.0,United States,2,Quantitative,3,None,0.0,0.0,2,1.0,2
399,David Moore,3.3243030419793786,56.878306907239775,2,0,0.0,0.0,1.0,0.5005173123404701,0,0,23.0,United States,1,Quantitative,2,None,0.0,0.0,1,1.0,2
400,Joseph Hopkins,2.9808216418636055,8.02353197289112,2,0,0.0,0.0,3.0,0.8974999499082779,0,0,23.0,United States,1,Engineering,1,None,0.0,0.0,0,1.0,0
401,Patricia Mclaughlin,3.1507960311015992,3.9577595195074586,1,0,0.0,0.0,3.0,0.31616275247163395,2,1,29.0,United States,2,Humanities,2,NCAA/Professional,0.0,0.0,1,1.0,1
402,Joe Fountain,3.5882912491447745,28.173929148632997,1,0,0.0,0.0,3.0,0.27772958087017285,0,0,28.0,United States,1,Engineering,2,None,0.0,0.0,1,1.0,0
403,Ernestine Aguilar,3.3591753729271665,39.77787084525823,2,1,0.0,0.0,5.0,0.5727161795324256,0,1,36.0,Australia,1,Sciences,1,None,0.0,0.0,1,1.0,1
404,Amy Thompson,3.382748628934283,41.56931439871347,0,2,0.0,0.0,4.0,0.20947080906708893,0,1,31.0,United States,1,Humanities,1,None,0.0,0.0,1,1.0,0
405,Marianna Henry,3.0556811014597436,11.722904581441709,0,4,0.0,0.0,2.0,0.2093593101844634,1,1,30.0,United States,1,Engineering,3,None,0.0,0.0,1,1.0,1
406,Scott Tilford,3.1616194913737337,45.30619932714855,2,1,0.0,0.0,3.0,0.816000094161089,0,0,25.0,United States,2,Quantitative,1,Club/Intramural,0.0,0.0,2,1.0,2
407,Julio Hopkins,3.090756895165638,109.41532435327716,1,1,0.0,1.0,3.0,0.7967001660921743,0,0,25.0,United States,2,Quantitative,2,None,0.0,0.0,0,1.0,1
408,Joe Pridemore,3.561106600728322,54.159181745426615,0,0,0.0,0.0,2.0,0.7890509128161463,2,0,28.0,China,1,Engineering,2,None,0.0,0.0,1,1.0,2
409,Velma Evans,3.1532501337468735,34.68872496722431,0,1,0.0,0.0,1.0,0.734687293384465,2,1,23.0,United States,2,Engineering,2,Club/Intramural,0.0,0.0,1,1.0,1
410,Gladys Jones,2.5083480051835094,9.842552642505025,0,4,0.0,0.0,6.0,0.6479482832510384,0,1,29.0,United States,1,Sciences,2,Club/Intramural,0.0,0.0,1,1.0,1
411,Eric Brickner,3.7659612141907486,52.96719884976134,2,0,0.0,0.0,2.0,0.6004899075338769,1,0,28.0,United States,1,Humanities,3,None,0.0,0.0,0,1.0,0
412,Ronald Morgan,2.17629319035324,20.312070519262882,0,4,0.0,0.0,1.0,0.480134602302065,0,0,26.0,China,1,Quantitative,2,None,0.0,0.0,1,1.0,2
413,Constance Hill,2.8935730063124288,12.970447445862213,0,4,0.0,0.0,4.0,0.4920250916197173,0,1,21.0,China,1,Humanities,2,Club/Intramural,0.0,0.0,2,1.0,1
414,Jose Bowling,3.8600517519569237,41.50344776083041,2,2,0.0,0.0,2.0,0.8882934710655651,0,0,27.0,United States,1,Humanities,1,NCAA/Professional,0.0,0.0,1,1.0,2
415,Wayne Hoover,2.8729868665664275,4.7565142449994156,0,1,0.0,0.0,2.0,0.8544611909556621,0,0,25.0,United States,1,Sciences,3,None,0.0,1.0,0,1.0,1
416,Jose Walker,3.780265419412852,51.292252367659344,2,2,0.0,0.0,5.0,0.9775175170226533,0,0,37.0,United States,2,Quantitative,2,None,0.0,0.0,2,1.0,1
417,Troy Woodby,3.1675482069209226,35.4716511219976,1,0,0.0,1.0,3.0,0.5201809972281017,0,0,25.0,United States,1,Humanities,2,Club/Intramural,0.0,0.0,0,1.0,0
418,Henry Whitlow,2.401333235978904,2.423879124365005,1,3,1.0,1.0,4.0,1.1200556134232564,0,0,24.0,United States,2,Engineering,2,Club/Intramural,0.0,0.0,1,1.0,1
419,Beatrice Mccarthy,3.0416845957645644,1.6119341296117895,1,0,0.0,0.0,2.0,0.9633552428924114,4,1,26.0,United States,1,Engineering,2,NCAA/Professional,0.0,0.0,1,1.0,0
420,Alvin Buff,2.919443593176082,32.668979933902904,1,3,0.0,0.0,2.0,0.6954415389739735,0,0,27.0,United States,1,Humanities,1,None,0.0,0.0,1,1.0,1
421,Charles Lawson,4.280818407893616,85.87204994605216,0,0,0.0,0.0,4.0,0.3382538882003081,0,0,24.0,United States,1,Sciences,1,None,0.0,0.0,1,1.0,0
422,Vanessa Johnson,3.992145591038714,66.10795682378861,2,0,1.0,1.0,1.0,0.6227202031303187,4,1,29.0,India,1,Engineering,2,Club/Intramural,0.0,0.0,2,1.0,0
423,Dorothy Gemmill,3.615515780152,1.3334167279307252,2,1,0.0,0.0,2.0,0.7347688167766133,0,1,22.0,United States,1,Humanities,1,None,0.0,0.0,1,1.0,0
424,Bernice Li,3.3772114440853382,61.188113529198745,2,2,0.0,0.0,4.0,0.7013997059634325,0,1,30.0,United States,1,Sciences,2,None,1.0,0.0,1,1.0,2
425,Katie Pearson,2.765438271027148,9.76521935105959,0,2,0.0,0.0,3.0,0.3281722811033142,0,1,24.0,United States,1,Quantitative,3,None,0.0,0.0,0,1.0,1
426,Toni Kenny,2.9275836752471074,29.39533990396353,0,4,0.0,0.0,5.0,0.4052102392245903,0,1,30.0,Canada,1,Engineering,2,Club/Intramural,0.0,0.0,1,1.0,0
427,Minnie Fleck,3.1556305110059975,48.71658487436147,2,3,0.0,0.0,4.0,0.742445870749511,3,1,28.0,United States,1,Humanities,3,None,0.0,0.0,1,1.0,1
428,Terry Newsome,2.6243794264876597,57.565362273258785,2,3,0.0,0.0,1.0,0.5502685294674126,3,0,30.0,United States,1,Humanities,1,Club/Intramural,0.0,0.0,1,1.0,1
429,Robin Valerio,3.830767887638835,75.69619890882228,0,4,0.0,0.0,5.0,0.7495053904117506,2,1,22.0,United States,1,Quantitative,2,None,0.0,0.0,2,1.0,1
430,Patrick Rybij,3.009707903009135,5.1624984103006355,0,1,0.0,0.0,5.0,0.7915425951375826,2,0,33.0,United States,1,Engineering,1,Club/Intramural,0.0,0.0,1,1.0,0
431,James Canizales,2.3274435403821645,64.12001747475695,2,0,0.0,0.0,2.0,0.4206169465818851,2,0,27.0,India,1,Engineering,1,Club/Intramural,0.0,0.0,1,1.0,2
432,Walter Reed,3.674245342849164,61.1724615207181,0,2,0.0,0.0,4.0,0.633051286828509,0,0,25.0,United States,0,None,0,None,0.0,0.0,1,1.0,0
433,Joyce Filip,3.065374406415638,28.05191008338078,2,0,0.0,1.0,2.0,0.8056032366025252,0,1,22.0,United States,1,Sciences,2,Club/Intramural,1.0,0.0,1,1.0,1
434,Martha Laird,2.6690994613656747,48.32996189167756,2,1,0.0,0.0,2.0,0.34757387194683576,0,1,30.0,United States,1,Humanities,2,None,0.0,0.0,0,1.0,2
435,George Zabel,2.7218902462100614,17.221430512600808,1,0,0.0,0.0,3.0,0.6626316365053654,0,0,32.0,China,1,Engineering,2,Club/Intramural,0.0,0.0,0,1.0,0
436,James Gonzales,4.290500632363183,11.340311837664876,0,0,1.0,0.0,3.0,0.9122010887207346,2,0,23.0,United States,2,Sciences,1,Club/Intramural,0.0,0.0,0,1.0,2
437,Barbara Vazquez,3.3415956505796442,35.78836122733106,2,4,1.0,0.0,3.0,0.44314581580620904,0,1,22.0,United States,1,Sciences,2,Club/Intramural,0.0,0.0,0,1.0,0
438,Bobbie Marsella,3.2356575125250155,30.700808735110854,2,0,0.0,0.0,1.0,0.2222346599409481,0,1,35.0,United States,0,None,0,None,1.0,1.0,1,1.0,1
439,Christopher Mccarthy,2.8352050163879614,8.2317915600022,2,2,0.0,0.0,2.0,0.5173229713042916,0,0,25.0,India,1,Quantitative,1,NCAA/Professional,1.0,1.0,1,1.0,0
440,William Spaulding,2.2842024636431555,25.75361496137593,0,1,0.0,0.0,2.0,0.6677274958355904,0,0,32.0,Mexico,1,Quantitative,1,None,0.0,0.0,0,1.0,2
441,Jane Lemire,3.319796082228746,25.32989561014263,2,2,1.0,0.0,2.0,0.403305347847775,0,1,25.0,United States,1,Humanities,1,Club/Intramural,0.0,0.0,2,1.0,1
442,Robert Crayton,2.1070493155235654,36.984750858837785,2,0,0.0,0.0,4.0,0.6064804804767324,3,0,31.0,China,0,None,0,None,0.0,0.0,2,1.0,1
443,Rocky Cawthorne,3.1089335115272476,89.24101052178376,1,4,0.0,0.0,2.0,0.5942747146157661,0,0,26.0,United States,2,Humanities,2,Club/Intramural,0.0,0.0,2,1.0,0
444,Joyce Thomson,3.526310941412504,50.58749349268299,0,2,1.0,0.0,5.0,0.24690826958397494,0,1,22.0,United States,1,Sciences,1,NCAA/Professional,0.0,0.0,1,1.0,0
445,Michael Zimmerman,2.8107460532632143,39.18793824422266,1,0,0.0,0.0,2.0,0.3835554082863081,4,0,25.0,United States,1,Quantitative,2,None,0.0,0.0,1,1.0,2
446,Andrew Bland,3.4706535228573547,83.02730942765257,2,0,0.0,0.0,5.0,0.4566990295272856,0,0,26.0,United States,1,Engineering,3,Club/Intramural,0.0,0.0,0,1.0,0
447,James Cox,2.8774576430548207,56.5581570283,0,2,0.0,0.0,3.0,0.4021998370450628,0,0,24.0,United States,1,Humanities,1,Club/Intramural,0.0,0.0,1,1.0,0
448,Nancy Deleon,3.264405885695576,20.311666606200433,1,3,0.0,0.0,3.0,0.027344427986804865,0,1,23.0,United States,1,Engineering,2,Club/Intramural,0.0,0.0,1,1.0,2
449,Charles Thompson,3.538072688607884,33.719797906293515,2,3,0.0,0.0,5.0,0.7527930290302441,0,0,24.0,United States,1,Quantitative,2,NCAA/Professional,0.0,0.0,2,1.0,0
450,Regina Barfield,3.2062562726276673,34.84717171048876,1,2,0.0,1.0,4.0,0.06124208339976961,4,1,35.0,United States,2,Engineering,2,None,0.0,0.0,0,1.0,1
451,Gerald Smith,3.5962761576169284,27.08915188341423,0,4,0.0,0.0,4.0,0.5732291221843642,0,0,29.0,United States,1,Engineering,2,None,0.0,0.0,1,1.0,2
452,John Ogilvie,3.76626936283628,48.04940926981459,1,0,0.0,0.0,2.0,0.34394671745043115,4,0,27.0,United States,1,Sciences,2,None,0.0,0.0,1,1.0,2
453,Shane Collins,3.2852002629976553,57.01819171893415,0,3,0.0,1.0,2.0,0.15636130099365825,1,0,26.0,United States,2,Sciences,2,Club/Intramural,0.0,0.0,1,1.0,0
454,Andrew Brito,2.377286881892921,32.7215675740986,2,4,1.0,0.0,1.0,0.7950667243600591,1,0,30.0,United States,1,Engineering,1,None,0.0,0.0,2,1.0,0
455,Eliza Moriarty,2.7372474245413523,94.48786023867302,2,2,1.0,0.0,4.0,0.5190779790132122,0,1,35.0,Mexico,1,Humanities,3,None,0.0,0.0,2,1.0,1
456,Isaac Doughty,1.5809834181002358,107.40402358312956,1,0,0.0,0.0,6.0,0.4470583236618801,0,0,23.0,United States,1,Engineering,2,None,0.0,0.0,0,1.0,1
457,Letitia Ralston,3.528619865901363,52.52626790195693,0,2,0.0,0.0,4.0,1.1509408157609917,0,1,31.0,United States,2,Quantitative,2,None,1.0,1.0,1,1.0,1
458,Donald Ortega,3.405779189665545,50.071551893015325,1,3,0.0,0.0,3.0,0.6232337704457367,4,0,22.0,United States,2,Engineering,3,None,0.0,0.0,1,1.0,1
459,Hilda Arnold,2.9071834316055396,48.37320051306058,1,1,0.0,0.0,3.0,0.6807527420738193,0,1,21.0,United States,1,Sciences,1,Club/Intramural,0.0,0.0,2,1.0,2
460,Alma Rushing,4.167549096101111,3.8741180820148244,0,1,1.0,0.0,3.0,0.9085487779121895,2,1,24.0,United States,1,Humanities,1,None,0.0,0.0,0,1.0,1
461,Joseph Wiggins,3.5362997042227056,29.77639198563223,2,3,0.0,0.0,1.0,0.6662132313696918,0,0,26.0,United States,1,Humanities,1,Club/Intramural,0.0,0.0,2,1.0,0
462,Kathryn Santos,3.8650757569978693,1.8060974150836415,1,4,1.0,0.0,2.0,0.5447115150255158,0,1,22.0,United States,1,Sciences,2,None,0.0,0.0,1,1.0,0
463,Roy Sitton,2.2998381946246664,4.368756047985261,1,1,0.0,0.0,4.0,-0.06531817680252261,0,0,23.0,United States,1,Sciences,3,None,0.0,0.0,0,1.0,2
464,Debra Barry,2.7543448685123697,39.9796143123345,2,4,1.0,0.0,1.0,0.5339072036266984,0,1,23.0,United States,2,Sciences,2,NCAA/Professional,1.0,1.0,0,1.0,2
465,Craig Jarboe,3.690038525119399,32.02484427031039,2,3,0.0,0.0,6.0,0.36033401673428933,0,0,23.0,United States,1,Engineering,1,Club/Intramural,0.0,0.0,1,1.0,2
466,Tanya Wansley,3.4364927726675423,5.377990457708819,1,0,0.0,0.0,5.0,0.5146696468567654,0,1,25.0,United States,1,Sciences,2,Club/Intramural,1.0,1.0,1,1.0,1
467,Carmen Scarlato,2.808954126333862,2.3558846106008815,2,0,1.0,0.0,4.0,0.6158676726351309,0,1,22.0,United States,1,Quantitative,2,None,0.0,0.0,2,1.0,2
468,Gary Miller,2.9059429321048933,66.28163916450404,1,2,0.0,0.0,4.0,0.7169202654893202,0,0,35.0,United States,2,Engineering,3,None,0.0,0.0,2,1.0,2
469,Ruth Brechbiel,3.133089808531798,24.119298603297207,1,3,0.0,0.0,3.0,0.4860039756664952,0,1,23.0,United States,2,Quantitative,2,Club/Intramural,1.0,1.0,0,1.0,0
470,Larry Seaney,2.8993691034260194,37.51695256567835,0,0,0.0,0.0,4.0,0.5302688561658555,0,0,23.0,United States,2,Quantitative,1,None,0.0,0.0,0,1.0,0
471,Richard Williams,3.18605091083747,19.19023464302935,2,2,0.0,0.0,3.0,0.8629196759193869,0,0,27.0,United States,0,None,0,None,0.0,0.0,1,1.0,2
472,Richard Gardner,3.1019197924692894,43.03753605112175,0,3,0.0,0.0,1.0,0.6046483289918754,0,0,24.0,United States,1,Humanities,2,None,0.0,0.0,1,1.0,0
473,Margaret Davidson,3.5864779447439608,18.049226692635436,1,2,0.0,0.0,1.0,0.5566031852189575,0,1,29.0,India,1,Quantitative,1,None,0.0,0.0,1,1.0,1
474,Randal Valenzuela,3.01663851020986,74.96126600499949,2,4,0.0,0.0,5.0,0.15714816775379709,0,0,26.0,United States,2,Engineering,2,None,0.0,0.0,1,1.0,2
475,Jacob Mills,3.3233721967985845,72.03613145780932,2,2,1.0,0.0,3.0,0.3705947785578499,0,0,33.0,United States,1,Quantitative,2,None,0.0,0.0,1,1.0,0
476,Ronald Petersen,3.07735800919281,13.722090746110391,2,3,1.0,0.0,3.0,0.4374292712552711,0,0,28.0,Mexico,1,Sciences,3,Club/Intramural,0.0,0.0,2,1.0,0
477,Robert Hargis,2.91174113312809,31.935190307471146,0,2,1.0,0.0,1.0,0.5392718434436714,0,0,24.0,United States,1,Engineering,2,None,0.0,0.0,1,1.0,1
478,Antonia Milton,3.459057691336925,78.29949616854059,1,0,0.0,0.0,4.0,0.4762468057151603,0,1,30.0,United States,1,Humanities,1,None,0.0,0.0,1,1.0,1
479,Thomas Corbett,2.5690108359828443,45.65423674336452,1,0,0.0,0.0,1.0,0.9419531650777679,4,0,22.0,United States,0,None,0,None,0.0,0.0,2,1.0,1
480,Aurora Romo,3.585518357635655,17.908747919113395,0,0,1.0,0.0,2.0,0.5336831082123606,0,1,31.0,United States,0,None,0,None,0.0,0.0,0,1.0,2
481,Juan Barber,3.145397249638334,65.01148631330614,1,1,0.0,0.0,3.0,0.36135080735995917,0,0,29.0,Mexico,1,Quantitative,1,None,0.0,0.0,0,1.0,0
482,Abraham Heisler,3.4639270345487883,19.10704690708075,2,0,0.0,0.0,1.0,0.2609434626732063,1,0,31.0,Mexico,1,Humanities,2,Club/Intramural,0.0,0.0,0,1.0,0
483,Jarrod Paxton,2.998054041140367,24.311965426587065,1,4,1.0,0.0,3.0,0.6125633455878998,0,0,35.0,United States,2,Sciences,2,None,0.0,0.0,2,1.0,2
484,John Vigil,2.6668254462236254,90.78793980766602,2,1,0.0,0.0,4.0,0.6965579978029306,0,0,22.0,United States,1,Quantitative,3,None,0.0,0.0,1,1.0,2
485,Ada Thomas,3.1529554893497664,56.06995344273523,0,3,0.0,0.0,0.0,0.5114327224450829,1,1,31.0,Canada,0,None,0,None,0.0,0.0,1,1.0,0
486,Wanda Kahl,3.4251774269427306,62.20714682832633,0,4,0.0,0.0,1.0,0.8923278829689116,2,1,28.0,United States,1,Quantitative,3,Club/Intramural,0.0,0.0,0,1.0,1
487,Virgilio Blomquist,3.428548095426368,33.84939479803923,2,2,0.0,0.0,5.0,0.12480671799980803,0,0,26.0,United States,1,Quantitative,1,None,0.0,0.0,1,1.0,1
488,Derrick Lewis,3.464318863223331,81.06514700606078,2,0,0.0,0.0,4.0,0.26325797555622626,0,0,23.0,United States,2,Engineering,3,Club/Intramural,0.0,0.0,1,1.0,2
489,Betty Zhang,2.954891967920676,27.832955106297657,1,4,0.0,0.0,2.0,0.6504416691825532,0,1,27.0,United States,1,Sciences,1,None,0.0,0.0,0,1.0,2
490,Carol Langel,3.7568062999281793,82.99480094989124,1,1,1.0,0.0,4.0,0.026379729639732008,0,1,21.0,United States,1,Sciences,2,Club/Intramural,0.0,0.0,1,1.0,2
491,Frank Baudoin,2.8867532146582597,82.01769852132048,1,1,0.0,0.0,4.0,0.7096680828113018,0,0,24.0,United States,1,Humanities,2,NCAA/Professional,0.0,0.0,2,1.0,2
492,John Combass,2.7101492693351967,35.46266977840282,1,2,0.0,1.0,4.0,-0.06782676155288259,3,0,28.0,United States,1,Humanities,1,None,0.0,0.0,2,1.0,2
493,Michael Aviles,3.7416262942007403,34.91513379236091,0,1,0.0,0.0,2.0,0.6550911797054152,0,0,27.0,United States,2,Engineering,2,None,0.0,0.0,0,1.0,0
494,Allison Castellanos,2.193951064312397,38.116939499381274,0,0,0.0,0.0,3.0,0.7585331525318504,2,1,25.0,India,1,Humanities,2,None,1.0,1.0,0,1.0,1
495,Edna Hammons,3.1924949039506356,33.8819507584542,2,2,0.0,0.0,4.0,0.3103927678047542,0,1,22.0,United States,1,Sciences,1,Club/Intramural,0.0,0.0,0,1.0,1
496,Leona Andrews,4.073556463325364,78.36202548555734,1,0,0.0,0.0,1.0,0.5704927953233478,0,1,29.0,United States,1,Sciences,2,Club/Intramural,0.0,0.0,0,1.0,2
497,Paul Fontenot,3.533687144540801,61.247577558363936,1,2,0.0,0.0,5.0,0.5303327792791672,0,0,25.0,United States,1,Quantitative,1,NCAA/Professional,0.0,0.0,1,1.0,2
498,Cheryl Ortiz,3.506630081869582,21.61276189272546,2,1,0.0,0.0,1.0,0.009571037299883123,0,1,33.0,United States,1,Sciences,2,None,0.0,0.0,1,1.0,2
499,Walter Johnson,3.0423337850453325,20.202656013082137,1,3,0.0,0.0,4.0,0.4141693908227908,2,0,29.0,United States,2,Quantitative,2,Club/Intramural,0.0,0.0,1,1.0,0
