,Unnamed: 0,Unnamed: 0.1,Education,GPA,Educational Prestige,Years of Experience,Soft Skills,Manager's Assessment Score,Military Tenure,Avg Commute Time,Job Tenure,Cultural Fit,Leadership Capability,Sports,Technical Aptitude,Avg Deals Closed,Employee Referral,Names,Age,race_African-American,race_Asian,race_Caucasian,race_Hispanic,race_Other,gender_female,gender_male,origin_Australia,origin_Canada,origin_China,origin_India,origin_Mexico,origin_United States,criminal_0.0,criminal_1.0,arrest_0.0,arrest_1.0,linkedin_None,linkedin_Ok,linkedin_Very Good,socmedia_Bad,socmedia_Good,hirevue_0.0,hirevue_1.0,hirevue_2.0,degree_Engineering,degree_Humanities,degree_Quantitative,degree_Sciences,Race,Label
0,0,0,-0.4592220804186845,3.048771671567786,1.1995001316738714,-0.21317754330446093,1.6489892001175244,-0.49586536331721637,2.438874448622025,16.432645040864855,0.16510827754939084,-1.5804227115644442,2.438874448622025,16.432645040864855,-1.5804227115644442,0.37271773546983233,0.0,Lee Burrell,24.0,0,0,1,0,0,0,1,0,0,0,0,0,1,1,0,0,1,0,1,0,1,0,1,0,0,1,0,0,0,Caucasian,2
1,1,1,0.4941458582029736,3.1689765771936864,3.0674386885666074,7.5949327004648115,3.843575796707978,0.25869433031355255,2.3825927760298287,4.654186907745128,0.6283896938200721,2.218223636228976,2.3825927760298287,4.654186907745128,2.218223636228976,0.7207966636690614,0.0,Robert Greer,27.0,0,0,1,0,0,0,1,0,0,0,0,1,0,1,0,1,0,0,0,1,0,1,0,0,1,1,0,0,0,Caucasian,2
7,7,7,-2.3877110595175,3.0133574172716853,2.248994942299142,-0.6758265296291839,2.532895447502125,-0.6566618400195272,1.5676138792614869,4.7874356499472,0.7772264193402851,3.3716583209166275,1.5676138792614869,4.7874356499472,3.3716583209166275,0.8326227073571363,0.0,Paul Ashby,29.0,0,0,1,0,0,0,1,0,1,0,0,0,0,0,1,0,1,0,1,0,0,1,1,0,0,1,0,0,0,Caucasian,2
9,9,9,-1.5156706877461226,2.6305647372454897,0.9311832451669886,5.227952226511252,2.6714149692450344,-0.48386286969405395,1.4459800816460342,4.950292483133211,0.5099819002246335,1.0697851956017892,1.4459800816460342,4.950292483133211,1.0697851956017892,0.631832901174744,0.0,Jimmy Tate,27.0,0,0,1,0,0,0,1,0,0,1,0,0,0,1,0,0,1,0,0,1,0,1,1,0,0,0,1,0,0,Caucasian,2
14,14,14,-0.06289731502712519,3.011785932505554,1.5886402389303529,7.668130115250275,3.908852050542962,0.24876359199294312,0.9106885652504684,61.32805707752986,0.037228679128767254,-2.37131184050531,0.9106885652504684,61.32805707752986,-2.37131184050531,0.27663748706463537,0.0,David Burlett,37.0,0,0,1,0,0,0,1,0,1,0,0,0,0,1,0,1,0,0,1,0,0,1,0,0,1,0,0,1,0,Caucasian,2
18,18,18,0.3280297852291523,3.088931588228604,3.0929953703554034,5.853257313864987,3.179775497847916,-0.0243820908890606,3.4996416184748083,26.67824438021321,0.775484499314208,3.349812126951877,3.4996416184748083,26.67824438021321,3.349812126951877,0.8313139441855711,0.0,Michael Swaby,28.0,0,0,1,0,0,0,1,0,0,0,0,1,0,1,0,1,0,0,1,0,0,1,1,0,0,1,0,0,0,Caucasian,2
22,22,22,-0.3224097679547255,3.699258436302587,2.16614201293363,4.7192799012412765,4.4729464335325275,0.4703953671357876,2.7429857209261086,61.6648560296148,0.15636785975485398,-0.8590897939424746,2.7429857209261086,61.6648560296148,-0.8590897939424746,0.3661507652632003,1.0,John Bedell,35.0,0,0,1,0,0,0,1,0,1,0,0,0,0,1,0,1,0,0,0,1,0,1,0,0,1,0,0,1,0,Caucasian,2
23,23,23,-1.1482316480858503,2.6558055369183724,0.34097883319528943,2.9758425271479334,2.0987549656980566,-0.5079102603191111,2.0727216810393845,65.36751022967857,0.0,-3.6251448087312372,2.0727216810393845,65.36751022967857,-3.6251448087312372,0.24866632682745674,0.0,Mitchell Smith,25.0,0,0,1,0,0,0,1,0,0,0,1,0,0,1,0,0,1,0,1,0,0,1,1,0,0,1,0,0,0,Caucasian,2
26,26,26,-0.7645436717241164,2.7658242273617204,1.7434969635339133,5.821850121908691,2.9896534060194906,-0.26205305621321057,2.4809846976728527,4.159965676245957,0.6092219296938135,2.14585861190274,2.4809846976728527,4.159965676245957,2.14585861190274,0.7063952770415745,0.0,Jason Stratton,28.0,0,0,1,0,0,0,1,1,0,0,0,0,0,1,0,1,0,1,0,0,0,1,1,0,0,0,0,1,0,Caucasian,2
33,33,33,1.2142525393382673,2.314056402666235,0.6757608757049045,5.815671968009125,3.050401497781595,0.3920275428716203,1.5402328022694411,69.43258593779969,0.39518904539517424,0.8846239163724486,1.5402328022694411,69.43258593779969,0.8846239163724486,0.5455851639017638,1.0,Anthony Dulaney,25.0,0,0,1,0,0,0,1,0,0,0,0,0,1,1,0,1,0,0,0,1,0,1,0,0,1,0,0,1,0,Caucasian,2
39,39,39,0.23374682077903,3.5808552234092352,2.602564802405391,4.923360366171124,3.2585994869091177,0.05802378720280776,3.8079153622943633,4.365362140617839,0.4348873839883431,0.8362771062481865,3.8079153622943633,4.365362140617839,0.8362771062481865,0.5754118624558167,0.0,Matthew Kim,26.0,0,0,1,0,0,0,1,1,0,0,0,0,0,0,1,1,0,0,1,0,0,1,1,0,0,1,0,0,0,Caucasian,2
40,40,40,0.4671928328918081,2.845188196746163,1.4594491209845415,5.545333049129498,3.5622089897243683,0.3572511657054856,1.7791391143716484,2.7840608515670056,0.0,-5.5382916514336245,1.7791391143716484,2.7840608515670056,-5.5382916514336245,0.24866632682745674,0.0,Gary Aguiar,26.0,0,0,1,0,0,0,1,0,0,1,0,0,0,1,0,1,0,0,0,1,0,1,0,0,1,0,0,1,0,Caucasian,2
41,41,41,0.4796455118378221,3.5011333117344705,3.681481211853925,0.8018462545648206,4.042775736433773,0.5665130268425098,3.4782177370156497,5.153206613508921,0.3707365433381819,0.16510171940826968,3.4782177370156497,5.153206613508921,0.16510171940826968,0.5272131757130247,1.0,Michael Crawford,23.0,0,0,1,0,0,0,1,0,0,0,0,0,1,1,0,1,0,0,0,1,0,1,0,0,1,1,0,0,0,Caucasian,2
45,45,45,-0.04522025796089847,3.4887581312830447,2.1964461798180515,7.243903076730522,3.43519194625974,-0.012973427806608899,2.859822448273545,25.73112051714776,0.2620594895232656,-0.4237289305765041,2.859822448273545,25.73112051714776,-0.4237289305765041,0.4455604456806935,0.0,Joseph Adams,27.0,0,0,1,0,0,0,1,0,1,0,0,0,0,1,0,1,0,1,0,0,1,0,1,0,0,0,0,1,0,Caucasian,2
53,53,53,0.891133370870806,3.3982415075183905,1.5982590604374352,5.715561215316192,3.72229250683139,0.4891455173123215,2.075405120482845,74.46262977930455,0.0,-2.928876580467047,2.075405120482845,74.46262977930455,-2.928876580467047,0.24866632682745674,1.0,John Pugh,24.0,0,0,1,0,0,0,1,0,0,0,1,0,0,1,0,1,0,0,0,1,0,1,0,0,1,0,0,1,0,Caucasian,2
56,56,56,-0.6179830860907239,3.632962159539609,3.947821589042327,1.5563651703132688,4.003311503723007,0.21003673442908022,0.1696380035813596,6.15046163173659,0.6979051500502325,2.4935455602923486,0.1696380035813596,6.15046163173659,2.4935455602923486,0.773025966740733,0.0,Joe Day,23.0,0,0,1,0,0,0,1,1,0,0,0,0,0,1,0,1,0,0,0,1,0,1,0,0,1,0,0,1,0,Caucasian,2
62,62,62,-0.3896832681694121,2.866873998693076,2.2792855801395704,2.965579297048288,2.372221671010492,-0.34600694991519493,1.9053167295444853,3.2075127008629067,0.15206231086073546,-1.8673932196282763,1.9053167295444853,3.2075127008629067,-1.8673932196282763,0.3629158613975582,0.0,Marty Hernandez,29.0,0,0,1,0,0,0,1,0,0,0,0,0,1,1,0,1,0,0,1,0,1,0,0,1,0,0,1,0,0,Caucasian,2
64,64,64,-0.2853512215451671,3.6906368002875753,4.406125722606483,4.391237206730618,4.05650554233776,0.1572859303661129,3.344145953088748,1.7583726588818818,0.42502987206039916,0.6691269111815187,3.344145953088748,1.7583726588818818,0.6691269111815187,0.5680055818106525,0.0,Joseph Au,26.0,0,0,1,0,0,0,1,0,1,0,0,0,0,1,0,0,1,1,0,0,0,1,0,1,0,0,1,0,0,Caucasian,2
69,69,69,0.7279885715952972,2.9519861893216737,3.2262660645254453,6.268005695234415,3.779136202617413,0.36822485836537805,0.0,71.68937945272722,0.3560637341377147,0.3331156927290725,0.0,71.68937945272722,0.3331156927290725,0.5161890000806778,1.0,Rodney Langdon,25.0,0,0,1,0,0,0,1,0,1,0,0,0,0,1,0,1,0,0,1,0,0,1,0,0,1,0,1,0,0,Caucasian,2
71,71,71,1.020617098655972,3.585189913244692,1.7576156872476625,6.692733335000884,3.6273575127698634,0.403824680922892,2.453528664867148,66.9753385811554,0.0,-2.5170413142205508,2.453528664867148,66.9753385811554,-2.5170413142205508,0.24866632682745674,1.0,Fredrick Woodall,25.0,0,0,1,0,0,0,1,0,0,1,0,0,0,1,0,1,0,1,0,0,0,1,0,1,0,1,0,0,0,Caucasian,2
73,73,73,0.5896920590541578,2.8496028475283786,2.4319840631799874,7.4840995731745315,3.2809119829716336,0.10099792549615183,2.102334969617813,3.0966356992831443,0.15060450170452833,-1.935750315044018,2.102334969617813,3.0966356992831443,-1.935750315044018,0.3618205602894406,1.0,James Payton,23.0,0,0,1,0,0,0,1,0,0,0,0,0,1,1,0,1,0,0,1,0,0,1,0,1,0,1,0,0,0,Caucasian,2
74,74,74,-1.4101352523610642,2.3288798890943103,0.814190614213784,0.2541748534349826,0.8701385861203073,-1.030750739833602,0.9409845663856172,75.87889436626645,0.010529701388802644,-2.393318614303736,0.9409845663856172,75.87889436626645,-2.393318614303736,0.2565776460493159,0.0,Brandon Smith,26.0,0,0,1,0,0,0,1,0,0,0,0,0,1,0,1,0,1,1,0,0,0,1,0,1,0,0,1,0,0,Caucasian,2
76,76,76,-0.3965434615442986,2.9231117075206816,2.2723256176170907,2.262022345315092,2.6302087411431,-0.22514298606786556,0.0,73.97983847191685,0.41103969081312913,0.8610281613537341,0.0,73.97983847191685,0.8610281613537341,0.5574942875457913,0.0,David Williams,26.0,0,0,1,0,0,0,1,0,0,0,0,0,1,1,0,1,0,0,1,0,0,1,0,1,0,0,0,1,0,Caucasian,2
80,80,80,1.340185045497364,3.049714585547043,2.3089420035868007,3.1154014575798845,2.433152183636382,0.09776844483448482,2.5121987997476443,5.756315220064857,0.5233023047066252,1.2350692581404172,2.5121987997476443,5.756315220064857,1.2350692581404172,0.6418409696023428,1.0,Rico Gilmore,32.0,0,0,1,0,0,0,1,0,0,0,1,0,0,1,0,1,0,0,1,0,0,1,0,1,0,0,0,1,0,Caucasian,2
82,82,82,-0.4375392969365775,3.3149227866658966,2.6451278655962405,2.7970116339089413,3.559760109731791,0.12900156042721217,0.8955370432849348,66.44948532661677,0.0,-3.294905667633735,0.8955370432849348,66.44948532661677,-3.294905667633735,0.24866632682745674,0.0,David Garcia,26.0,0,0,1,0,0,0,1,1,0,0,0,0,0,1,0,1,0,1,0,0,1,0,0,1,0,0,0,0,1,Caucasian,2
84,84,84,-0.31900542301590784,1.9950223166691583,1.7324735490338017,2.341239215938543,1.8868152536924585,-0.42262818669430197,1.6793509517956435,28.00136950394657,0.8655799544165497,4.509218519568711,1.6793509517956435,28.00136950394657,4.509218519568711,0.8990056934037653,0.0,Calvin Torres,26.0,0,0,1,0,0,0,1,0,0,0,0,0,1,1,0,0,1,0,1,0,0,1,0,1,0,0,1,0,0,Caucasian,2
85,85,85,-0.699817789233466,2.434247449183843,0.8217034537547414,1.987035807429044,1.5861574367061857,-0.586250964788982,2.4915636928499048,15.33283460264259,0.5393665257499646,1.5460629598582336,2.4915636928499048,15.33283460264259,1.5460629598582336,0.6539105598054907,1.0,Robert Hanscom,27.0,0,0,1,0,0,0,1,0,0,1,0,0,0,0,1,0,1,0,1,0,1,0,0,1,0,0,0,1,0,Caucasian,2
86,86,86,-0.6899489241924429,2.4462952609996247,0.7633793122994226,3.239385996390552,2.1674006751552253,-0.3765138893529739,0.9772292603557582,67.96063810387979,0.16462947222282812,-1.0044706371564958,0.9772292603557582,67.96063810387979,-1.0044706371564958,0.3723579929050912,0.0,Joseph Gray,26.0,0,0,1,0,0,0,1,0,1,0,0,0,0,1,0,1,0,1,0,0,0,1,0,1,0,1,0,0,0,Caucasian,2
91,91,91,0.7731511437820137,2.6963943611688976,1.7370823071190369,3.064628739067905,1.9298914337258533,-0.20039218072233983,3.3150531841246806,0.8237957272154439,0.2289127504864875,-0.9839452916588892,3.3150531841246806,0.8237957272154439,-0.9839452916588892,0.4206561844864992,0.0,Thomas Huls,28.0,0,0,1,0,0,0,1,0,0,0,0,1,0,1,0,1,0,1,0,0,0,1,0,1,0,0,0,0,1,Caucasian,2
96,96,96,0.16595038240408594,3.29811747220688,2.3276225111195386,7.005447895308558,3.8150925974067538,0.24713760352129216,0.0,28.780995332334854,0.4884060618510194,0.942412236793112,0.0,28.780995332334854,0.942412236793112,0.6156222472777194,0.0,Kelly Jolly,31.0,0,0,1,0,0,0,1,1,0,0,0,0,0,1,0,1,0,0,0,1,0,1,0,1,0,0,0,1,0,Caucasian,2
100,100,100,-1.0107017189940384,4.093056451702335,2.381060881019971,4.879880927193134,4.1074861801009765,0.09091456402039748,3.4049429565301974,29.85346699075253,0.6842340297135441,2.485067536890872,3.4049429565301974,29.85346699075253,2.485067536890872,0.7627543936817847,0.0,Michael Gilbert,28.0,0,0,1,0,0,0,1,0,0,0,0,0,1,1,0,1,0,0,1,0,0,1,0,1,0,0,0,1,0,Caucasian,2
102,102,102,-0.9404861423162554,3.5626952878507314,0.8870444724712012,1.3207843816476648,3.028969721809067,-0.0779240602734096,3.4367470158105884,5.9632690515440245,0.36542772193290807,0.18886266760085613,3.4367470158105884,5.9632690515440245,0.18886266760085613,0.5232244794263833,0.0,Ed Gaither,27.0,0,0,1,0,0,0,1,0,0,0,1,0,0,1,0,1,0,0,1,0,1,0,0,1,0,1,0,0,0,Caucasian,2
103,103,103,-0.0143004472999021,3.19088399083241,2.21564341256256,4.019647107904576,3.3514479811275897,0.12607845601533438,3.1503140750357908,27.638285821273406,0.6893357961398475,2.5797505673707484,3.1503140750357908,27.638285821273406,2.5797505673707484,0.7665875225905278,0.0,Gerald Arrington,29.0,0,0,1,0,0,0,1,0,0,0,1,0,0,1,0,1,0,0,0,1,1,0,0,1,0,0,0,1,0,Caucasian,2
108,108,108,1.2044791818158906,2.9671002602973764,2.042526024280188,9.992961773746623,3.849609559009907,0.44235466858799616,2.6866672343380533,4.208077103598484,0.43332647888836184,0.33410428873886605,2.6866672343380533,4.208077103598484,0.33410428873886605,0.5742391018935741,1.0,Quentin Rodriguez,21.0,0,0,1,0,0,0,1,0,0,0,0,0,1,1,0,1,0,1,0,0,0,1,0,1,0,1,0,0,0,Caucasian,2
113,113,113,-0.5022459579561777,2.4849698436553367,1.0703548441235315,0.5324182950316456,1.887181856336945,-0.3656857562568288,4.694168235166932,5.8124314055921875,0.11031393993965938,-1.9312495624563,4.694168235166932,5.8124314055921875,-1.9312495624563,0.33154890452445634,0.0,Rigoberto Summers,23.0,0,0,1,0,0,0,1,0,0,1,0,0,0,1,0,0,1,0,1,0,0,1,1,0,0,0,1,0,0,Caucasian,2
115,115,115,0.7856908753350355,2.834962445756946,1.2082129502925762,6.790231357314032,3.092186005269661,0.16232960972144536,1.847261984185434,3.7696852543240738,0.26192911545701303,-1.1130639150944852,1.847261984185434,3.7696852543240738,-1.1130639150944852,0.44546249125460946,1.0,Douglas Cumming,21.0,0,0,1,0,0,0,1,0,0,0,0,0,1,1,0,1,0,0,0,1,0,1,1,0,0,0,0,1,0,Caucasian,2
121,121,121,0.26425837605029584,2.719733660007825,1.6772450726772168,2.1261235114457264,1.8475467882261185,-0.3194824254146783,2.033020685404788,3.5435804398810973,0.6537686491068314,2.4216224147942187,2.033020685404788,3.5435804398810973,2.4216224147942187,0.7398647273659437,0.0,Kenneth Radin,35.0,0,0,1,0,0,0,1,0,0,0,0,0,1,1,0,1,0,1,0,0,1,0,1,0,0,0,0,1,0,Caucasian,2
124,124,124,0.444069435276943,3.4390974505143417,1.553965740650386,4.7513119013632,3.6267702121393417,0.3703210515788296,3.929473427000623,1.5935537749626327,0.6829455439801719,2.8694743862616194,3.929473427000623,1.5935537749626327,2.8694743862616194,0.7617863109628997,1.0,Ronnie Spooner,30.0,0,0,1,0,0,0,1,0,1,0,0,0,0,1,0,0,1,0,1,0,0,1,0,0,1,1,0,0,0,Caucasian,2
129,129,129,-0.06851821112620861,2.4650015979402937,1.3796994474093331,2.892424354378244,2.129108760474051,-0.2899233798329029,1.6277566666575738,75.52154615726805,0.29298269786776154,0.05111023819844756,1.6277566666575738,75.52154615726805,0.05111023819844756,0.46879409339244354,0.0,Ronald Hernandez,28.0,0,0,1,0,0,0,1,0,0,0,0,0,1,1,0,1,0,1,0,0,0,1,1,0,0,0,1,0,0,Caucasian,2
133,133,133,-1.2832160325174389,2.6919629611188642,3.447995963826436,-2.9930733470482966,2.4638809389397607,-0.38726192292780126,2.8153991519310515,68.33096509453961,0.24275010166839028,-0.18377518508733426,2.8153991519310515,68.33096509453961,-0.18377518508733426,0.4310526523769767,0.0,Harold Nickels,23.0,0,0,1,0,0,0,1,0,0,0,1,0,0,1,0,1,0,1,0,0,0,1,1,0,0,0,0,0,1,Caucasian,2
141,141,141,-0.05111701208909202,3.4191606748586554,1.5470991758023072,2.063401895924936,2.4855847167461267,-0.18560455994078473,1.9943868934632976,16.288218340463686,0.4226084240947185,0.4910859796581561,1.9943868934632976,16.288218340463686,0.4910859796581561,0.5661862664162015,0.0,Robert Williams,25.0,0,0,1,0,0,0,1,1,0,0,0,0,0,1,0,1,0,1,0,0,0,1,1,0,0,0,0,0,1,Caucasian,2
142,142,142,0.722729077844634,3.220256287638355,1.7675798114150347,1.4813213805685717,2.8347658295047067,0.23602851397579594,2.8444366707346536,25.88823254330781,0.14949247162180998,-1.3397986229372305,2.8444366707346536,25.88823254330781,-1.3397986229372305,0.3609850546427135,1.0,Bruce Allen,24.0,0,0,1,0,0,0,1,0,0,0,1,0,0,1,0,1,0,0,1,0,0,1,0,0,1,1,0,0,0,Caucasian,2
143,143,143,-0.9848238777472452,2.301265024485548,2.866210282724816,-1.341833893062578,2.203034306717169,-0.40334917010748994,4.04276437042356,26.560964132682106,0.4330345533132872,1.0963526218676798,4.04276437042356,26.560964132682106,1.0963526218676798,0.5740197683789603,0.0,John Helland,29.0,0,0,1,0,0,0,1,0,0,1,0,0,0,1,0,1,0,0,1,0,0,1,1,0,0,1,0,0,0,Caucasian,2
146,146,146,0.7093129311716582,3.591581172013412,3.3357210829144197,4.811681271969864,4.143582674887914,0.5304940627993879,2.1847965918871988,75.51120949643048,0.045453701646545525,-2.000619277526368,2.1847965918871988,75.51120949643048,-2.000619277526368,0.2828172234448446,1.0,Bryan Plourde,21.0,0,0,1,0,0,0,1,0,0,0,0,0,1,1,0,1,0,0,1,0,0,1,0,0,1,0,0,1,0,Caucasian,2
152,152,152,1.3761363022441866,2.465758657308485,2.544084641879975,3.859740806785288,3.271054361898837,0.48743286343239584,0.5778765438885374,61.091284442761705,0.6074148728271461,2.480028852287554,0.5778765438885374,61.091284442761705,2.480028852287554,0.7050375743683096,1.0,Irvin Ricker,28.0,0,0,1,0,0,0,1,0,0,0,0,0,1,1,0,1,0,0,0,1,0,1,0,0,1,1,0,0,0,Caucasian,2
156,156,156,0.375065005735678,3.0818783871690463,1.96912851356066,5.358718542038649,2.2859152464946537,-0.2644599184871821,2.3761942333343766,29.400568896637047,0.0,-4.753840220590692,2.3761942333343766,29.400568896637047,-4.753840220590692,0.24866632682745674,1.0,James Ott,35.0,0,0,1,0,0,0,1,1,0,0,0,0,0,1,0,1,0,1,0,0,0,1,1,0,0,1,0,0,0,Caucasian,2
157,157,157,0.4538501228232985,3.3741400428158768,2.3569194659795176,5.920751870606952,4.359898296031498,0.6017507324612117,2.4175254465703424,2.0275826458201216,0.5150772402939929,1.3471476935870406,2.4175254465703424,2.0275826458201216,1.3471476935870406,0.6356612017451191,0.0,Samuel Beckley,29.0,0,0,1,0,0,0,1,0,0,0,1,0,0,1,0,1,0,0,1,0,0,1,0,0,1,0,0,1,0,Caucasian,2
162,162,162,-0.30106179712619,2.6725506402158183,0.972457249102006,6.104104489828421,2.748537111101214,-0.1951771785384028,2.8844990673058635,70.7773899750437,0.0,-3.6284734812203903,2.8844990673058635,70.7773899750437,-3.6284734812203903,0.24866632682745674,0.0,Kelvin Trent,26.0,0,0,1,0,0,0,1,1,0,0,0,0,0,1,0,1,0,0,0,1,0,1,1,0,0,1,0,0,0,Caucasian,2
164,164,164,-1.0574061162434027,3.4567680257295024,2.5900302610120685,1.1224932041781814,2.8004453365052053,-0.2958771683867132,4.702827693673214,25.029804773552804,0.2137806437611891,-0.5853879064266931,4.702827693673214,25.029804773552804,-0.5853879064266931,0.409286923157742,0.0,Bobby Chase,30.0,0,0,1,0,0,0,1,0,0,0,0,0,1,1,0,1,0,1,0,0,0,1,1,0,0,1,0,0,0,Caucasian,2
170,5,5,0.2107227188183046,3.016069577781102,-0.2255780618150789,2.5710478334255287,-0.5314600988531711,-0.12217617937208278,2.3659461398800072,64.06301085056177,0.39880126534089066,0.8698543272790817,2.3659461398800072,64.06301085056177,0.8698543272790817,0.5482991463818861,0.0,Ronald Hunter,31.0,1,0,0,0,0,0,1,0,1,0,0,0,0,0,1,0,1,1,0,0,0,1,1,0,0,1,0,0,0,African-American,2
173,8,8,-0.1901064734934716,3.1898498983878145,0.24744507539670146,7.089784370343713,0.9097350820323156,0.17951184532095202,0.5640493843686705,69.6060735823203,0.03532492145012957,-1.9321997243219893,0.5640493843686705,69.6060735823203,-1.9321997243219893,0.27520712981511414,0.0,Scott Hartung,22.0,1,0,0,0,0,0,1,0,0,0,0,1,0,0,1,1,0,0,1,0,0,1,1,0,0,1,0,0,0,African-American,2
184,19,19,-0.7118598500550294,3.2604736219669133,0.8969598674175797,1.598028198794578,0.11537495426178658,-0.10674655504030586,1.7818118149223805,63.41605653824955,0.26595663211437376,-0.2173843559214444,1.7818118149223805,63.41605653824955,-0.2173843559214444,0.4484885001385479,0.0,Al Thornton,23.0,1,0,0,0,0,0,1,0,0,0,0,1,0,1,0,0,1,1,0,0,1,0,0,1,0,0,0,0,1,African-American,2
187,22,22,-0.696825957577935,2.9432219466503238,0.22121780532779,-2.58435277812862,-0.8696102981265286,-0.27993399562148413,0.0,70.95020045320155,0.0,-5.761620332413233,0.0,70.95020045320155,-5.761620332413233,0.24866632682745674,0.0,Ronald Steen,25.0,1,0,0,0,0,0,1,0,0,1,0,0,0,1,0,0,1,1,0,0,0,1,0,1,0,0,0,1,0,African-American,2
190,25,25,1.2866525698630602,2.9132065000119316,1.1821665927983198,5.666076811615008,1.1192448742739929,0.6966282072436231,1.448339656657022,29.536835091688665,0.24104372157907675,-0.8180400917849131,1.448339656657022,29.536835091688665,-0.8180400917849131,0.42977059155664427,1.0,Jesus Sheehan,34.0,1,0,0,0,0,0,1,1,0,0,0,0,0,1,0,1,0,1,0,0,0,1,0,1,0,1,0,0,0,African-American,2
191,26,26,0.5166857567014987,2.8245322425611077,0.3540250384103562,2.8877496675702297,-0.2765621408953792,0.041967493460662975,1.3308278062917718,29.690341502023987,0.23076858996015953,-0.925572389280312,1.3308278062917718,29.690341502023987,-0.925572389280312,0.4220505391750718,0.0,Caleb Salvemini,22.0,1,0,0,0,0,0,1,0,1,0,0,0,0,1,0,1,0,0,0,1,0,1,0,1,0,0,0,1,0,African-American,2
193,28,28,-0.6469873259626794,3.2051050003820616,0.4111002490350664,1.580108746866154,-0.4214819791208055,-0.3027490867149268,0.6257487221242957,26.220473198505072,0.09605244785581028,-1.6973807594954933,0.6257487221242957,26.220473198505072,-1.6973807594954933,0.32083376529217683,0.0,Wallace Blanche,21.0,1,0,0,0,0,0,1,0,0,0,0,1,0,1,0,0,1,1,0,0,0,1,0,1,0,1,0,0,0,African-American,2
195,30,30,-2.3065595262096377,3.4496683702145963,-1.3674081862787906,-2.6685635749621524,-0.6414612960333751,-0.5392504979047471,2.06924309141004,73.99640429928273,0.2786088225596338,-0.13136917571301449,2.06924309141004,73.99640429928273,-0.13136917571301449,0.45799451685946363,1.0,Paul Aguilar,22.0,1,0,0,0,0,0,1,0,1,0,0,0,0,1,0,0,1,1,0,0,1,0,1,0,0,0,0,1,0,African-American,2
197,32,32,-0.7665061036777491,3.3899515748115885,0.8561015306693299,0.3844879150758676,0.006756224100889006,-0.12307693711630827,1.260810957072914,69.67707611248565,0.12769940255060638,-1.3540100992779904,1.260810957072914,69.67707611248565,-1.3540100992779904,0.344611188007743,0.0,Michael Hahn,23.0,1,0,0,0,0,0,1,0,1,0,0,0,0,1,0,0,1,1,0,0,1,0,1,0,0,0,0,0,1,African-American,2
202,37,37,1.5784785873159326,3.064936535080917,1.2702007956707888,6.943628076627059,1.6987015825587266,0.9826367610859931,0.8247249827735132,29.30705425983045,0.09495812553940437,-2.07902626038592,0.8247249827735132,29.30705425983045,-2.07902626038592,0.3200115640865569,1.0,Patrick Ransbottom,30.0,1,0,0,0,0,0,1,0,0,0,0,0,1,1,0,1,0,0,0,1,0,1,0,0,1,0,1,0,0,African-American,2
204,39,39,-0.3184258008118342,2.3010544842871856,0.5552082536233364,4.377148742189666,-0.4453757542572141,-0.2910365260089294,3.1755139957605705,27.15118825288984,0.6065707395728045,1.8919104769275568,3.1755139957605705,27.15118825288984,1.8919104769275568,0.7044033486296778,0.0,Harold Harrison,27.0,1,0,0,0,0,0,1,0,0,0,1,0,0,1,0,1,0,0,1,0,1,0,1,0,0,1,0,0,0,African-American,2
208,1,1,0.060529402564165134,2.1681540210970383,0.6157622128137501,1.017939279861443,2.2844173292112586,-0.1455066119867396,2.126433664573519,24.42647327358728,0.32332769305357323,-0.6203561794405191,2.126433664573519,24.42647327358728,-0.6203561794405191,0.49159331008780255,0.0,Emmitt Goldstein,24.0,0,1,0,0,0,0,1,0,0,0,0,1,0,1,0,1,0,0,1,0,0,1,1,0,0,1,0,0,0,Asian,2
212,5,5,1.450782087483758,2.8872379427428103,0.8906433136330428,1.155423664544006,2.5831340536488963,0.26415869456523305,3.0802711401392973,70.78398697006855,0.47373494659466264,1.291566662124219,3.0802711401392973,70.78398697006855,1.291566662124219,0.6045993443626233,0.0,Scott Collins,23.0,0,1,0,0,0,0,1,1,0,0,0,0,0,1,0,1,0,0,1,0,0,1,0,0,1,1,0,0,0,Asian,2
216,9,9,0.5490154677907142,3.5262296227132004,0.1709725643419361,7.116592248057763,4.295270346639823,0.5515888510806426,0.0,80.0900743348368,0.0,-2.6666865398878588,0.0,80.0900743348368,-2.6666865398878588,0.24866632682745674,1.0,John Rau,25.0,0,1,0,0,0,0,1,0,1,0,0,0,0,1,0,1,0,0,1,0,0,1,0,0,1,0,0,0,1,Asian,2
217,10,10,-0.3869088706177392,3.3345450773480314,0.6639128917503306,0.8114381975274183,2.7435222695712,-0.1378724446367667,3.4934847887177525,5.004067583477905,0.6414172288685799,2.2478141324785,3.4934847887177525,5.004067583477905,2.2478141324785,0.7305846894294405,0.0,Thomas Bernal,30.0,0,1,0,0,0,0,1,0,0,1,0,0,0,1,0,1,0,1,0,0,1,0,1,0,0,0,0,0,1,Asian,2
219,12,12,0.90988625034006,3.5749360156583987,0.6607553152556559,8.908462545196258,4.7501245090153805,0.7181593005806596,2.9160497104449505,4.877883403920986,0.5813235801380632,1.8499991888368952,2.9160497104449505,4.877883403920986,1.8499991888368952,0.685434307594401,0.0,Mark Johnson,25.0,0,1,0,0,0,0,1,0,0,0,1,0,0,1,0,1,0,0,0,1,0,1,0,0,1,1,0,0,0,Asian,2
220,13,13,0.6818305211507325,2.128984018364166,-0.227795849082198,4.453053411726391,2.1017041563619294,-0.17473271523406303,3.5877585103418013,15.331017348320199,0.6593838685996495,2.7611074795476847,3.5877585103418013,15.331017348320199,2.7611074795476847,0.7440836308531531,0.0,Alton Pacheco,24.0,0,1,0,0,0,0,1,0,1,0,0,0,0,1,0,1,0,0,1,0,0,1,1,0,0,0,1,0,0,Asian,2
224,17,17,-0.6822444251676937,2.106969036466596,-0.1789993082748863,-0.9053439334377548,1.4843378554016908,-0.5578303291162742,4.155381964795383,15.259136487774086,0.8400317776853838,3.748833274891456,4.155381964795383,15.259136487774086,3.748833274891456,0.8798104879374773,0.0,Darrell Pierce,37.0,0,1,0,0,0,0,1,1,0,0,0,0,0,0,1,0,1,0,1,0,0,1,0,1,0,1,0,0,0,Asian,2
225,18,18,0.7385167528643706,2.6233777363990436,1.5528528927711225,2.175613034934518,3.2406520901522486,0.31441721072674045,3.5631329223494763,6.163108908901577,0.6191975643044753,1.83138418119106,3.5631329223494763,6.163108908901577,1.83138418119106,0.71389030723583,0.0,Lavern Henderson,28.0,0,1,0,0,0,0,1,0,1,0,0,0,0,1,0,1,0,0,1,0,0,1,0,1,0,0,0,1,0,Asian,2
230,23,23,0.18847691368664107,3.690260679346245,0.3843024030027721,4.7163525234091805,3.7368288155730274,0.2620643702047703,0.0,62.41696010914572,0.0,-3.3301902676039634,0.0,62.41696010914572,-3.3301902676039634,0.24866632682745674,0.0,Myron Talbott,27.0,0,1,0,0,0,0,1,0,0,1,0,0,0,1,0,1,0,0,0,1,1,0,0,1,0,0,0,1,0,Asian,2
235,28,28,-0.09171985696723066,3.1940111229755246,1.1768408840214033,3.8032649400256657,3.602521195133386,0.1567812748222736,3.7816279866715186,3.4988488345245905,0.7625316392561384,3.3239860030839967,3.7816279866715186,3.4988488345245905,3.3239860030839967,0.8215820242600516,1.0,Anthony Yoder,28.0,0,1,0,0,0,0,1,1,0,0,0,0,0,1,0,0,1,0,0,1,1,0,0,1,0,0,0,1,0,Asian,2
238,31,31,-0.2292909031789145,3.4154493157278325,1.137135741177016,5.42427085397145,4.448536945305979,0.41538122151149925,1.9859510564858007,25.91757148049417,0.302783138618612,-0.4067982757589402,1.9859510564858007,25.91757148049417,-0.4067982757589402,0.4761574945404897,1.0,Erick Renee,22.0,0,1,0,0,0,0,1,0,1,0,0,0,0,1,0,0,1,0,0,1,0,1,0,0,1,1,0,0,0,Asian,2
246,39,39,0.16258242118327856,2.7946302367084,0.3305684029205293,7.3641418798704255,3.7702977756092473,0.22763650802214472,3.1638534943449486,5.5166912470580565,0.5757988121481928,1.7891311527230347,3.1638534943449486,5.5166912470580565,1.7891311527230347,0.6812833633671457,0.0,Aaron Ash,25.0,0,1,0,0,0,0,1,0,0,1,0,0,0,1,0,1,0,0,1,0,0,1,1,0,0,1,0,0,0,Asian,2
248,41,41,-1.305439073492343,2.4058648037208963,-0.9123949456412612,2.232480887259292,1.12755139681616,-1.00055233700528,0.8997870194870319,71.06095328319901,0.08068250251470536,-2.043324600332745,0.8997870194870319,71.06095328319901,-2.043324600332745,0.3092858078025833,0.0,Bryan Houston,24.0,0,1,0,0,0,0,1,0,0,0,1,0,0,1,0,1,0,0,1,0,1,0,1,0,0,1,0,0,0,Asian,2
249,42,42,0.09206016909827017,3.1985359544569127,0.9508629646033034,5.024518565846104,4.487830356646673,0.5789656983066646,2.4875696561766736,27.01191599680523,0.4985878934394576,1.4613640722582983,2.4875696561766736,27.01191599680523,1.4613640722582983,0.6232722002046849,1.0,Darwin Johnson,34.0,0,1,0,0,0,0,1,0,0,0,0,1,0,1,0,1,0,0,0,1,0,1,0,0,1,0,0,1,0,Asian,2
257,5,5,1.6022923815599492,4.092363452473787,0.2630154350828756,9.465267697295387,4.747785480736798,0.8867353290502241,4.573380898467121,24.55603622269547,0.9080237151317025,4.700027997415306,4.573380898467121,24.55603622269547,4.700027997415306,0.9308951200451376,0.0,Johnny Williams,33.0,0,0,0,1,0,0,1,0,1,0,0,0,0,1,0,1,0,0,1,0,0,1,0,0,1,0,0,0,1,Hispanic,2
260,8,8,0.4924573074129832,3.2829828521941207,-0.110776263013068,4.088685924973982,3.0668856375562874,0.14407697971877553,2.4031799378121166,72.52451021134917,0.4142327821706196,1.1795053101675177,2.4031799378121166,72.52451021134917,1.1795053101675177,0.5598933646041905,0.0,David Ward,31.0,0,0,0,1,0,0,1,0,0,1,0,0,0,1,0,1,0,1,0,0,0,1,0,0,1,1,0,0,0,Hispanic,2
262,10,10,0.5649783298236344,2.6262836243982632,0.0035438929332047603,5.577614221100087,2.4421397886890457,-0.14640715087402606,0.2429453398370533,70.26224849396638,0.0,-3.226853934479156,0.2429453398370533,70.26224849396638,-3.226853934479156,0.24866632682745674,0.0,Paul Grayson,32.0,0,0,0,1,0,0,1,0,1,0,0,0,0,1,0,0,1,1,0,0,1,0,1,0,0,0,1,0,0,Hispanic,2
263,11,11,-0.7410305020118074,2.9479430627554217,-0.8764459357292148,3.3523352008704133,2.334207224365707,-0.38524627489422003,1.639751573651248,4.708558653115958,0.2004446141209072,-1.4664436781699652,1.639751573651248,4.708558653115958,-1.4664436781699652,0.399267115022571,0.0,Timothy Manteca,36.0,0,0,0,1,0,0,1,0,0,1,0,0,0,0,1,0,1,0,1,0,0,1,1,0,0,1,0,0,0,Hispanic,2
264,12,12,0.26450452861574786,3.6487777788217652,-1.1642973870494553,2.497970861722142,2.6006378528441143,-0.0066138041890077374,1.9399269202244083,30.01574334025948,0.33303615438800266,0.032154945326295606,1.9399269202244083,30.01574334025948,0.032154945326295606,0.4988876040030529,0.0,Barton Marino,29.0,0,0,0,1,0,0,1,0,0,0,1,0,0,1,0,1,0,0,1,0,1,0,0,1,0,1,0,0,0,Hispanic,2
266,14,14,0.5984723109220302,3.5196681076973366,-0.16385144262541865,8.787472900709611,4.015318006092064,0.3789598281563529,2.8401550939308464,65.65213932448108,0.41879319760090883,0.6243902101605244,2.8401550939308464,65.65213932448108,0.6243902101605244,0.5633197582806222,1.0,Carl White,28.0,0,0,0,1,0,0,1,0,0,0,1,0,0,1,0,1,0,0,0,1,0,1,0,1,0,1,0,0,0,Hispanic,2
269,17,17,0.31799422409848266,2.3295141944330333,-1.351987145714153,5.378158821180072,2.6024780630522053,0.0035819853349331795,1.3275250682316164,27.45437656455945,0.20148562264669428,-1.011493677524664,1.3275250682316164,27.45437656455945,-1.011493677524664,0.4000492597820545,0.0,Neil Hires,25.0,0,0,0,1,0,0,1,0,0,0,1,0,0,1,0,1,0,0,0,1,0,1,0,1,0,0,0,1,0,Hispanic,2
270,18,18,0.3874945895421998,2.7774313286711854,0.5981792486686757,4.221641462068638,2.1945252705423592,-0.289202115861636,2.333932673187174,61.217183293101904,0.3892424645687617,0.6400339177754353,2.333932673187174,61.217183293101904,0.6400339177754353,0.541117297486638,0.0,Wade Lewter,24.0,0,0,0,1,0,0,1,0,0,0,0,0,1,1,0,1,0,0,1,0,1,0,0,1,0,0,0,0,1,Hispanic,2
271,19,19,-0.6331746494104802,3.2739209325582808,1.5122664259223206,1.9072030463721563,3.4890430226031457,0.0062363555769892,1.926097268962207,3.277010974826986,0.3386628705470318,0.03783255871423588,1.926097268962207,3.277010974826986,0.03783255871423588,0.5031151453227157,0.0,Thomas Roberts,25.0,0,0,0,1,0,0,1,0,0,1,0,0,0,1,0,1,0,0,1,0,1,0,0,1,0,0,0,0,1,Hispanic,2
273,21,21,0.2499374514345213,3.2141108626318724,0.2257492296931476,3.389484490424221,2.948592588339808,0.04261267665118993,2.377842089128211,25.86714996597672,0.46321096549831675,1.2239115670103802,2.377842089128211,25.86714996597672,1.2239115670103802,0.5966923229891072,1.0,Hugh Aldridge,30.0,0,0,0,1,0,0,1,1,0,0,0,0,0,1,0,1,0,0,1,0,0,1,1,0,0,0,0,0,1,Hispanic,2
275,23,23,-0.3182542198869169,3.2348803595077182,-1.2790064571055006,3.151342124541201,2.6325827452411152,-0.14303239710314433,0.0,68.5287124958314,0.0,-5.505906069617591,0.0,68.5287124958314,-5.505906069617591,0.24866632682745674,0.0,Jason Cheek,26.0,0,0,0,1,0,0,1,0,0,0,0,0,1,1,0,1,0,0,1,0,0,1,1,0,0,1,0,0,0,Hispanic,2
277,25,25,0.02214662689395892,2.4374958933596487,-0.16081317325444847,2.6910854188764546,2.8902349241936864,0.08962354790057638,2.3709867664727016,2.995401780860586,0.4392540406342163,0.7612479795551012,2.3709867664727016,2.995401780860586,0.7612479795551012,0.578692678633044,0.0,Tyler Carson,22.0,0,0,0,1,0,0,1,0,0,0,0,0,1,1,0,1,0,1,0,0,0,1,1,0,0,1,0,0,0,Hispanic,2
278,26,26,-0.4717882621515124,2.5584321688719185,-0.7522167509996803,1.861943017303568,2.5031748366988573,-0.1628859722072568,1.1786229240278443,26.052764013556427,0.17302618916926338,-1.1625093353098448,1.1786229240278443,26.052764013556427,-1.1625093353098448,0.3786667290910466,0.0,Ronnie Walker,22.0,0,0,0,1,0,0,1,0,0,0,1,0,0,1,0,1,0,0,0,1,1,0,1,0,0,1,0,0,0,Hispanic,2
281,29,29,1.3655883565982492,3.1178044430950824,1.7885015950760923,5.722002822865976,4.1529285578150805,0.6660980993785927,2.5701201135855607,25.07150560760952,0.4326970563424717,0.6394878650348187,2.5701201135855607,25.07150560760952,0.6394878650348187,0.5737661955401928,1.0,Thomas Earnest,34.0,0,0,0,1,0,0,1,0,0,0,1,0,0,1,0,1,0,0,1,0,0,1,0,0,1,0,0,1,0,Hispanic,2
284,2,2,1.081919071539026,2.799867185976592,1.4713881413638072,5.9569967475556735,4.447705060319173,0.7587942145547187,1.4390369024984642,70.87942611310946,0.1678287149556273,-0.9776020517150992,1.4390369024984642,70.87942611310946,-0.9776020517150992,0.37476169169889595,1.0,John Simmons,27.0,0,0,0,0,1,0,1,0,0,0,0,0,1,1,0,1,0,0,1,0,0,1,0,0,1,1,0,0,0,Other,2
288,6,6,0.6091098738164129,2.563532374660724,0.16198038956351665,6.9139577775862975,3.243076655983987,0.154717741674136,2.168707711038643,79.3494575630763,0.30952692727948006,0.1385680190927992,2.168707711038643,79.3494575630763,0.1385680190927992,0.4812243300461592,0.0,Eric Takacs,31.0,0,0,0,0,1,0,1,0,0,0,1,0,0,1,0,1,0,1,0,0,0,1,1,0,0,1,0,0,0,Other,2
294,12,12,-0.4176032860920322,2.7219568153568683,0.38478420465000657,0.7719568009013571,2.6044030816415185,-0.18307182230456237,3.354615069067475,64.50497065179222,0.5711149507856736,2.2143097979473065,3.354615069067475,64.50497065179222,2.2143097979473065,0.6777642206050132,0.0,Stanley Green,22.0,0,0,0,0,1,0,1,0,1,0,0,0,0,1,0,1,0,1,0,0,1,0,0,1,0,1,0,0,0,Other,2
296,14,14,0.16310987035276125,3.3109226146684416,0.5999566330865311,4.256368803886625,3.1826970812850512,0.06739324880546597,3.7652258654066673,23.199108907567968,0.6866288593418117,3.012414381974865,3.7652258654066673,23.199108907567968,3.012414381974865,0.7645537098230135,0.0,William Alfieri,35.0,0,0,0,0,1,0,1,0,1,0,0,0,0,1,0,1,0,0,1,0,0,1,1,0,0,0,1,0,0,Other,2
301,1,1,-0.5401030375505398,3.2587785525003574,2.6763716847397303,0.3979282052588871,2.3856401772365765,-0.32383922977914537,5.647214689799408,24.608625459567065,0.6714851531103371,2.7594731144734874,5.647214689799408,24.608625459567065,2.7594731144734874,0.7531757333946738,0.0,Brittany Stewart,34.0,0,0,1,0,0,1,0,0,0,0,0,0,1,1,0,0,1,0,1,0,0,1,1,0,0,1,0,0,0,Caucasian,2
303,3,3,-0.5878173381116287,2.879690886189373,1.2553765210579613,3.6634467398840407,3.4828497926641613,0.14291858723922327,0.0,29.841154774972072,0.6529279073909534,2.4379042039639978,0.0,29.841154774972072,2.4379042039639978,0.7392330498043638,0.0,Phyllis Carpenter,32.0,0,0,1,0,0,1,0,1,0,0,0,0,0,1,0,1,0,1,0,0,0,1,1,0,0,1,0,0,0,Caucasian,2
304,4,4,0.09973596549624636,3.5548466597017594,1.9651714442340464,3.345154028247069,3.4443546978086474,0.22114793303407254,0.2863853236183401,3.065654941694124,0.8185506855932629,3.7007936994159207,0.2863853236183401,3.065654941694124,3.7007936994159207,0.8636710201121466,0.0,Tanya Chester,29.0,0,0,1,0,0,1,0,0,0,0,0,1,0,1,0,1,0,0,1,0,1,0,0,0,1,1,0,0,0,Caucasian,2
306,6,6,-0.017601755648813687,2.9050103688085844,1.649969725982202,9.399974202499834,2.7472661607306605,-0.348776331502784,1.3335402998759136,3.838309570890132,0.2494877382627023,-1.0767771441493617,1.3335402998759136,3.838309570890132,-1.0767771441493617,0.43611486562788276,0.0,Kathleen Williamson,25.0,0,0,1,0,0,1,0,0,0,0,0,0,1,1,0,0,1,0,1,0,1,0,1,0,0,1,0,0,0,Caucasian,2
307,7,7,-0.013511555744409013,3.0825930113734783,1.9487261856345248,2.283728633162477,2.886265081478069,0.008900880998411694,3.334571847921607,29.090109056004877,0.3350901846127728,0.13896434921382098,3.334571847921607,29.090109056004877,0.13896434921382098,0.5004308660766369,0.0,Sue Snodgrass,22.0,0,0,1,0,0,1,0,0,1,0,0,0,0,1,0,1,0,1,0,0,0,1,1,0,0,1,0,0,0,Caucasian,2
308,8,8,0.29643544327227905,2.603944468370032,1.8986577054738127,6.791484372518783,3.2423561051565515,0.09955769272047912,1.1877261104244563,74.28250528881367,0.1022185709630178,-1.5379468896431252,1.1877261104244563,74.28250528881367,-1.5379468896431252,0.32546658121554917,0.0,Ariana Abbenante,27.0,0,0,1,0,0,1,0,0,0,0,1,0,0,1,0,1,0,0,1,0,0,1,1,0,0,0,0,0,1,Caucasian,2
311,11,11,1.2065285956782723,3.0457840968700247,1.8308144873178456,5.519817145267706,2.7199267671201937,0.12316632830682063,1.6542394685495099,5.595048268927648,0.4657812309055149,0.7975503885904738,1.6542394685495099,5.595048268927648,0.7975503885904738,0.5986234499385257,0.0,Sharon Hedge,22.0,0,0,1,0,0,1,0,1,0,0,0,0,0,1,0,1,0,1,0,0,0,1,1,0,0,0,0,0,1,Caucasian,2
313,13,13,-1.7399459495091718,2.9245449679632185,2.5313504051904046,0.3453243297429545,1.7954102533149463,-0.8652054742539589,2.1972912147361674,24.00934441861332,0.3299435668045244,-0.041459725604050784,2.1972912147361674,24.00934441861332,-0.041459725604050784,0.49656403881435046,0.0,Judith Mcmunn,24.0,0,0,1,0,0,1,0,0,0,0,0,1,0,0,1,0,1,1,0,0,0,1,1,0,0,0,1,0,0,Caucasian,2
315,15,15,0.6828098368721582,2.9519772334889938,2.5456745078833642,3.845778563128535,2.9970820015664907,0.1636291599691713,2.1000307167888934,2.7889353893210185,0.7248828634429051,3.1721578641564663,2.1000307167888934,2.7889353893210185,3.1721578641564663,0.7932952312378455,0.0,Terisa Hunter,27.0,0,0,1,0,0,1,0,0,0,0,0,0,1,1,0,1,0,0,0,1,1,0,1,0,0,0,0,1,0,Caucasian,2
323,23,23,0.3201244977842777,3.603954435171652,3.436096889686212,8.116513035876629,5.0284760976986975,0.6843672362018909,3.3903092218140025,3.358313688055844,0.0,-3.8811425023386663,3.3903092218140025,3.358313688055844,-3.8811425023386663,0.24866632682745674,0.0,Rita Isaac,23.0,0,0,1,0,0,1,0,0,0,0,0,1,0,1,0,1,0,0,0,1,0,1,0,0,1,0,0,0,1,Caucasian,2
325,25,25,-0.027801824102570243,2.6907577626348687,2.270259320161019,3.719318852727824,2.7930605374529285,-0.08066535389935502,1.276228412893103,76.45367605310508,0.1806688465256685,-0.8737687497558131,1.276228412893103,76.45367605310508,-0.8737687497558131,0.3844089149154338,0.0,Marjorie Powers,27.0,0,0,1,0,0,1,0,0,1,0,0,0,0,1,0,0,1,0,1,0,0,1,1,0,0,1,0,0,0,Caucasian,2
328,28,28,0.8348413456303755,3.0546645900071945,2.8395306136271863,8.890208746409135,4.284728326738127,0.5304429049045212,2.9521882418269785,4.636282612200096,0.49741412738411095,1.2277446361699806,2.9521882418269785,4.636282612200096,1.2277446361699806,0.6223903102428759,1.0,Sara Armour,27.0,0,0,1,0,0,1,0,0,1,0,0,0,0,1,0,1,0,0,0,1,1,0,0,0,1,0,0,1,0,Caucasian,2
329,29,29,-0.06430364161749512,3.291136308655512,0.8204957892968026,7.680415600040709,3.9275505705630778,0.2916886392202587,1.4756234730127007,29.184918121969066,0.2295876118467237,-0.8965858070864412,1.4756234730127007,29.184918121969066,-0.8965858070864412,0.4211632305511677,0.0,Kristine True,24.0,0,0,1,0,0,1,0,1,0,0,0,0,0,1,0,1,0,0,1,0,0,1,0,0,1,1,0,0,0,Caucasian,2
330,30,30,-0.6055219657115595,3.3047396853868145,1.1453801543103237,-0.6595970540968885,1.326505811535978,-0.6916647860903254,0.517131284282687,69.47599261696736,0.0032834351047995357,-2.5291855570369552,0.517131284282687,69.47599261696736,-2.5291855570369552,0.25113328218536946,0.0,Virginia Dahms,29.0,0,0,1,0,0,1,0,1,0,0,0,0,0,0,1,0,1,0,1,0,0,1,1,0,0,1,0,0,0,Caucasian,2
343,43,43,-1.008359278253883,3.1780569837254333,0.8239250860660206,4.22613144494271,2.9943841119355046,-0.20247793320533924,3.547371771652884,4.670481987052328,0.39069919925483915,0.392180302677038,3.547371771652884,4.670481987052328,0.392180302677038,0.5422117913091664,0.0,Jessica Crowder,27.0,0,0,1,0,0,1,0,1,0,0,0,0,0,1,0,1,0,0,1,0,1,0,0,0,1,0,0,1,0,Caucasian,2
344,44,44,0.2752785707086464,3.2565680412770064,0.3724365114996562,-1.3155408783673377,1.1474497632661516,-0.4202030390243491,2.071410290105095,27.764510462352792,0.734400957818604,3.4162760666611365,2.071410290105095,27.764510462352792,3.4162760666611365,0.8004464960467423,0.0,Tracy Hartshorne,26.0,0,0,1,0,0,1,0,0,0,1,0,0,0,1,0,0,1,0,1,0,1,0,0,1,0,0,0,1,0,Caucasian,2
346,46,46,-0.5274652252518262,3.4562007051869736,2.0748158628767186,7.541650260160763,3.8329417054718378,0.052895588382139515,0.7578287347758577,15.476459351496372,0.4152021861622781,0.4594187726964526,0.7578287347758577,15.476459351496372,0.4594187726964526,0.5606217104660313,0.0,Carla Henry,23.0,0,0,1,0,0,1,0,0,0,0,0,1,0,1,0,0,1,0,1,0,0,1,0,1,0,0,0,1,0,Caucasian,2
348,48,48,0.7481752383639387,2.6447757584889486,3.498813275366767,6.1240568767814585,3.3823825066212465,0.1896824866298506,1.8242363992252764,67.33532740094225,0.3813512697959616,0.7085628224311389,1.8242363992252764,67.33532740094225,0.7085628224311389,0.5351883771322701,0.0,Faith Lopez,25.0,0,0,1,0,0,1,0,1,0,0,0,0,0,1,0,0,1,1,0,0,1,0,0,1,0,0,0,1,0,Caucasian,2
351,51,51,-0.8313862257194188,3.0026241390020205,2.0183692513295908,2.2593339051987216,3.003730090567112,-0.14876656823532378,1.3251381897946422,78.44992381851891,0.09713595097763647,-1.624398329197895,1.3251381897946422,78.44992381851891,-1.624398329197895,0.32164783767259253,0.0,Flora Coleman,22.0,0,0,1,0,0,1,0,0,0,1,0,0,0,1,0,1,0,0,1,0,0,1,0,1,0,1,0,0,0,Caucasian,2
356,56,56,-0.3211964955788648,1.767681422572324,2.4651980393709425,5.166477058017152,2.6911898568643653,-0.19283125410941995,2.7594265896987675,2.598797646777612,0.37540492792694813,0.1908328549546943,2.7594265896987675,2.598797646777612,0.1908328549546943,0.5307206902538845,0.0,Maria Bracy,22.0,0,0,1,0,0,1,0,0,0,0,0,0,1,1,0,1,0,1,0,0,0,1,0,1,0,0,0,1,0,Caucasian,2
358,58,58,-1.6883793146843733,2.9908976659793325,1.8162674771673304,-4.111985472842738,1.2777340149497831,-0.8674635057596719,0.0,79.6240353640888,0.41330705446682137,0.9426289431416874,0.0,79.6240353640888,0.9426289431416874,0.559197834208138,0.0,Amanda Mclead,31.0,0,0,1,0,0,1,0,0,1,0,0,0,0,0,1,1,0,1,0,0,0,1,0,1,0,0,0,0,1,Caucasian,2
362,62,62,1.29430534910846,3.7637934281240915,2.016886720721786,6.874499690818173,4.1907816258816295,0.6918925221763731,3.9724966092196654,3.103105125156468,0.3057364611334325,-0.2065639145353828,3.9724966092196654,3.103105125156468,-0.2065639145353828,0.47837642519361306,1.0,Rose Crawford,30.0,0,0,1,0,0,1,0,0,0,0,0,1,0,1,0,1,0,0,1,0,0,1,0,1,0,0,0,0,1,Caucasian,2
363,63,63,-0.7721923538423647,2.75559089209186,3.3356410602136783,1.0228218830092328,2.84008497131027,-0.22767819504206066,1.4032668593329949,15.688989903408793,0.33128642965471977,-0.2294037588288365,1.4032668593329949,15.688989903408793,-0.2294037588288365,0.4975729768921547,0.0,Lorraine Wood,28.0,0,0,1,0,0,1,0,1,0,0,0,0,0,1,0,1,0,1,0,0,1,0,0,1,0,0,0,1,0,Caucasian,2
365,65,65,0.008177483473373123,2.4543361998375666,0.4426738079641961,5.5093713770115365,2.6485669955148925,-0.06284341595605981,1.7340875377527685,67.02182144109301,0.0,-2.3854222571878863,1.7340875377527685,67.02182144109301,-2.3854222571878863,0.24866632682745674,0.0,Valerie Monroe,26.0,0,0,1,0,0,1,0,0,0,0,0,0,1,1,0,1,0,0,1,0,1,0,0,1,0,0,1,0,0,Caucasian,2
367,67,67,1.2625696522957832,3.4012230344419803,2.6163929254743006,3.9953476691693943,2.8108536036065943,0.17354970402124212,1.1058196116885106,64.31790737054155,0.0,-3.0436956696273882,1.1058196116885106,64.31790737054155,-3.0436956696273882,0.24866632682745674,0.0,Laurel Speir,26.0,0,0,1,0,0,1,0,0,1,0,0,0,0,1,0,1,0,0,1,0,1,0,0,1,0,1,0,0,0,Caucasian,2
368,68,68,-1.1388619732117178,1.7265986132029445,0.9691979588561616,-3.000957457410349,0.7221742385236216,-0.8524439192597962,0.8638789388380095,5.8861664865330985,0.7470480826439277,2.912533000689416,0.8638789388380095,5.8861664865330985,2.912533000689416,0.8099487067968247,0.0,Helen Johnson,26.0,0,0,1,0,0,1,0,0,1,0,0,0,0,0,1,1,0,1,0,0,1,0,0,1,0,0,0,1,0,Caucasian,2
369,69,69,-0.26658083673641364,1.9339506542785063,-0.6734023844999668,2.4743532683708844,0.7095495162957755,-0.7747328989993035,2.2121412885028304,71.37550815719769,0.0,-2.2691209398588126,2.2121412885028304,71.37550815719769,-2.2691209398588126,0.24866632682745674,1.0,Mary Johnson,23.0,0,0,1,0,0,1,0,0,0,0,1,0,0,0,1,1,0,1,0,0,0,1,0,1,0,1,0,0,0,Caucasian,2
372,72,72,0.16912827471434466,4.036862016697121,2.584447666338244,2.5562635014730466,3.330845424432585,0.1698190941066568,0.9941532561636176,80.68379457276983,0.0,-2.7522574465132625,0.9941532561636176,80.68379457276983,-2.7522574465132625,0.24866632682745674,0.0,Louise Martino,24.0,0,0,1,0,0,1,0,0,0,0,1,0,0,1,0,1,0,0,0,1,0,1,0,1,0,1,0,0,0,Caucasian,2
374,74,74,1.5622381046560818,3.2321652117561,1.4008800032017752,8.988004544594078,3.3865240653095787,0.4073629718269468,1.1623297228114002,62.3465065410612,0.4321788038346695,1.1712593973338303,1.1623297228114002,62.3465065410612,1.1712593973338303,0.5733768149798749,1.0,Arlene Oakes,21.0,0,0,1,0,0,1,0,1,0,0,0,0,0,1,0,1,0,0,1,0,0,1,0,0,1,0,0,1,0,Caucasian,2
379,79,79,-0.1359977374125237,3.545756063977181,2.0532960783954897,0.3048295832754513,3.061680268357305,0.13105150541277494,2.295002608083202,1.748707371433916,0.7970329496681009,3.5789158456615366,2.295002608083202,1.748707371433916,3.5789158456615366,0.8475040205411377,0.0,Stacy Brown,30.0,0,0,1,0,0,1,0,0,0,1,0,0,0,1,0,1,0,0,0,1,0,1,1,0,0,1,0,0,0,Caucasian,2
381,81,81,-0.17214713434447285,3.4407989952615585,2.387151465188769,4.588711450231648,3.4472445125773707,0.07064268004967525,0.7134275326635391,64.28588860937674,0.11179374279935811,-1.6198002427838718,0.7134275326635391,64.28588860937674,-1.6198002427838718,0.33266073024260506,1.0,Joann Semple,33.0,0,0,1,0,0,1,0,0,0,0,1,0,0,0,1,1,0,0,1,0,1,0,1,0,0,1,0,0,0,Caucasian,2
383,83,83,-1.2698242720851396,3.3569876528585585,2.6487665410112347,0.8513664218446171,3.625943572738115,0.009570830590640175,0.9750836356358759,24.37873388571081,0.9778771038578478,4.612416594932807,0.9750836356358759,24.37873388571081,4.612416594932807,0.9833783231803017,0.0,Yun Borders,34.0,0,0,1,0,0,1,0,1,0,0,0,0,0,1,0,1,0,0,1,0,0,1,1,0,0,0,0,1,0,Caucasian,2
388,88,88,0.9270943807332148,2.4779135467543547,2.8929926951092937,6.249707431044301,2.9072068733514698,0.06906404005131613,0.0,66.59524019043711,0.1882899762495273,-1.1160910423841357,0.0,66.59524019043711,-1.1160910423841357,0.390134926304585,0.0,Megan Drake,26.0,0,0,1,0,0,1,0,0,0,0,0,1,0,1,0,1,0,0,1,0,0,1,1,0,0,0,0,1,0,Caucasian,2
391,91,91,-0.2176186699565768,2.8348128794165564,2.9141501372083263,2.498231431660824,3.1020305659819387,-0.016306119286956904,0.0,65.77112259936422,0.7964044137252598,3.9624147997768833,0.0,65.77112259936422,3.9624147997768833,0.847031780322482,0.0,Edith Reando,23.0,0,0,1,0,0,1,0,0,0,1,0,0,0,1,0,1,0,1,0,0,1,0,1,0,0,0,0,1,0,Caucasian,2
395,95,95,-0.3835010525329197,3.431604193620017,2.0114231634723634,4.770616136166108,3.736985667549868,0.16205765737254443,1.4795689011775688,61.303899156862,0.004538517532429526,-2.4572285410124057,1.4795689011775688,61.303899156862,-2.4572285410124057,0.252076267875855,0.0,Laura Brown,22.0,0,0,1,0,0,1,0,0,1,0,0,0,0,1,0,1,0,0,0,1,0,1,1,0,0,1,0,0,0,Caucasian,2
403,103,103,0.5029308244991793,3.358303276331972,1.5549506573345702,5.695066911289277,3.533115444500523,0.30213520399039656,0.5561253344218955,3.128197869634633,0.9848781920897094,4.9883166768727065,0.5561253344218955,3.128197869634633,4.9883166768727065,0.9886384765177514,1.0,Ethel Ware,34.0,0,0,1,0,0,1,0,0,0,0,0,0,1,1,0,1,0,0,0,1,0,1,0,0,1,1,0,0,0,Caucasian,2
418,8,8,0.05936933457402024,3.3548053503268944,-0.8675386048325443,2.7872420800974806,0.4574991470106701,0.33841506612192745,3.3278278240597308,26.105010066162237,0.6430078674819956,2.353905943411488,3.3278278240597308,26.105010066162237,2.353905943411488,0.7317797897815481,0.0,Beverly Smith,25.0,1,0,0,0,0,1,0,0,0,0,1,0,0,1,0,1,0,0,0,1,0,1,0,0,1,1,0,0,0,African-American,2
422,12,12,-0.7287126181603389,3.151889860061996,-0.5344174877094231,5.936700924297387,0.3619785644963112,-0.08033478279640918,1.3309124858378976,66.87359827999526,0.16360542370286704,-1.165437142632086,1.3309124858378976,66.87359827999526,-1.165437142632086,0.3715885907690821,0.0,Myrtle Lewis,34.0,1,0,0,0,0,1,0,1,0,0,0,0,0,1,0,1,0,1,0,0,0,1,0,1,0,0,1,0,0,African-American,2
426,16,16,-0.9199490178288176,3.273074712554997,-0.05039782188666534,3.398176578753502,0.09707565624442847,-0.185258502880057,1.68766976379839,28.70233802008038,0.25160095510461505,-0.6709089005893764,1.68766976379839,28.70233802008038,-0.6709089005893764,0.4377025965999273,0.0,Ruth Jones,28.0,1,0,0,0,0,1,0,0,1,0,0,0,0,1,0,0,1,0,1,0,0,1,0,1,0,0,1,0,0,African-American,2
427,17,17,-1.1792722390156751,3.036846371608484,0.22390113423869304,2.03056919067317,-0.5711976892082641,-0.5051699073307053,1.7137850904340228,25.560489968450035,0.32811924356258504,-0.0601005668372345,1.7137850904340228,25.560489968450035,-0.0601005668372345,0.4951933633319299,0.0,Hortense Ingram,25.0,1,0,0,0,0,1,0,0,0,0,1,0,0,1,0,0,1,0,1,0,1,0,0,1,0,0,0,0,1,African-American,2
428,18,18,-0.8512895903732808,3.251240054180964,-0.8237611758575952,3.520509368219222,-0.02739858760248433,-0.176086570270316,2.9722220419728362,66.65327318091727,0.4704443809401197,1.485541032711646,2.9722220419728362,66.65327318091727,1.485541032711646,0.6021270315825801,0.0,Kelly Mcclure,29.0,1,0,0,0,0,1,0,0,0,1,0,0,0,1,0,0,1,0,1,0,1,0,0,1,0,1,0,0,0,African-American,2
429,19,19,-0.2295779062901431,2.3976054793053394,-1.6906222052167317,2.182530589058221,-0.3856197899592539,0.012231172003108737,4.462926313874516,25.15314943659752,0.8617778323418889,4.392537978078974,4.462926313874516,25.15314943659752,4.392537978078974,0.89614903105956,0.0,Josephine Miles,26.0,1,0,0,0,0,1,0,0,1,0,0,0,0,1,0,1,0,0,0,1,0,1,1,0,0,1,0,0,0,African-American,2
439,1,1,-0.8863324641780517,3.4803440555325382,0.6199005050133378,0.8843028562548056,2.8063406104554685,-0.27442376775832245,3.096031097152981,23.44667225070421,0.5647826615792033,1.9140347193362608,3.096031097152981,23.44667225070421,1.9140347193362608,0.6730065584959248,0.0,Stephanie Mcmahon,28.0,0,1,0,0,0,1,0,1,0,0,0,0,0,1,0,1,0,1,0,0,1,0,1,0,0,0,1,0,0,Asian,2
444,6,6,2.105695795867108,2.6749491234947183,0.4610551748104025,4.9521726949572304,3.0322233676772443,0.48437256499397624,2.556342724139964,23.22456590367219,0.47408583724074105,1.327131936957944,2.556342724139964,23.22456590367219,1.327131936957944,0.604862980320623,1.0,Mary Stewart,33.0,0,1,0,0,0,1,0,0,0,0,0,0,1,1,0,1,0,0,0,1,0,1,0,0,1,1,0,0,0,Asian,2
447,9,9,0.24819553825027066,3.830118224311261,-0.9961883597794636,4.421179402902808,3.2837099298720718,0.18704205959367315,0.016850802857296232,71.29927914579183,0.0,-3.0013843859886555,0.016850802857296232,71.29927914579183,-3.0013843859886555,0.24866632682745674,0.0,Sandra Parekh,22.0,0,1,0,0,0,1,0,0,0,0,0,0,1,1,0,0,1,1,0,0,0,1,1,0,0,0,0,1,0,Asian,2
457,19,19,-1.2252444293825702,2.506780852865944,-1.3973442266358989,4.484114149295585,2.224267100431818,-0.5597765681045426,4.191208988495316,27.907696914804145,0.7779516169420297,3.310235896340887,4.191208988495316,27.907696914804145,3.310235896340887,0.8331675727350312,0.0,Hortense Greene,30.0,0,1,0,0,0,1,0,1,0,0,0,0,0,1,0,1,0,0,1,0,1,0,0,1,0,0,0,0,1,Asian,2
461,23,23,0.9813121969473082,4.631958674733077,-0.39598130915832197,10.962775849095118,5.332223594754369,0.8981409721309834,2.4162920440630584,15.035281670314305,0.47224888467750714,0.7457901567396327,2.4162920440630584,15.035281670314305,0.7457901567396327,0.6034828160038448,1.0,Ellen Anderson,32.0,0,1,0,0,0,1,0,0,0,0,0,0,1,1,0,1,0,0,0,1,0,1,0,0,1,1,0,0,0,Asian,2
466,28,28,-0.5088209591971944,2.643961937615911,-1.3038811655105775,6.081240502999594,2.8029364457649137,-0.20355450649043025,2.1348210464756696,24.098268150509178,0.33825109199030984,0.06716753951862679,2.1348210464756696,24.098268150509178,0.06716753951862679,0.50280576222716,0.0,Elisabeth Forbes,25.0,0,1,0,0,0,1,0,0,0,0,0,1,0,1,0,1,0,0,1,0,1,0,1,0,0,1,0,0,0,Asian,2
469,1,1,-1.3200891753615354,2.1286912398835023,-0.2781742176017389,0.5274255593161299,2.323218794112647,-0.410369821601283,1.0173048832508398,72.38977008936966,0.08751397422435851,-1.7232680540930043,1.0173048832508398,72.38977008936966,-1.7232680540930043,0.3144185225353712,0.0,Michele Courtright,26.0,0,0,0,1,0,1,0,0,0,0,0,1,0,1,0,1,0,1,0,0,1,0,1,0,0,1,0,0,0,Hispanic,2
470,2,2,0.3245661692333373,3.545965791335744,-0.09650256051250501,3.6651893307136953,3.451453361720513,0.26866727532783397,1.8423092758881785,0.9070800510773972,0.3284880939063016,-0.0190558050218526,1.8423092758881785,0.9070800510773972,-0.0190558050218526,0.49547049301552565,0.0,Stephanie Huerta,34.0,0,0,0,1,0,1,0,0,0,0,0,1,0,1,0,1,0,0,0,1,0,1,0,0,1,0,0,1,0,Hispanic,2
473,5,5,0.16461579406602592,2.919906981504073,0.970946548390062,4.462774796639128,3.3686876781428245,0.1227912843751823,2.290731047061464,63.575107767143145,0.34312196416961827,0.2879294327885604,2.290731047061464,63.575107767143145,0.2879294327885604,0.5064654125131935,0.0,Melinda Seacat,22.0,0,0,0,1,0,1,0,0,0,1,0,0,0,1,0,1,0,0,0,1,0,1,1,0,0,0,0,1,0,Hispanic,2
474,6,6,0.24578102559607895,2.475106795692524,0.7777655079757348,3.9379415033006735,3.4320913240570015,0.2397827114207867,1.9629145142520783,16.186743403460856,0.3530748411094327,0.15239038470464164,1.9629145142520783,16.186743403460856,0.15239038470464164,0.5139433441030188,0.0,Ellyn Varela,27.0,0,0,0,1,0,1,0,0,0,0,1,0,0,1,0,1,0,0,1,0,0,1,1,0,0,1,0,0,0,Hispanic,2
478,10,10,-0.03537832875771844,3.4361601966450896,0.5292804767071358,4.975800030966856,3.6916097721498855,0.19776769651563922,1.6859641190309669,25.002875132166015,0.2749997763809142,-0.4850527534978797,1.6859641190309669,25.002875132166015,-0.4850527534978797,0.45528291893735695,1.0,Jessica Robertson,22.0,0,0,0,1,0,1,0,0,0,0,0,0,1,1,0,1,0,0,0,1,0,1,0,1,0,1,0,0,0,Hispanic,2
479,11,11,-0.04563887784239203,2.918695965609581,0.9367202543567352,5.113040427555114,3.4718563015316333,0.11565040467010712,3.0356858566751383,24.79719656759756,0.589812633415713,1.6398833553719363,3.0356858566751383,24.79719656759756,1.6398833553719363,0.6918124191752548,0.0,Minnie Johnson,32.0,0,0,0,1,0,1,0,1,0,0,0,0,0,1,0,1,0,0,1,0,1,0,0,1,0,0,0,1,0,Hispanic,2
483,15,15,-0.7005347691299739,3.3717317775180082,-1.216783887665598,-1.5623318648279485,2.4531884364058185,-0.13056667715268871,3.579083445307252,1.0344982120533963,0.6223202863499491,2.099349297165092,3.579083445307252,1.0344982120533963,2.099349297165092,0.7162365134605527,0.0,Daisy Light,23.0,0,0,0,1,0,1,0,1,0,0,0,0,0,1,0,1,0,0,1,0,0,1,1,0,0,0,0,1,0,Hispanic,2
486,18,18,1.0391647576491938,3.536270776798149,0.09008041222327286,8.137122853621094,4.232694731663621,0.5916093989390082,2.002785105002093,26.432526576779107,0.3567537704627079,0.13914193590056734,2.002785105002093,26.432526576779107,0.13914193590056734,0.5167074476073573,1.0,Angelina Hall,27.0,0,0,0,1,0,1,0,0,1,0,0,0,0,1,0,0,1,0,1,0,0,1,0,0,1,1,0,0,0,Hispanic,2
488,0,0,-0.8805344830803233,2.337712188586375,-0.33730342886794856,0.565560764842103,1.6187010844891907,-0.6439869607165037,0.8997665394102599,77.20870535346484,0.06496064820263711,-1.9808670730206084,0.8997665394102599,77.20870535346484,-1.9808670730206084,0.29747344925321345,0.0,Kathy Roberts,24.0,0,0,0,0,1,1,0,0,0,1,0,0,0,0,1,0,1,0,0,1,0,1,1,0,0,0,0,1,0,Other,2
490,2,2,0.8513084606454754,2.759058757994496,-0.7329031089360898,6.68611397977342,3.1336624806157247,0.23663065826496998,1.3670211440518698,16.819775232240442,0.193031160259466,-1.210613482668813,1.3670211440518698,16.819775232240442,-1.210613482668813,0.3936971375019591,1.0,Stephane Maurer,36.0,0,0,0,0,1,1,0,0,0,0,0,0,1,1,0,1,0,0,0,1,0,1,0,0,1,0,0,0,1,Other,2
494,6,6,-1.9746786141171069,3.162159335674469,0.09402145337218393,0.9054549408668562,2.5005656570700343,-0.6337857889752277,0.8268698487621693,63.3841609224645,0.07608181026413093,-1.8259936242375328,0.8268698487621693,63.3841609224645,-1.8259936242375328,0.3058291527948227,0.0,Carly Taylor,21.0,0,0,0,0,1,1,0,0,0,1,0,0,0,1,0,1,0,0,0,1,0,1,0,1,0,1,0,0,0,Other,2
495,7,7,-0.2552177717424958,3.340242939442612,0.6769190237664265,-0.6426796674606869,2.9714443241737167,0.035522680849421576,1.7567203154986388,66.59695445647094,0.22203149651103815,-0.7927352143586873,1.7567203154986388,66.59695445647094,-0.7927352143586873,0.4154860666610917,0.0,Leslie Schuette,23.0,0,0,0,0,1,1,0,0,1,0,0,0,0,1,0,1,0,0,1,0,0,1,0,1,0,1,0,0,0,Other,2
496,8,8,-1.505948751595932,3.093168880158516,-0.6344202998916079,2.212521694409872,2.4315642144102254,-0.52840884280866,2.9375227480938326,78.0053162755622,0.4463915082568059,1.3442433918619203,2.9375227480938326,78.0053162755622,1.3442433918619203,0.5840552983990743,0.0,Megan Kern,22.0,0,0,0,0,1,1,0,0,0,0,1,0,0,1,0,1,0,1,0,0,1,0,0,1,0,0,0,0,1,Other,2
498,10,10,0.2359586067131317,2.3261038240224985,-1.1357620572235068,4.147725482175098,1.8276909703978976,-0.34593832818036463,1.3033473086630305,25.83996241260925,0.15061236576641754,-1.676950494371824,1.3033473086630305,25.83996241260925,-1.676950494371824,0.3618264688239458,1.0,Annabelle Houser,22.0,0,0,0,0,1,1,0,0,0,0,0,0,1,1,0,1,0,1,0,0,1,0,1,0,0,1,0,0,0,Other,2
