,Names,GPA,Avg Commute Time,Cultural Fit,Technical Aptitude,Soft Skills,Employee Referral,Years of Experience,Leadership Capability,Sex,Age,Education,Educational Prestige,Criminal Record,Arrest Records,LinkedIn Score,Responsible Social Media Use,HireVue Score,origin_Australia,origin_Canada,origin_China,origin_India,origin_Mexico,origin_United States,degree_Engineering,degree_Humanities,degree_None,degree_Quantitative,degree_Sciences,sport_Club/Intramural,sport_NCAA/Professional,sport_None,race_African-American,race_Asian,race_Caucasian,race_Hispanic,race_Other,Race
0,Jerry Eike,2.186182924,-1.36,0,1.0,0,0,3,0.163575535,0,24,2,0.3333333333333333,0,1,0.0,1,0.0,0,0,0,0,0,1,1,0,0,0,0,0,0,1,0.1,0.0,0.0,0.0,0.0,African-American
1,David Boyd,3.537560294,-1.08,1,0.75,0,0,3,0.24742795399999998,0,26,1,0.3333333333333333,0,1,1.0,1,0.0,0,0,0,0,0,1,1,0,0,0,0,0,0,1,0.1,0.0,0.0,0.0,0.0,African-American
2,Ethel Butler,2.989846005,-0.7,0,0.5,0,0,4,0.138566007,1,31,1,0.6666666666666666,0,1,0.0,1,0.5,0,0,0,0,0,1,1,0,0,0,0,0,0,1,0.1,0.0,0.0,0.0,0.0,African-American
3,Kelly Duval,2.858011565,-0.6,0,1.0,0,0,3,0.233411938,1,26,1,0.3333333333333333,0,1,0.5,1,0.0,0,0,0,0,0,1,0,0,0,1,0,0,0,1,0.1,0.0,0.0,0.0,0.0,African-American
4,Douglas Tibolla,4.006970873999999,-0.5,2,1.0,1,1,3,0.557728485,0,24,1,0.6666666666666666,1,1,0.0,1,0.5,0,0,0,0,0,1,0,1,0,0,0,0,0,1,0.1,0.0,0.0,0.0,0.0,African-American
5,Kathlene Carner,4.063397659,-0.46,1,1.0,0,1,4,0.39205537799999995,1,28,1,0.6666666666666666,0,0,1.0,1,0.5,0,0,0,0,0,1,0,1,0,0,0,1,0,0,0.0,0.0,0.0,0.1,0.0,Hispanic
6,Kelly Gaddis,3.1869348989999997,-0.4,0,0.5,0,0,3,0.29205537800000003,1,23,1,0.3333333333333333,0,0,0.0,1,0.0,0,0,0,0,0,1,0,0,0,1,0,1,0,0,0.0,0.0,0.1,0.0,0.0,Caucasian
7,Shirley Black,3.193994617,-0.4,0,0.0,1,0,2,0.291854245,1,22,1,1.0,0,0,0.0,1,0.0,0,0,0,0,0,1,0,1,0,0,0,0,0,1,0.0,0.0,0.1,0.0,0.0,Caucasian
8,Moses Aguilera,2.671482665,-0.34,0,0.25,0,0,2,0.516282491,0,28,2,0.3333333333333333,0,0,0.0,1,0.0,0,0,0,0,0,1,1,0,0,0,0,1,0,0,0.1,0.0,0.0,0.0,0.0,African-American
9,Valarie Collins,3.538385136,-0.28,0,0.25,1,0,5,0.355885314,1,24,1,0.3333333333333333,0,0,0.5,1,0.5,0,0,0,0,0,1,1,0,0,0,0,0,0,1,0.1,0.0,0.0,0.0,0.0,African-American
10,Janice Baker,3.894808965,-0.28,1,1.0,0,0,4,0.505056353,1,32,2,0.3333333333333333,0,1,0.5,1,0.5,0,0,0,0,0,1,0,1,0,0,0,0,0,1,0.1,0.0,0.0,0.0,0.0,African-American
11,Virginia Cox,2.930320951,-0.26,0,0.5,0,0,5,0.296300371,1,26,0,0.0,0,0,0.0,1,0.0,0,0,0,0,0,1,0,0,1,0,0,0,0,1,0.0,0.0,0.1,0.0,0.0,Caucasian
12,Ray Cogan,3.5684174239999997,-0.22,2,1.0,0,1,1,0.374790443,0,26,1,0.6666666666666666,0,0,1.0,1,0.5,0,0,0,0,0,1,1,0,0,0,0,0,0,1,0.0,0.1,0.0,0.0,0.0,Asian
13,Casandra Bush,3.001248701,-0.2,0,0.5,1,0,4,0.333567312,1,25,1,0.6666666666666666,0,0,1.0,1,0.0,0,0,0,0,0,1,0,0,0,0,1,1,0,0,0.0,0.0,0.1,0.0,0.0,Caucasian
14,Mildred Adams,3.188764368,-0.16,1,0.5,0,0,1,0.241940817,1,24,1,0.3333333333333333,0,0,0.5,1,0.0,0,0,1,0,0,0,1,0,0,0,0,0,0,1,0.0,0.1,0.0,0.0,0.0,Asian
15,Scott Patterson,3.5470663910000004,-0.12,1,0.75,0,0,3,0.165399075,0,26,1,0.3333333333333333,0,0,1.0,1,0.5,0,0,0,0,0,1,0,0,0,0,1,1,0,0,0.0,0.0,0.1,0.0,0.0,Caucasian
16,Richard Bush,3.19193459,-0.1,1,0.75,0,0,0,0.339546921,0,23,1,0.6666666666666666,0,0,1.0,1,0.5,0,0,0,0,0,1,1,0,0,0,0,0,1,0,0.0,0.0,0.1,0.0,0.0,Caucasian
17,Robert Richardson,3.5458194169999997,-0.08,1,1.0,0,0,2,0.33217928399999996,0,23,0,0.0,0,0,0.5,1,0.0,0,0,0,0,0,1,0,0,1,0,0,0,0,1,0.0,0.0,0.1,0.0,0.0,Caucasian
18,Shirley Morrison,3.088070956,-0.08,0,1.0,0,1,3,0.595750084,0,23,1,0.6666666666666666,0,0,0.0,1,0.5,0,0,0,0,0,1,0,0,0,1,0,0,0,1,0.0,0.0,0.1,0.0,0.0,Caucasian
19,Melissa Lymon,2.8016072339999996,-0.06,2,0.75,0,0,2,0.453813575,1,25,1,0.3333333333333333,0,0,0.0,1,0.5,0,0,1,0,0,0,0,1,0,0,0,0,0,1,0.1,0.0,0.0,0.0,0.0,African-American
20,Delores Gullatte,3.4092410189999995,-0.04,0,0.75,0,0,3,0.266568666,1,32,1,0.6666666666666666,0,0,0.5,1,0.5,0,0,0,0,0,1,0,0,0,0,1,0,0,1,0.0,0.0,0.1,0.0,0.0,Caucasian
21,Jared Rosales,2.8082952239999996,-0.04,1,0.0,1,0,2,0.325661441,0,27,1,0.3333333333333333,0,0,0.0,1,0.5,0,0,0,0,0,1,1,0,0,0,0,1,0,0,0.1,0.0,0.0,0.0,0.0,African-American
22,Diane Hackett,3.273974261,-0.02,0,0.5,0,0,2,0.132475813,1,24,1,0.3333333333333333,0,0,0.5,1,0.5,0,0,0,0,0,1,0,0,0,0,1,0,0,1,0.0,0.0,0.0,0.1,0.0,Hispanic
23,Peter Lindsey,2.6332014,-0.02,2,0.5,0,0,3,0.24756763199999998,0,25,1,0.6666666666666666,1,1,0.5,1,0.5,0,0,0,0,0,1,0,0,0,1,0,0,0,1,0.0,0.0,0.1,0.0,0.0,Caucasian
24,Sean Eversole,3.558835082,0.0,0,0.25,0,1,1,0.28981477899999997,0,21,1,0.3333333333333333,0,0,0.5,1,0.5,0,0,0,0,1,0,1,0,0,0,0,0,0,1,0.0,0.0,0.0,0.1,0.0,Hispanic
25,Bo Le,2.842,0.0,0,0.0,0,0,1,0.21123000000000003,0,50,0,0.3333333333333333,1,1,0.5,0,0.0,0,0,0,0,0,1,0,0,1,0,0,0,0,1,0.0,0.0,0.0,0.0,0.1,Other
26,Vicki Catrone,3.8883245619999998,0.0,2,1.0,0,0,4,0.164854272,1,27,1,0.6666666666666666,0,0,0.5,1,0.0,0,0,0,0,0,1,0,1,0,0,0,1,0,0,0.0,0.1,0.0,0.0,0.0,Asian
27,Oleta Fulenwider,2.430031744,0.04,1,0.5,0,0,2,0.648365691,1,25,1,0.6666666666666666,0,0,1.0,1,0.5,0,0,0,0,0,1,1,0,0,0,0,1,0,0,0.0,0.0,0.1,0.0,0.0,Caucasian
28,Trevor Phillips,3.256029133,0.06,1,0.25,0,0,5,0.224386893,0,41,1,0.6666666666666666,0,0,0.5,1,0.5,0,0,0,0,0,1,0,0,0,0,1,0,0,1,0.0,0.0,0.1,0.0,0.0,Caucasian
29,Henrietta Wiggs,2.2640989940000003,0.08,2,0.25,1,0,3,0.218064405,1,35,1,0.6666666666666666,0,0,0.5,1,0.5,0,0,0,0,0,1,0,1,0,0,0,0,1,0,0.0,0.0,0.1,0.0,0.0,Caucasian
30,Esther Phillips,2.27305935,0.1,0,0.25,0,0,2,0.39055559700000003,1,24,1,0.6666666666666666,0,0,0.5,1,0.5,0,0,0,0,0,1,0,0,0,0,1,1,0,0,0.0,0.0,0.1,0.0,0.0,Caucasian
31,Megan Laffoon,2.577794814,0.12,0,0.75,0,0,1,0.529061366,1,22,1,0.6666666666666666,0,1,0.0,1,0.0,0,0,0,0,0,1,0,1,0,0,0,0,0,1,0.0,0.0,0.1,0.0,0.0,Caucasian
32,Brandy Francis,3.0210699539999997,0.12,1,0.75,0,0,1,0.197860015,1,27,1,0.6666666666666666,0,0,0.0,1,0.5,0,0,0,0,0,1,0,0,0,1,0,1,0,0,0.0,0.1,0.0,0.0,0.0,Asian
33,Dominic Perry,2.892210482,0.14,0,0.0,0,0,3,0.397860015,0,26,1,0.3333333333333333,0,0,1.0,1,0.5,0,0,0,0,0,1,0,1,0,0,0,1,0,0,0.0,0.0,0.0,0.1,0.0,Hispanic
34,Johnny Matthews,3.295731963,0.14,2,0.75,0,0,3,0.360168365,0,42,1,1.0,0,0,1.0,1,0.5,0,0,0,0,0,1,0,0,0,1,0,1,0,0,0.0,0.0,0.1,0.0,0.0,Caucasian
35,Helen Hutton,2.632093264,0.16,1,0.25,0,0,1,0.498752325,1,25,1,0.3333333333333333,0,0,0.5,1,0.0,0,0,0,0,0,1,1,0,0,0,0,0,0,1,0.0,0.0,0.1,0.0,0.0,Caucasian
36,Deborah Jones,2.760720381,0.16,1,0.75,0,0,3,0.23402893800000002,1,32,1,0.6666666666666666,0,0,1.0,1,0.5,0,0,0,0,0,1,0,0,0,0,1,0,1,0,0.0,0.0,0.1,0.0,0.0,Caucasian
37,Karen Kerr,3.421895357,0.16,0,0.5,0,0,4,0.411733684,1,30,1,0.6666666666666666,0,0,0.0,1,0.5,0,0,0,0,0,1,0,1,0,0,0,0,1,0,0.0,0.0,0.1,0.0,0.0,Caucasian
38,Brenda Dallas,2.389954569,0.18,1,0.5,0,0,5,0.5688204029999999,1,28,1,0.6666666666666666,0,0,0.5,1,0.5,0,0,0,0,0,1,0,0,0,1,0,0,0,1,0.0,0.0,0.1,0.0,0.0,Caucasian
39,Michael Feria,2.510215402,0.18,1,1.0,0,0,3,0.324741418,0,31,1,0.3333333333333333,0,0,0.5,1,0.5,0,0,0,0,0,1,0,1,0,0,0,1,0,0,0.1,0.0,0.0,0.0,0.0,African-American
40,Robert Owens,3.511147251,0.18,2,0.0,0,0,3,0.70298533,0,26,1,0.6666666666666666,0,0,0.5,1,0.5,1,0,0,0,0,0,1,0,0,0,0,0,0,1,0.0,0.0,0.1,0.0,0.0,Caucasian
41,Richard Sterling,2.879056447,0.18,1,0.25,0,0,2,0.556050218,0,23,2,0.6666666666666666,1,1,0.5,1,0.0,0,0,0,0,0,1,0,1,0,0,0,1,0,0,0.1,0.0,0.0,0.0,0.0,African-American
42,Frank Karow,3.5782543380000003,0.2,2,0.75,1,0,5,0.205887266,0,35,1,0.3333333333333333,0,0,0.5,1,0.0,0,0,0,0,0,1,0,0,0,0,1,0,0,1,0.0,0.0,0.0,0.1,0.0,Hispanic
43,Olive Figueredo,2.66959117,0.2,0,0.5,0,0,4,0.64899142,1,26,1,0.3333333333333333,0,1,1.0,1,0.0,0,0,0,0,0,1,1,0,0,0,0,1,0,0,0.1,0.0,0.0,0.0,0.0,African-American
44,Tara Smith,3.805504675,0.22,2,0.0,0,0,5,0.55050188,1,37,1,0.6666666666666666,0,0,0.5,1,0.5,0,0,0,0,0,1,1,0,0,0,0,0,1,0,0.0,0.0,0.1,0.0,0.0,Caucasian
45,Dennis Cummings,2.601599664,0.22,1,0.0,0,0,3,0.449563131,0,26,1,0.6666666666666666,0,0,0.5,1,0.5,0,0,0,0,0,1,0,0,0,0,1,0,1,0,0.0,0.1,0.0,0.0,0.0,Asian
46,Marilyn Mccloy,2.763279939,0.22,0,0.5,0,0,3,0.362648204,1,23,1,1.0,1,1,1.0,1,0.0,0,0,0,0,0,1,0,0,0,0,1,0,0,1,0.1,0.0,0.0,0.0,0.0,African-American
47,Jerry Floyd,2.626759146,0.22,1,0.0,0,0,2,0.352117956,0,31,1,1.0,0,0,0.0,1,0.0,0,0,0,0,0,1,1,0,0,0,0,0,0,1,0.0,0.0,0.1,0.0,0.0,Caucasian
48,Jean Brown,3.035104436,0.24,2,0.75,0,0,5,0.35687899,0,36,1,0.3333333333333333,0,0,1.0,1,0.5,0,0,0,0,0,1,0,0,0,0,1,0,0,1,0.0,0.0,0.1,0.0,0.0,Caucasian
49,Samuel Coleman,2.909588607,0.24,2,0.75,0,0,5,0.373059645,0,32,0,0.0,0,0,1.0,1,0.5,0,0,0,0,0,1,0,0,1,0,0,0,0,1,0.0,0.0,0.1,0.0,0.0,Caucasian
50,Clarissa Garcia,3.2292072760000003,0.26,0,0.75,0,0,4,0.099218106,1,29,1,0.3333333333333333,0,0,0.5,1,0.5,0,0,0,0,0,1,0,0,0,1,0,0,1,0,0.0,0.1,0.0,0.0,0.0,Asian
51,Theresa Heilig,3.2203335560000004,0.28,0,1.0,0,0,2,0.167627605,1,25,2,0.6666666666666666,0,0,0.0,1,0.0,0,0,1,0,0,0,1,0,0,0,0,0,0,1,0.0,0.0,0.0,0.1,0.0,Hispanic
52,Karen Owen,3.62837692,0.28,0,0.25,0,0,2,0.40281793299999996,1,28,1,0.6666666666666666,0,0,0.0,1,0.0,0,0,0,0,0,1,0,0,0,0,1,1,0,0,0.0,0.0,0.1,0.0,0.0,Caucasian
53,Melissa Fields,2.853393137,0.28,1,0.0,0,0,4,0.593074475,1,27,1,1.0,0,0,0.5,1,0.5,0,1,0,0,0,0,0,1,0,0,0,0,0,1,0.0,0.0,0.1,0.0,0.0,Caucasian
54,Tracy Pool,2.587000266,0.3,0,1.0,0,0,1,0.6111012610000001,1,29,1,1.0,0,0,0.5,1,0.0,0,0,0,0,0,1,1,0,0,0,0,0,0,1,0.0,0.0,0.1,0.0,0.0,Caucasian
55,Douglas Engle,2.534914707,0.3,0,0.75,0,0,4,0.33061231,0,27,1,0.3333333333333333,1,1,0.5,1,0.0,0,0,0,0,0,1,0,1,0,0,0,1,0,0,0.1,0.0,0.0,0.0,0.0,African-American
56,Benjamin Jensen,3.3442898860000003,0.3,0,0.0,0,0,1,0.461881231,0,30,2,1.0,0,0,0.5,1,0.5,0,0,0,0,0,1,0,1,0,0,0,0,0,1,0.0,0.0,0.1,0.0,0.0,Caucasian
57,June Crowder,2.906102986,0.3,1,0.0,0,0,5,0.127873775,1,30,1,0.6666666666666666,1,1,0.0,1,1.0,0,0,0,0,0,1,0,1,0,0,0,1,0,0,0.0,0.0,0.1,0.0,0.0,Caucasian
58,Jared Gordon,2.91007031,0.32,2,0.75,0,0,4,0.33077517300000003,0,23,0,0.0,0,0,0.5,1,0.5,0,0,0,0,0,1,0,0,1,0,0,0,0,1,0.0,0.1,0.0,0.0,0.0,Asian
59,Melanie Seibel,3.6177468960000003,0.32,1,0.5,0,0,2,0.515706574,1,29,1,0.3333333333333333,0,0,0.5,1,0.5,0,0,0,0,0,1,0,1,0,0,0,1,0,0,0.0,0.0,0.0,0.1,0.0,Hispanic
60,Luis Mcgraw,3.867010735,0.32,1,0.0,0,0,5,0.209016282,0,23,2,0.6666666666666666,0,0,0.5,1,0.0,0,0,0,0,0,1,1,0,0,0,0,0,0,1,0.0,0.0,0.1,0.0,0.0,Caucasian
61,Arthur Valdez,3.253157245,0.34,2,0.5,0,0,4,0.313525058,0,29,1,0.3333333333333333,0,0,0.5,1,0.5,0,0,0,0,0,1,0,0,0,0,1,0,0,1,0.0,0.0,0.1,0.0,0.0,Caucasian
62,Paul Rosenfeld,2.606089068,0.34,2,1.0,0,0,2,0.098931207,0,26,1,0.3333333333333333,0,0,0.0,1,0.0,0,0,1,0,0,0,1,0,0,0,0,0,0,1,0.0,0.0,0.1,0.0,0.0,Caucasian
63,Judith Luna,2.9131655569999997,0.34,0,0.0,0,0,3,0.5495404979999999,1,21,1,0.6666666666666666,0,0,1.0,1,0.5,0,0,0,0,0,1,1,0,0,0,0,1,0,0,0.1,0.0,0.0,0.0,0.0,African-American
64,Joe West,2.8748422280000003,0.34,1,0.75,1,0,5,0.45823429600000004,0,22,2,0.6666666666666666,1,1,1.0,1,0.0,0,0,0,0,0,1,0,1,0,0,0,1,0,0,0.1,0.0,0.0,0.0,0.0,African-American
65,Nanette Duran,3.707828109,0.34,1,0.5,0,0,1,0.266458063,1,34,2,0.3333333333333333,0,0,0.5,1,0.5,0,0,0,0,0,1,0,0,0,0,1,0,0,1,0.0,0.0,0.1,0.0,0.0,Caucasian
66,Christopher Frilling,2.9662805339999996,0.36,1,0.5,0,1,2,0.38309456799999997,0,23,1,0.3333333333333333,0,0,0.5,1,0.0,0,0,0,0,0,1,0,0,0,1,0,0,0,1,0.1,0.0,0.0,0.0,0.0,African-American
67,April Schmid,3.279474863,0.38,0,1.0,0,0,3,0.068731788,1,25,1,0.3333333333333333,1,1,0.5,1,0.5,0,0,0,0,0,1,0,1,0,0,0,0,0,1,0.0,0.0,0.1,0.0,0.0,Caucasian
68,Renea Rankin,3.174982085,0.38,2,0.75,0,0,5,0.622995665,1,23,1,0.6666666666666666,0,0,1.0,1,0.0,0,1,0,0,0,0,0,0,0,1,0,1,0,0,0.0,0.0,0.1,0.0,0.0,Caucasian
69,Raymond Bilal,3.16970595,0.38,2,1.0,0,0,4,0.37043105299999995,0,28,1,0.3333333333333333,0,0,0.5,1,0.0,0,0,0,0,0,1,1,0,0,0,0,0,0,1,0.0,0.0,0.1,0.0,0.0,Caucasian
70,Tony Baker,3.0582253410000004,0.4,2,0.75,0,0,2,0.20496618600000002,0,24,1,0.6666666666666666,0,0,0.5,1,0.5,0,0,0,0,0,1,0,0,0,1,0,1,0,0,0.1,0.0,0.0,0.0,0.0,African-American
71,Oscar Jenkins,3.9725860969999998,0.42,2,0.5,1,1,2,0.26028941899999997,0,22,2,0.6666666666666666,0,0,0.5,1,0.5,0,0,0,0,0,1,1,0,0,0,0,1,0,0,0.0,0.0,0.1,0.0,0.0,Caucasian
72,Tasha Tannenbaum,2.8751732619999997,0.42,0,0.5,0,0,2,0.600870018,1,26,1,1.0,0,0,1.0,1,0.0,0,0,0,0,0,1,0,1,0,0,0,0,0,1,0.0,0.0,0.1,0.0,0.0,Caucasian
73,Stephen Cooksey,3.969429662,0.44,2,0.75,0,0,2,0.6321480039999999,0,22,1,0.6666666666666666,0,1,0.5,1,0.5,0,0,0,0,0,1,0,0,0,1,0,0,1,0,0.1,0.0,0.0,0.0,0.0,African-American
74,David Larson,3.309286824,0.44,0,0.5,0,0,1,0.151010699,0,27,1,0.6666666666666666,0,0,0.0,1,0.5,0,0,0,0,0,1,0,0,0,1,0,0,0,1,0.0,0.0,0.1,0.0,0.0,Caucasian
75,Michael Matthews,3.1019502919999997,0.44,0,0.25,0,0,4,0.46823516299999995,0,21,1,0.3333333333333333,0,0,1.0,1,0.0,0,0,0,0,0,1,0,0,0,0,1,0,1,0,0.0,0.0,0.1,0.0,0.0,Caucasian
76,Martin Applin,3.731543877,0.44,2,0.5,0,0,4,0.362922663,0,26,2,0.3333333333333333,0,0,0.5,1,0.5,0,0,0,0,0,1,0,1,0,0,0,1,0,0,0.1,0.0,0.0,0.0,0.0,African-American
77,Juan Adkins,3.0453983119999997,0.44,0,0.25,0,0,2,0.468507703,0,27,1,0.3333333333333333,0,0,0.0,1,0.5,1,0,0,0,0,0,0,1,0,0,0,0,0,1,0.0,0.0,0.1,0.0,0.0,Caucasian
78,Richard Peters,3.471846435,0.46,0,0.75,0,0,1,0.40530862100000004,0,23,1,1.0,0,0,0.5,1,0.5,0,0,0,0,0,1,1,0,0,0,0,0,0,1,0.0,0.0,0.1,0.0,0.0,Caucasian
79,James Joseph,3.712499639,0.46,1,0.75,0,0,1,0.46570708200000005,0,30,2,0.6666666666666666,0,0,0.0,1,0.0,0,0,0,0,0,1,1,0,0,0,0,0,0,1,0.0,0.0,0.1,0.0,0.0,Caucasian
80,Doris Cox,3.1428019989999996,0.48,1,1.0,0,0,0,0.388000154,1,29,1,0.3333333333333333,0,0,1.0,1,0.5,0,0,0,0,0,1,0,0,0,0,1,0,0,1,0.0,0.1,0.0,0.0,0.0,Asian
81,Randall Phillips,3.188070769,0.48,1,0.75,0,0,3,0.5773265879999999,0,35,1,0.6666666666666666,0,0,0.5,1,1.0,0,0,0,0,0,1,0,0,0,0,1,0,0,1,0.0,0.0,0.1,0.0,0.0,Caucasian
82,Calvin Hulsey,2.9405426489999997,0.48,1,1.0,0,0,4,0.5889401639999999,0,26,1,0.3333333333333333,0,0,1.0,1,0.0,0,0,1,0,0,0,0,0,0,0,1,0,0,1,0.0,0.1,0.0,0.0,0.0,Asian
83,Mark Benitez,2.9533277239999998,0.48,0,0.0,0,1,2,0.440408753,0,26,1,0.3333333333333333,0,0,0.5,1,0.0,0,0,0,0,0,1,0,0,0,0,1,0,0,1,0.1,0.0,0.0,0.0,0.0,African-American
84,Heather Kelly,3.142823499,0.48,0,0.0,0,1,3,-0.070517665,1,24,1,0.6666666666666666,0,0,0.5,1,0.5,0,0,0,0,0,1,0,0,0,1,0,0,0,1,0.0,0.0,0.1,0.0,0.0,Caucasian
85,Tim Burke,2.58814493,0.5,1,0.25,0,0,3,0.34266058899999996,0,23,2,0.6666666666666666,0,0,0.0,1,0.0,0,0,0,0,0,1,0,1,0,0,0,0,0,1,0.0,0.1,0.0,0.0,0.0,Asian
86,Earnestine Marini,3.66545317,0.52,1,1.0,0,0,1,0.36187621,1,28,1,0.3333333333333333,1,0,0.0,1,1.0,0,0,0,0,0,1,0,0,0,0,1,0,0,1,0.0,0.0,0.1,0.0,0.0,Caucasian
87,Derek Batchelor,3.065259892,0.52,0,0.25,0,0,2,0.6662101570000001,0,24,1,0.6666666666666666,0,0,0.0,1,0.0,0,0,0,0,0,1,0,0,0,1,0,0,0,1,0.0,0.0,0.1,0.0,0.0,Caucasian
88,James Boggess,3.419434882,0.52,2,0.75,1,0,3,0.27544628600000004,0,25,1,0.6666666666666666,0,0,0.0,1,0.5,0,0,0,1,0,0,0,0,0,1,0,0,0,1,0.0,0.0,0.1,0.0,0.0,Caucasian
89,William Miller,1.6918683909999999,0.52,0,0.5,0,0,3,0.593605321,0,33,1,0.6666666666666666,1,1,0.0,1,0.0,0,0,0,0,0,1,1,0,0,0,0,0,0,1,0.0,0.0,0.1,0.0,0.0,Caucasian
90,James Lehnen,3.782248585,0.54,0,0.25,0,0,3,0.669678915,0,29,1,0.3333333333333333,0,0,0.0,1,1.0,0,0,0,0,0,1,0,0,0,1,0,0,0,1,0.0,0.0,0.1,0.0,0.0,Caucasian
91,Peggy Roach,3.55517565,0.54,1,0.25,0,0,2,0.262374117,1,26,2,0.6666666666666666,0,0,0.5,1,0.5,0,0,0,0,0,1,0,0,0,0,1,0,0,1,0.0,0.0,0.1,0.0,0.0,Caucasian
92,Gilberto Wingard,2.608031647,0.54,2,0.25,0,0,6,0.306265613,0,25,1,0.6666666666666666,0,0,0.5,1,0.0,0,0,0,0,0,1,1,0,0,0,0,0,0,1,0.0,0.0,0.0,0.1,0.0,Hispanic
93,Justin Butler,3.0098021389999996,0.54,1,1.0,1,0,6,0.544371575,0,25,2,0.6666666666666666,0,0,1.0,1,0.0,0,0,0,0,0,1,0,1,0,0,0,1,0,0,0.0,0.0,0.1,0.0,0.0,Caucasian
94,William Burnett,3.234670341,0.54,0,0.25,0,0,3,0.719725979,0,24,1,0.3333333333333333,0,1,0.5,1,0.0,0,0,0,0,0,1,0,0,0,0,1,1,0,0,0.1,0.0,0.0,0.0,0.0,African-American
95,Tracy Sachs,3.3384412610000003,0.54,1,0.0,0,0,2,0.317129338,1,23,2,0.6666666666666666,0,1,1.0,1,0.5,0,0,0,0,0,1,0,0,0,0,1,0,0,1,0.1,0.0,0.0,0.0,0.0,African-American
96,Craig Martinez,3.575478344,0.56,1,0.5,0,0,3,0.620635216,0,28,1,0.3333333333333333,0,0,0.0,1,1.0,0,0,0,1,0,0,0,0,0,1,0,0,0,1,0.0,0.1,0.0,0.0,0.0,Asian
97,Patricia Via,3.355374753,0.56,1,0.75,0,0,3,0.536662979,1,24,1,0.3333333333333333,0,0,1.0,1,0.0,0,0,0,0,0,1,0,0,0,1,0,1,0,0,0.0,0.0,0.0,0.1,0.0,Hispanic
98,Debbie Andrews,3.2689630569999997,0.56,0,0.25,0,0,3,0.181949778,1,31,1,0.6666666666666666,0,0,1.0,1,0.5,0,0,0,0,0,1,1,0,0,0,0,1,0,0,0.0,0.0,0.1,0.0,0.0,Caucasian
99,Donald Necaise,3.0114669419999998,0.56,1,0.75,0,0,3,0.637926733,0,24,0,0.0,0,0,0.5,1,0.5,0,0,0,1,0,0,0,0,1,0,0,0,0,1,0.0,0.0,0.1,0.0,0.0,Caucasian
100,John Leroy,2.981785082,0.56,2,0.0,0,0,4,0.544569969,0,21,1,0.6666666666666666,0,0,0.0,1,0.0,0,0,0,0,0,1,0,1,0,0,0,0,0,1,0.0,0.1,0.0,0.0,0.0,Asian
101,Lisa Shaner,3.101519223,0.58,2,0.5,0,0,4,0.635128538,1,29,1,0.6666666666666666,0,0,0.5,1,0.5,0,0,0,0,1,0,1,0,0,0,0,0,0,1,0.0,0.0,0.0,0.1,0.0,Hispanic
102,Susann Presley,3.0405236939999996,0.58,1,0.25,0,0,2,0.45820004799999997,1,25,1,0.3333333333333333,0,0,0.5,1,0.0,0,0,0,0,0,1,0,1,0,0,0,1,0,0,0.0,0.0,0.0,0.0,0.1,Other
103,Janis Frazier,3.5064239130000003,0.58,1,0.0,1,0,3,0.74763328,1,31,2,0.6666666666666666,0,0,0.5,1,0.5,0,0,0,0,0,1,0,1,0,0,0,1,0,0,0.0,0.0,0.1,0.0,0.0,Caucasian
104,Sheila Bryant,3.089170901,0.58,0,0.75,0,0,3,0.305708741,1,29,0,0.0,0,0,0.5,1,0.0,0,0,0,0,0,1,0,0,1,0,0,0,0,1,0.0,0.0,0.1,0.0,0.0,Caucasian
105,Gilbert Smith,2.502374766,0.58,0,1.0,0,0,4,0.31746401399999996,0,25,1,0.6666666666666666,0,0,0.0,1,0.0,0,0,0,0,0,1,1,0,0,0,0,0,0,1,0.0,0.0,0.1,0.0,0.0,Caucasian
106,Marshall Smith,3.435171687,0.6,2,0.25,0,0,3,0.371989911,0,28,0,0.0,0,0,0.0,1,0.5,0,0,0,0,0,1,0,0,1,0,0,0,0,1,0.0,0.0,0.1,0.0,0.0,Caucasian
107,Harvey Hunter,3.2756138110000004,0.6,2,0.25,0,0,2,0.7588944320000001,0,32,1,0.3333333333333333,0,0,0.5,1,0.5,0,0,0,0,0,1,0,0,0,1,0,0,0,1,0.0,0.0,0.1,0.0,0.0,Caucasian
108,Shirley Garden,2.697703901,0.6,0,0.5,1,0,5,0.406900837,1,24,1,0.6666666666666666,0,0,0.0,1,0.5,0,0,0,0,0,1,0,1,0,0,0,1,0,0,0.0,0.0,0.1,0.0,0.0,Caucasian
109,Jackie Reed,3.765002155,0.62,0,0.75,0,0,5,-0.036028152,1,27,2,0.6666666666666666,0,0,0.5,1,0.5,0,0,0,0,0,1,1,0,0,0,0,1,0,0,0.0,0.0,0.1,0.0,0.0,Caucasian
110,Barbara Estrada,3.102132505,0.62,1,0.5,0,0,5,-0.016508903999999998,1,24,1,0.3333333333333333,0,0,0.5,1,0.0,0,0,0,0,0,1,0,0,0,1,0,0,0,1,0.0,0.0,0.1,0.0,0.0,Caucasian
111,Beatrice Lee,3.0,0.64,0,0.25,0,0,2,0.5,1,24,1,0.3333333333333333,0,1,0.5,0,0.0,0,0,0,0,0,1,1,0,0,0,0,0,0,1,0.0,0.0,0.0,0.1,0.0,Hispanic
112,John Mock,3.109543332,0.64,1,0.25,0,1,3,0.41992532,0,27,1,0.6666666666666666,0,0,0.5,1,0.0,0,0,1,0,0,0,0,0,0,1,0,0,0,1,0.0,0.0,0.1,0.0,0.0,Caucasian
113,Larry Roesler,2.7950713310000004,0.64,1,0.5,0,0,3,0.34959273799999996,0,24,1,0.3333333333333333,0,0,0.5,1,0.5,0,0,0,0,0,1,1,0,0,0,0,0,0,1,0.0,0.0,0.1,0.0,0.0,Caucasian
114,Joel Martin,3.564686695,0.64,0,0.25,0,0,5,0.35104267899999997,0,33,0,0.0,0,0,0.5,1,1.0,0,0,0,0,0,1,0,0,1,0,0,0,0,1,0.0,0.0,0.1,0.0,0.0,Caucasian
115,Rita Mccarty,2.343834097,0.66,0,0.5,0,0,2,0.353259825,1,23,1,0.6666666666666666,0,0,0.5,1,0.5,0,0,0,0,0,1,0,0,0,1,0,0,0,1,0.0,0.1,0.0,0.0,0.0,Asian
116,Andrew Stewart,2.621121586,0.66,1,0.5,0,0,2,0.579493343,0,27,1,0.3333333333333333,0,0,0.5,1,0.5,0,0,0,0,0,1,0,1,0,0,0,0,0,1,0.1,0.0,0.0,0.0,0.0,African-American
117,Mary Reese,2.899792985,0.66,0,0.25,1,0,3,0.6455121620000001,1,24,1,0.3333333333333333,0,0,0.5,1,0.0,0,0,0,0,0,1,0,1,0,0,0,1,0,0,0.0,0.0,0.1,0.0,0.0,Caucasian
118,Andrew Lee,3.0592112289999998,0.66,0,0.25,0,0,2,0.648296765,0,25,1,0.3333333333333333,1,1,0.5,1,1.0,0,0,0,0,0,1,0,0,0,1,0,0,1,0,0.1,0.0,0.0,0.0,0.0,African-American
119,David Smith,4.087106366,0.66,2,1.0,1,1,5,0.690356573,0,23,2,0.3333333333333333,0,0,0.5,1,0.5,0,0,0,0,0,1,0,1,0,0,0,1,0,0,0.1,0.0,0.0,0.0,0.0,African-American
120,Steven Bartel,2.6875850289999996,0.66,0,0.0,0,0,0,0.30039097600000003,0,26,1,0.6666666666666666,0,0,0.0,1,0.5,0,0,0,0,0,1,0,1,0,0,0,0,0,1,0.1,0.0,0.0,0.0,0.0,African-American
121,Katrina Chancellor,2.343654803,0.68,1,0.5,1,0,2,0.455985195,1,22,1,0.3333333333333333,0,0,1.0,1,0.5,0,0,0,0,0,1,0,0,0,1,0,0,0,1,0.0,0.0,0.0,0.0,0.1,Other
122,Sherry Charpentier,3.347442317,0.7,1,0.75,0,1,5,0.17191926600000002,1,31,1,0.3333333333333333,0,0,1.0,1,1.0,0,0,0,0,0,1,0,0,0,1,0,0,0,1,0.1,0.0,0.0,0.0,0.0,African-American
123,Jonathan Wozny,1.912484038,0.72,1,0.0,0,0,4,0.68946249,0,24,1,0.6666666666666666,0,0,0.5,1,0.0,0,0,0,0,0,1,1,0,0,0,0,0,0,1,0.0,0.0,0.1,0.0,0.0,Caucasian
124,Homer Dillon,2.9043430810000004,0.72,1,0.25,0,0,5,0.629876109,0,30,1,0.3333333333333333,1,1,0.0,1,0.0,1,0,0,0,0,0,0,0,0,1,0,0,0,1,0.1,0.0,0.0,0.0,0.0,African-American
125,Amanda Roeber,3.4061497789999997,0.72,2,0.5,0,0,2,0.288920491,1,25,1,0.3333333333333333,0,0,0.5,1,0.5,0,0,0,0,0,1,1,0,0,0,0,0,0,1,0.0,0.0,0.1,0.0,0.0,Caucasian
126,Paul Small,3.2867996660000003,0.74,0,0.0,1,0,5,0.36188876200000003,0,27,2,0.6666666666666666,0,0,0.5,1,0.0,0,0,0,0,0,1,0,0,0,1,0,1,0,0,0.1,0.0,0.0,0.0,0.0,African-American
127,Howard Penland,3.6606157269999997,0.74,2,1.0,0,0,4,0.425674179,0,29,1,0.3333333333333333,0,0,0.5,1,0.5,0,0,0,0,0,1,0,0,0,0,1,1,0,0,0.0,0.0,0.0,0.1,0.0,Hispanic
128,Georgia Guzman,3.4796578830000002,0.76,0,0.0,0,0,3,0.528199062,1,31,1,0.3333333333333333,1,1,0.5,0,1.0,0,0,0,0,0,1,0,0,0,0,1,1,0,0,0.0,0.0,0.1,0.0,0.0,Caucasian
129,Roy Hoffman,3.2173590510000003,0.76,2,0.25,0,0,1,0.41605824700000005,0,22,1,0.6666666666666666,0,0,0.5,1,1.0,0,0,0,0,0,1,0,1,0,0,0,1,0,0,0.0,0.0,0.1,0.0,0.0,Caucasian
130,Erin Mohammad,3.851303534,0.76,2,0.5,0,1,3,0.424772537,0,25,1,1.0,0,0,1.0,1,1.0,0,0,0,0,0,1,0,0,0,1,0,0,0,1,0.0,0.0,0.1,0.0,0.0,Caucasian
131,Brian Lee,3.0202765589999996,0.76,0,0.5,0,0,4,0.28823899,0,29,1,0.3333333333333333,0,0,0.5,1,0.5,0,0,0,0,0,1,1,0,0,0,0,0,1,0,0.0,0.0,0.1,0.0,0.0,Caucasian
132,Mario Gallegos,3.522877682,0.76,1,1.0,0,0,4,0.42035157799999995,0,23,1,0.6666666666666666,0,0,1.0,1,0.5,0,0,0,0,0,1,0,1,0,0,0,1,0,0,0.0,0.0,0.1,0.0,0.0,Caucasian
133,Oscar Brougham,2.770904419,0.76,2,0.75,0,0,6,0.538081723,0,33,1,1.0,0,0,0.5,1,0.0,0,0,0,0,0,1,0,1,0,0,0,0,0,1,0.0,0.0,0.1,0.0,0.0,Caucasian
134,Sylvester Turner,3.850462073,0.78,1,0.25,0,0,3,1.029528487,0,28,1,0.3333333333333333,1,1,0.5,1,0.5,0,0,0,0,0,1,0,0,0,0,1,0,0,1,0.1,0.0,0.0,0.0,0.0,African-American
135,Linda Kramer,2.657203468,0.78,0,0.25,0,0,2,0.780176654,1,24,1,0.3333333333333333,0,0,1.0,1,1.0,0,0,0,0,0,1,0,0,0,1,0,1,0,0,0.0,0.0,0.1,0.0,0.0,Caucasian
136,Sandy Gregory,2.97339196,0.78,2,1.0,0,0,1,0.659319335,0,23,2,0.6666666666666666,0,0,0.0,1,0.0,0,0,0,0,0,1,1,0,0,0,0,1,0,0,0.0,0.0,0.1,0.0,0.0,Caucasian
137,Moises Hill,3.245478765,0.78,2,0.0,0,0,1,0.657270935,0,28,1,0.6666666666666666,0,0,0.5,1,0.5,0,0,0,1,0,0,0,0,0,0,1,1,0,0,0.0,0.0,0.1,0.0,0.0,Caucasian
138,Mandy Jones,2.622254919,0.8,0,0.25,0,0,0,0.45855075,1,28,1,0.3333333333333333,1,0,0.5,1,0.0,0,0,0,0,0,1,0,1,0,0,0,0,0,1,0.0,0.0,0.1,0.0,0.0,Caucasian
139,Mark Ames,3.510066218,0.82,0,0.5,0,1,5,0.31595005800000003,0,30,1,0.6666666666666666,0,0,1.0,1,0.5,0,0,1,0,0,0,0,1,0,0,0,1,0,0,0.0,0.0,0.1,0.0,0.0,Caucasian
140,James Espy,2.111314465,0.82,1,0.0,0,0,3,0.590042353,0,26,1,0.3333333333333333,0,0,0.5,1,0.5,0,0,0,0,0,1,0,0,0,1,0,0,0,1,0.0,0.0,0.1,0.0,0.0,Caucasian
141,Robert Dalbec,2.952602484,0.82,2,0.25,0,0,2,1.023081535,0,31,1,0.3333333333333333,1,0,0.0,1,0.0,0,0,0,0,0,1,0,0,0,1,0,0,0,1,0.1,0.0,0.0,0.0,0.0,African-American
142,Courtney Wilson,4.260731331000001,0.82,2,1.0,1,1,3,0.985431642,1,28,2,1.0,0,0,1.0,1,1.0,0,0,0,0,0,1,1,0,0,0,0,0,0,1,0.0,0.0,0.1,0.0,0.0,Caucasian
143,Dawn Keels,3.764329698,0.82,1,1.0,0,0,3,0.684659115,1,23,2,0.3333333333333333,0,0,0.5,1,0.0,0,0,0,0,0,1,0,0,0,1,0,1,0,0,0.0,0.0,0.1,0.0,0.0,Caucasian
144,William Mccluney,2.61584782,-1.08,1,1.0,0,0,1,0.62734651,0,27,2,0.3333333333333333,1,1,1.0,1,0.5,1,0,0,0,0,0,0,0,0,1,0,1,0,0,0.1,0.0,0.0,0.0,0.0,African-American
145,Marie Mendoza,3.506396464,0.84,1,0.25,0,0,3,0.511120285,1,22,1,1.0,0,0,0.5,1,0.5,0,0,0,0,0,1,0,1,0,0,0,0,0,1,0.0,0.0,0.1,0.0,0.0,Caucasian
146,Dennis Allen,2.675702133,0.84,2,0.75,0,0,3,0.37720815799999996,0,23,1,0.6666666666666666,1,1,0.0,1,0.5,0,0,0,0,0,1,0,0,0,0,1,0,0,1,0.1,0.0,0.0,0.0,0.0,African-American
147,Ted Thurman,2.511456952,0.86,0,0.0,0,0,4,0.6577592320000001,0,24,1,1.0,0,0,0.5,1,0.5,0,0,1,0,0,0,0,0,0,1,0,0,0,1,0.0,0.0,0.1,0.0,0.0,Caucasian
148,Joshua Sellers,3.291778121,0.86,0,0.25,0,0,6,0.38834592799999995,0,27,1,0.6666666666666666,0,0,0.5,1,1.0,0,0,0,0,0,1,0,1,0,0,0,1,0,0,0.0,0.0,0.1,0.0,0.0,Caucasian
149,Janice Klein,3.237091649,0.86,1,0.5,0,0,3,0.58709662,1,24,1,0.3333333333333333,0,0,0.0,1,0.0,0,0,0,1,0,0,1,0,0,0,0,0,0,1,0.0,0.0,0.1,0.0,0.0,Caucasian
150,Chris Thomas,2.902799958,0.86,2,0.5,0,0,1,0.5888218510000001,0,29,2,0.3333333333333333,0,0,0.0,1,0.0,0,0,1,0,0,0,1,0,0,0,0,1,0,0,0.0,0.0,0.1,0.0,0.0,Caucasian
151,Marie Kinkel,3.15788628,0.86,1,0.75,0,0,3,0.541481344,1,26,1,0.6666666666666666,0,1,0.5,1,0.5,0,0,0,0,0,1,0,0,0,1,0,0,1,0,0.0,0.0,0.1,0.0,0.0,Caucasian
152,William Gagnon,3.257232661,0.86,0,1.0,0,0,3,0.6829028359999999,0,30,1,0.3333333333333333,0,0,0.5,1,0.5,0,0,0,0,0,1,0,0,0,1,0,0,0,1,0.0,0.0,0.0,0.1,0.0,Hispanic
153,Jeremy Dion,3.187791271,0.86,0,0.75,0,0,4,0.157457407,0,27,2,1.0,0,0,0.5,1,0.5,0,0,0,0,0,1,0,0,0,0,1,0,0,1,0.0,0.0,0.1,0.0,0.0,Caucasian
154,Anthony Harris,2.623112759,0.88,1,0.0,0,0,1,0.564501035,0,29,1,0.3333333333333333,0,1,0.5,1,0.5,0,0,0,0,0,1,1,0,0,0,0,0,0,1,0.1,0.0,0.0,0.0,0.0,African-American
155,Jose Albert,3.113720598,0.88,1,0.75,0,0,2,0.7059502320000001,0,29,1,0.3333333333333333,0,0,0.0,1,0.5,0,0,0,0,0,1,1,0,0,0,0,1,0,0,0.0,0.0,0.0,0.0,0.1,Other
156,Neil Villa,2.676385234,0.88,0,0.25,1,0,5,0.067954917,0,25,2,0.3333333333333333,0,0,1.0,1,0.0,0,0,0,0,0,1,0,0,0,0,1,1,0,0,0.0,0.0,0.1,0.0,0.0,Caucasian
157,Vince Verrelli,2.0222771369999997,0.88,0,0.75,0,0,3,0.43773506799999995,0,23,1,0.3333333333333333,0,0,0.5,1,1.0,0,0,0,0,0,1,0,0,0,0,1,0,0,1,0.0,0.0,0.1,0.0,0.0,Caucasian
158,Norman Froneberger,3.9379105219999997,0.88,2,1.0,0,1,4,0.8637304379999999,0,27,1,0.6666666666666666,0,0,0.5,1,0.0,0,0,0,1,0,0,0,0,0,1,0,1,0,0,0.0,0.1,0.0,0.0,0.0,Asian
159,Archie Hearn,3.5257081739999996,0.9,1,0.5,0,1,4,0.483328775,0,25,1,0.6666666666666666,0,0,0.5,1,0.0,0,0,0,0,0,1,1,0,0,0,0,0,0,1,0.0,0.0,0.1,0.0,0.0,Caucasian
160,Clyde Zediker,2.8935203069999997,0.9,0,0.5,0,0,5,0.318627645,0,26,1,0.3333333333333333,0,0,0.0,1,0.0,0,0,0,0,0,1,1,0,0,0,0,0,0,1,0.0,0.0,0.1,0.0,0.0,Caucasian
161,Kristin Bowker,3.502132838,0.9,0,0.0,0,0,3,0.143201851,1,23,1,0.3333333333333333,0,0,0.5,1,0.0,0,0,0,0,0,1,0,0,0,0,1,1,0,0,0.0,0.0,0.1,0.0,0.0,Caucasian
162,Elsie Ibanez,2.49346068,0.9,0,0.25,0,0,6,0.488682461,1,22,1,1.0,0,0,0.0,1,0.0,0,0,0,0,0,1,0,1,0,0,0,0,0,1,0.0,0.0,0.1,0.0,0.0,Caucasian
163,Todd Erving,3.71433749,0.92,2,0.5,1,0,6,0.6203447360000001,0,28,2,0.6666666666666666,0,0,0.5,1,0.5,0,1,0,0,0,0,1,0,0,0,0,0,0,1,0.0,0.0,0.0,0.0,0.1,Other
164,Donna Vermillion,3.234190967,0.92,1,1.0,1,0,4,0.327583312,1,33,1,0.6666666666666666,0,0,0.5,1,0.5,0,0,0,0,0,1,0,0,0,0,1,0,0,1,0.0,0.0,0.1,0.0,0.0,Caucasian
165,Carl Kimbrough,2.607489153,0.92,1,1.0,0,0,1,0.425603866,0,27,1,0.6666666666666666,0,0,0.5,1,0.5,0,0,1,0,0,0,0,0,0,0,1,1,0,0,0.0,0.0,0.0,0.0,0.1,Other
166,John Grissom,3.4339999999999997,0.92,0,0.5,1,0,4,0.653,0,35,1,0.3333333333333333,1,1,0.5,0,0.5,0,0,0,0,0,1,0,1,0,0,0,0,1,0,0.0,0.0,0.1,0.0,0.0,Caucasian
167,Susan Rogers,3.3513377739999997,0.92,0,0.25,0,1,6,0.17228914399999998,1,21,1,0.6666666666666666,0,0,1.0,1,0.5,0,0,0,0,0,1,0,0,0,1,0,0,1,0,0.1,0.0,0.0,0.0,0.0,African-American
168,Randy Miller,3.07390798,0.92,1,0.25,1,0,3,0.21649648100000002,0,31,1,0.3333333333333333,0,0,0.5,1,0.5,0,0,0,0,0,1,0,0,0,1,0,0,0,1,0.0,0.1,0.0,0.0,0.0,Asian
169,Robin Golden,3.623760059,0.92,1,0.5,0,1,4,0.17034322100000002,1,24,1,0.6666666666666666,0,0,1.0,1,0.5,1,0,0,0,0,0,1,0,0,0,0,1,0,0,0.0,0.0,0.0,0.0,0.1,Other
170,Yvette Lawson,3.093317846,0.92,0,0.0,0,0,3,0.688061238,1,29,1,0.6666666666666666,0,0,0.0,1,0.5,0,0,1,0,0,0,0,0,0,1,0,1,0,0,0.0,0.0,0.0,0.0,0.1,Other
171,Richard Seit,2.384008702,0.92,0,0.0,0,0,1,0.7509941729999999,0,29,1,0.3333333333333333,0,0,0.5,1,0.5,0,0,0,0,0,1,0,0,0,0,1,0,0,1,0.0,0.0,0.1,0.0,0.0,Caucasian
172,David Reed,2.992162335,0.94,1,0.25,0,1,2,0.440929987,0,24,1,0.6666666666666666,0,0,0.5,1,0.0,0,0,0,0,0,1,1,0,0,0,0,0,0,1,0.0,0.0,0.1,0.0,0.0,Caucasian
173,Gloria Weber,4.065148699,0.94,0,1.0,1,1,4,1.102829087,1,33,2,0.6666666666666666,0,0,1.0,1,1.0,0,0,0,0,0,1,0,1,0,0,0,1,0,0,0.0,0.0,0.1,0.0,0.0,Caucasian
174,James Dawson,2.664261114,0.94,1,0.75,0,0,6,0.313544104,0,32,1,0.6666666666666666,1,1,0.5,1,0.0,0,0,0,0,0,1,0,0,0,1,0,0,0,1,0.0,0.0,0.1,0.0,0.0,Caucasian
175,Thomas Fonseca,3.127396384,0.94,2,0.5,0,0,3,0.693713355,0,27,2,0.3333333333333333,0,0,0.5,1,0.0,0,0,0,0,0,1,0,1,0,0,0,1,0,0,0.0,0.0,0.1,0.0,0.0,Caucasian
176,Simon Sylvester,2.708612735,0.94,1,0.0,0,0,2,0.924302044,0,25,1,0.3333333333333333,0,1,0.5,1,0.0,0,0,0,0,0,1,0,0,0,1,0,1,0,0,0.0,0.0,0.1,0.0,0.0,Caucasian
177,Patricia Jelinek,2.831385573,0.94,1,0.25,0,0,4,0.64973681,1,27,1,0.3333333333333333,0,0,0.0,1,0.0,0,0,0,0,0,1,0,1,0,0,0,0,0,1,0.0,0.0,0.1,0.0,0.0,Caucasian
178,Robert Henderson,3.532442385,0.96,1,0.75,0,0,3,0.40164506899999997,0,28,1,0.6666666666666666,0,0,0.5,1,0.5,0,1,0,0,0,0,0,1,0,0,0,0,1,0,0.0,0.0,0.1,0.0,0.0,Caucasian
179,Patricia Soto,2.664510549,0.96,1,1.0,0,0,1,0.71549512,1,25,1,0.6666666666666666,0,0,0.5,1,1.0,0,0,0,0,0,1,0,1,0,0,0,0,0,1,0.0,0.0,0.1,0.0,0.0,Caucasian
180,Nicola Lane,3.615341773,0.96,0,0.5,0,0,1,0.619832123,1,28,1,0.6666666666666666,0,0,0.5,1,0.0,0,0,0,0,0,1,1,0,0,0,0,0,0,1,0.0,0.0,0.1,0.0,0.0,Caucasian
181,James Rotella,3.532020363,0.96,2,0.75,0,0,1,0.44688551299999996,0,24,1,1.0,0,0,0.0,1,1.0,0,0,0,0,0,1,0,1,0,0,0,1,0,0,0.0,0.0,0.1,0.0,0.0,Caucasian
182,Donald Watson,2.912873453,0.96,0,0.25,0,0,3,0.966824204,0,25,1,0.6666666666666666,0,0,0.5,1,0.5,0,0,0,1,0,0,0,0,0,1,0,0,0,1,0.0,0.1,0.0,0.0,0.0,Asian
183,Catherine Minnerly,2.562640859,0.96,0,0.25,0,0,2,0.746206337,1,30,1,0.6666666666666666,0,0,1.0,1,0.5,0,0,0,0,0,1,0,0,0,1,0,1,0,0,0.0,0.0,0.1,0.0,0.0,Caucasian
184,Paul Caudill,3.163624265,0.96,1,0.5,0,0,4,0.519168796,0,29,2,0.3333333333333333,0,0,0.0,1,1.0,0,0,0,0,0,1,0,1,0,0,0,0,0,1,0.0,0.0,0.1,0.0,0.0,Caucasian
185,Paul Adams,3.2411621569999998,0.96,2,0.0,1,0,2,0.440363925,0,29,2,0.6666666666666666,1,1,0.0,1,1.0,0,0,0,0,0,1,0,0,0,1,0,1,0,0,0.0,0.0,0.0,0.0,0.1,Other
186,Joseph Caldwell,3.499112163,0.96,1,0.5,0,0,3,0.059964141,0,24,2,1.0,0,0,0.0,1,0.0,0,0,0,0,0,1,0,0,0,1,0,1,0,0,0.1,0.0,0.0,0.0,0.0,African-American
187,Benjamin Lapp,3.25229052,0.98,0,0.25,1,0,1,0.788651567,0,23,1,0.3333333333333333,0,0,0.0,1,0.5,0,0,0,0,0,1,0,1,0,0,0,1,0,0,0.0,0.0,0.1,0.0,0.0,Caucasian
188,David Lynch,3.335861343,0.98,0,0.5,0,0,3,0.4932669,0,24,1,0.6666666666666666,0,0,0.0,1,1.0,0,0,0,0,0,1,0,0,0,1,0,0,0,1,0.0,0.0,0.1,0.0,0.0,Caucasian
189,Mark Childs,3.843852142,0.98,1,1.0,1,0,3,0.438924803,0,25,1,0.6666666666666666,0,0,0.5,1,0.0,0,0,0,0,0,1,0,0,0,0,1,0,0,1,0.0,0.0,0.1,0.0,0.0,Caucasian
190,Deon Alverez,3.5068463139999997,1.0,2,0.75,0,0,0,0.300185291,0,23,1,0.6666666666666666,0,0,1.0,1,0.0,0,0,0,0,0,1,0,0,0,0,1,1,0,0,0.0,0.0,0.0,0.0,0.1,Other
191,William Mcbryde,3.18793741,1.0,2,0.0,0,0,4,0.48433798,0,25,2,1.0,0,0,0.5,1,0.0,0,1,0,0,0,0,1,0,0,0,0,1,0,0,0.0,0.0,0.1,0.0,0.0,Caucasian
192,Bobbie Walker,3.116672121,1.0,0,0.75,0,0,6,0.514913567,1,25,1,0.6666666666666666,0,0,1.0,1,1.0,0,0,0,0,0,1,1,0,0,0,0,0,0,1,0.0,0.0,0.1,0.0,0.0,Caucasian
193,Danny Snyder,3.511176107,1.02,0,0.5,0,0,1,0.401635474,0,26,0,0.0,0,0,0.5,1,0.0,0,0,0,0,0,1,0,0,1,0,0,0,0,1,0.0,0.0,0.1,0.0,0.0,Caucasian
194,Ulysses Copas,4.011710654,1.02,1,0.5,1,1,4,0.8974921090000001,0,28,1,0.3333333333333333,0,0,0.0,1,0.5,0,0,1,0,0,0,1,0,0,0,0,0,0,1,0.0,0.0,0.1,0.0,0.0,Caucasian
195,Rose Cardone,2.263252386,1.02,0,1.0,0,0,2,0.595182622,1,29,1,0.6666666666666666,0,0,0.0,1,0.5,0,0,0,0,0,1,0,1,0,0,0,1,0,0,0.0,0.0,0.1,0.0,0.0,Caucasian
196,Michael Hester,3.5852554569999997,1.02,0,1.0,0,0,5,0.9210169570000001,0,23,0,0.0,0,0,0.5,1,0.5,0,0,0,0,0,1,0,0,1,0,0,0,0,1,0.0,0.0,0.1,0.0,0.0,Caucasian
197,John East,2.621743075,1.02,2,1.0,0,0,4,0.456452834,0,23,1,0.6666666666666666,0,0,0.0,1,0.5,1,0,0,0,0,0,0,0,0,1,0,0,1,0,0.0,0.0,0.1,0.0,0.0,Caucasian
198,William Edmonson,3.864957309,1.04,2,0.75,0,0,2,0.6867383309999999,0,25,1,1.0,1,1,1.0,1,0.0,0,0,0,0,0,1,0,0,0,0,1,1,0,0,0.0,0.0,0.1,0.0,0.0,Caucasian
199,Evelyn Water,2.9230714460000002,1.04,1,0.5,0,0,3,0.786270276,1,36,2,0.6666666666666666,0,0,0.5,1,1.0,0,0,0,0,0,1,0,0,0,0,1,0,0,1,0.0,0.1,0.0,0.0,0.0,Asian
200,George Wright,4.126898096000001,1.04,2,0.75,1,0,5,0.619716845,0,26,1,1.0,0,0,1.0,1,1.0,0,0,0,1,0,0,0,0,0,0,1,1,0,0,0.0,0.0,0.1,0.0,0.0,Caucasian
201,Rosa Anderson,3.547112293,1.04,1,0.25,0,0,3,0.348671035,1,29,2,0.6666666666666666,0,0,0.5,1,1.0,0,0,0,0,0,1,0,1,0,0,0,1,0,0,0.0,0.0,0.0,0.1,0.0,Hispanic
202,Mary Neal,2.781614277,1.04,1,0.5,0,0,1,0.817566508,1,22,1,0.6666666666666666,0,0,0.5,1,0.0,0,0,1,0,0,0,0,0,0,0,1,1,0,0,0.0,0.0,0.0,0.1,0.0,Hispanic
203,Clark Weiler,3.71514545,1.04,1,0.75,0,0,1,0.358225576,0,23,0,0.0,0,0,0.5,1,0.5,0,0,0,0,0,1,0,0,1,0,0,0,0,1,0.0,0.1,0.0,0.0,0.0,Asian
204,George Kinard,3.442385106,1.04,2,0.25,0,0,4,0.559302547,0,26,0,0.0,1,1,0.5,1,0.5,0,0,0,0,0,1,0,0,1,0,0,0,0,1,0.0,0.0,0.1,0.0,0.0,Caucasian
205,Michael Mcgill,2.743379242,1.04,2,0.75,0,0,3,0.257068378,0,22,1,0.6666666666666666,0,0,0.5,1,0.0,0,0,0,0,0,1,1,0,0,0,0,0,0,1,0.0,0.0,0.1,0.0,0.0,Caucasian
206,Ida Henry,3.458748297,1.06,0,0.5,0,0,1,0.544567528,1,29,1,0.3333333333333333,0,0,0.5,1,1.0,0,0,0,0,0,1,1,0,0,0,0,0,0,1,0.1,0.0,0.0,0.0,0.0,African-American
207,Dwayne Silbert,2.7744609430000002,1.06,0,1.0,0,0,5,0.294094308,0,28,1,0.3333333333333333,0,0,1.0,1,0.0,0,0,0,0,0,1,1,0,0,0,0,0,0,1,0.0,0.0,0.1,0.0,0.0,Caucasian
208,William Jones,3.120131493,1.06,0,0.75,0,0,3,0.479190995,0,27,1,0.3333333333333333,1,0,0.5,1,1.0,0,0,0,0,0,1,1,0,0,0,0,0,0,1,0.0,0.0,0.1,0.0,0.0,Caucasian
209,Amy Gunnels,4.224951992,1.06,1,1.0,1,1,1,0.812474593,1,25,2,1.0,0,0,1.0,1,1.0,0,0,0,0,0,1,0,1,0,0,0,1,0,0,0.0,0.0,0.1,0.0,0.0,Caucasian
210,Kelley Rottenberg,3.868362868,1.06,2,0.0,0,0,3,0.436369323,1,28,1,0.3333333333333333,0,0,0.5,1,0.5,0,0,0,1,0,0,0,0,0,1,0,1,0,0,0.0,0.0,0.1,0.0,0.0,Caucasian
211,Marshall Johnson,2.668719972,1.06,2,0.5,0,0,5,0.745022897,0,28,2,0.6666666666666666,0,0,0.5,1,0.5,0,0,0,0,0,1,1,0,0,0,0,0,0,1,0.0,0.0,0.1,0.0,0.0,Caucasian
212,Lee Lewis,3.236320619,1.06,2,1.0,1,0,2,0.385469003,0,30,1,0.3333333333333333,1,1,0.0,1,0.5,0,0,0,0,0,1,0,0,0,0,1,0,0,1,0.1,0.0,0.0,0.0,0.0,African-American
213,Karen Young,2.722902995,1.06,0,0.5,0,0,2,0.420650067,1,37,1,0.6666666666666666,0,0,0.5,1,1.0,0,0,0,0,0,1,1,0,0,0,0,1,0,0,0.0,0.0,0.1,0.0,0.0,Caucasian
214,Mary Holding,3.6621945289999998,1.08,0,0.5,0,0,4,0.607999795,1,31,1,1.0,0,0,0.0,1,1.0,0,0,0,0,0,1,1,0,0,0,0,0,1,0,0.0,0.0,0.1,0.0,0.0,Caucasian
215,Helen Adams,3.041709122,1.08,0,0.5,0,1,2,0.481003203,1,29,1,0.6666666666666666,0,0,0.0,1,1.0,0,0,0,0,0,1,1,0,0,0,0,0,0,1,0.0,0.0,0.0,0.0,0.1,Other
216,George Conner,3.308395557,1.08,2,1.0,0,0,4,0.48781553,0,28,1,0.3333333333333333,0,0,0.0,1,0.5,0,0,0,0,0,1,0,0,0,1,0,0,1,0,0.0,0.0,0.1,0.0,0.0,Caucasian
217,Karen Miller,3.002438249,1.08,1,1.0,0,0,5,0.48786802100000004,1,28,2,0.6666666666666666,0,0,0.0,1,0.0,0,0,0,0,0,1,0,0,0,1,0,0,0,1,0.0,0.0,0.1,0.0,0.0,Caucasian
218,Jorge Smith,3.259383975,1.08,0,1.0,0,0,0,0.357157734,0,29,2,1.0,0,0,0.5,1,1.0,0,0,0,0,0,1,1,0,0,0,0,1,0,0,0.0,0.0,0.1,0.0,0.0,Caucasian
219,James Godwin,3.358517057,1.08,2,0.5,0,0,2,0.401174262,0,22,2,0.3333333333333333,0,0,0.0,1,0.0,1,0,0,0,0,0,0,0,0,1,0,0,1,0,0.0,0.0,0.1,0.0,0.0,Caucasian
220,John Rivera,3.259820275,1.08,0,0.5,0,1,1,0.329083027,0,27,1,0.6666666666666666,0,0,0.0,1,1.0,0,0,0,0,0,1,0,1,0,0,0,0,0,1,0.0,0.0,0.1,0.0,0.0,Caucasian
221,Eddie Baldwin,2.6880798219999997,1.08,2,0.75,0,0,4,0.45789409999999997,0,24,1,0.3333333333333333,0,0,0.0,1,0.5,0,1,0,0,0,0,0,1,0,0,0,0,0,1,0.0,0.0,0.0,0.0,0.1,Other
222,Laura Brown,3.58317059,1.1,0,1.0,0,0,4,0.713596392,1,30,0,0.0,0,0,0.5,1,0.0,0,0,0,0,0,1,0,0,1,0,0,0,0,1,0.0,0.0,0.1,0.0,0.0,Caucasian
223,Cheryl Rogers,3.573906885,1.1,1,0.75,0,0,6,0.5943580970000001,1,27,1,0.6666666666666666,0,0,0.5,1,0.5,0,0,0,0,0,1,0,0,0,0,1,0,0,1,0.0,0.1,0.0,0.0,0.0,Asian
224,Lucille Ivey,2.860370235,1.1,0,1.0,1,0,0,0.703056065,1,22,1,0.3333333333333333,0,0,0.5,1,1.0,0,0,0,1,0,0,0,1,0,0,0,0,0,1,0.0,0.0,0.0,0.1,0.0,Hispanic
225,Emery Whittemore,3.013954387,1.1,2,0.5,0,0,3,0.610249014,0,30,1,0.6666666666666666,0,0,1.0,1,0.0,0,0,1,0,0,0,0,0,0,1,0,0,0,1,0.0,0.0,0.0,0.0,0.1,Other
226,Shirley Soliz,3.3006477860000003,1.12,1,0.75,0,0,2,0.653496944,1,24,1,0.6666666666666666,0,0,1.0,1,0.5,0,0,0,1,0,0,0,1,0,0,0,0,0,1,0.0,0.0,0.1,0.0,0.0,Caucasian
227,Sarah Picard,3.175651608,1.12,0,1.0,0,0,2,0.7651657409999999,1,26,1,0.6666666666666666,0,0,1.0,1,0.5,0,0,0,0,0,1,0,1,0,0,0,1,0,0,0.0,0.0,0.1,0.0,0.0,Caucasian
228,Keneth Moran,3.455666753,1.12,1,1.0,0,0,5,0.5888997579999999,0,21,2,0.6666666666666666,0,0,0.0,1,1.0,0,0,0,0,1,0,0,0,0,1,0,0,0,1,0.0,0.0,0.1,0.0,0.0,Caucasian
229,Kurt Barker,3.029807215,1.12,0,0.5,0,0,6,0.47505102200000004,0,29,1,0.6666666666666666,1,1,0.5,1,1.0,0,0,0,0,0,1,1,0,0,0,0,0,0,1,0.0,0.0,0.1,0.0,0.0,Caucasian
230,Amy Igbal,3.049332391,1.14,0,0.5,1,0,6,0.6196765679999999,1,21,1,0.6666666666666666,0,1,1.0,1,0.5,0,0,0,0,0,1,0,0,0,1,0,0,0,1,0.1,0.0,0.0,0.0,0.0,African-American
231,James Dickerson,2.7385448130000003,1.14,0,0.5,0,0,6,0.70027308,0,27,1,0.6666666666666666,0,0,0.5,1,0.0,0,0,0,0,0,1,0,1,0,0,0,0,0,1,0.0,0.0,0.1,0.0,0.0,Caucasian
232,George Farrell,3.493804687,1.16,0,0.5,0,0,3,1.076397702,0,24,1,0.3333333333333333,0,0,0.0,1,1.0,0,0,0,0,0,1,1,0,0,0,0,0,0,1,0.0,0.0,0.1,0.0,0.0,Caucasian
233,Terry Patterson,3.314236493,1.16,0,0.0,0,0,3,0.6782588559999999,1,24,1,0.6666666666666666,0,0,0.5,1,0.0,0,0,0,0,0,1,0,1,0,0,0,0,0,1,0.0,0.0,0.1,0.0,0.0,Caucasian
234,Jamie Hendricks,3.4574503030000003,1.16,1,0.0,0,0,1,0.26402949,0,23,2,0.3333333333333333,0,0,0.5,1,0.5,0,1,0,0,0,0,0,0,0,1,0,1,0,0,0.0,0.0,0.1,0.0,0.0,Caucasian
235,Inez Mason,3.365190961,1.16,0,0.0,0,0,6,0.602948735,1,22,1,1.0,0,0,0.5,1,0.5,0,0,0,0,0,1,0,0,0,0,1,1,0,0,0.0,0.0,0.1,0.0,0.0,Caucasian
236,Pamela Fletcher,3.109523237,1.16,0,0.75,0,0,3,0.5053524770000001,1,35,1,0.6666666666666666,0,0,0.0,1,1.0,0,0,0,0,0,1,0,0,0,0,1,0,0,1,0.0,0.0,0.1,0.0,0.0,Caucasian
237,Samuel Calisto,3.459787525,1.16,1,0.5,0,0,5,0.556900933,0,27,0,0.0,0,0,0.5,1,0.5,0,0,0,0,0,1,0,0,1,0,0,0,0,1,0.0,0.0,0.1,0.0,0.0,Caucasian
238,Joseph Lankford,3.000488597,1.16,0,0.0,0,0,3,0.6741540890000001,0,29,1,0.3333333333333333,0,0,1.0,1,0.0,0,0,0,0,0,1,1,0,0,0,0,0,0,1,0.0,0.0,0.1,0.0,0.0,Caucasian
239,Julie Morales,3.6781919189999996,1.16,0,0.5,1,0,1,0.41893012,1,31,1,0.6666666666666666,1,1,0.5,1,0.5,0,0,0,0,0,1,1,0,0,0,0,1,0,0,0.0,0.1,0.0,0.0,0.0,Asian
240,Summer Brady,3.335660264,1.16,0,1.0,0,0,1,0.6194979270000001,1,25,2,0.6666666666666666,0,0,0.0,1,0.5,0,0,0,0,0,1,1,0,0,0,0,1,0,0,0.0,0.0,0.1,0.0,0.0,Caucasian
241,Jennifer Hoban,3.81430502,1.16,0,0.25,0,0,1,0.662388165,1,37,1,0.6666666666666666,1,1,0.0,1,0.0,0,0,0,0,0,1,0,0,0,1,0,0,0,1,0.0,0.0,0.1,0.0,0.0,Caucasian
242,Shaun Kelly,2.797561304,1.18,2,0.75,1,0,5,0.805972492,0,24,0,0.0,0,0,0.5,1,1.0,0,0,0,0,0,1,0,0,1,0,0,0,0,1,0.0,0.0,0.1,0.0,0.0,Caucasian
243,Gary Enochs,3.128147678,1.18,1,1.0,0,0,5,0.896835803,0,37,1,0.6666666666666666,0,0,0.0,1,0.5,0,0,0,0,0,1,1,0,0,0,0,0,0,1,0.0,0.1,0.0,0.0,0.0,Asian
244,Jason Mcmahan,2.7852132480000003,1.18,0,0.5,0,0,5,0.5870897620000001,0,23,2,0.3333333333333333,0,0,0.0,1,1.0,0,0,0,0,0,1,1,0,0,0,0,0,0,1,0.0,0.0,0.1,0.0,0.0,Caucasian
245,Lori Neal,3.180447595,1.18,0,0.5,0,0,5,0.845885131,1,30,2,0.6666666666666666,0,0,1.0,1,0.5,0,0,0,0,0,1,1,0,0,0,0,0,0,1,0.0,0.0,0.1,0.0,0.0,Caucasian
246,Hal Crowson,2.7684794839999998,1.2,2,0.0,0,0,2,1.010933334,0,22,1,0.3333333333333333,0,0,0.0,1,1.0,0,0,0,0,0,1,0,1,0,0,0,0,0,1,0.0,0.0,0.1,0.0,0.0,Caucasian
247,Dean Delcastillo,2.936591598,1.2,1,0.5,0,0,3,0.618139903,0,26,1,0.6666666666666666,0,0,0.5,1,0.0,0,0,0,0,0,1,0,0,0,1,0,0,1,0,0.0,0.0,0.1,0.0,0.0,Caucasian
248,Hazel Anderson,2.866734744,1.2,1,0.0,1,0,1,0.7162340979999999,1,30,1,0.3333333333333333,0,0,0.0,1,0.0,0,0,0,0,0,1,1,0,0,0,0,1,0,0,0.0,0.0,0.1,0.0,0.0,Caucasian
249,Melinda Hodges,3.98066456,1.2,2,1.0,1,1,3,0.922883377,1,29,2,0.6666666666666666,0,0,1.0,1,0.5,0,0,0,0,0,1,0,1,0,0,0,0,0,1,0.0,0.0,0.1,0.0,0.0,Caucasian
250,Matthew Oden,2.616030498,1.2,0,1.0,0,0,2,0.359248423,0,28,1,0.6666666666666666,0,0,0.5,1,0.5,0,0,0,0,0,1,0,1,0,0,0,0,1,0,0.0,0.0,0.1,0.0,0.0,Caucasian
251,Brenda Parton,2.090428445,1.2,0,0.25,0,0,4,0.733011497,1,28,1,0.6666666666666666,0,0,1.0,1,0.0,0,0,0,0,0,1,0,1,0,0,0,1,0,0,0.0,0.0,0.0,0.0,0.1,Other
252,Fred Houston,2.888195063,1.2,2,0.75,0,0,3,0.23036359899999997,0,27,1,0.3333333333333333,0,0,0.0,1,0.5,0,0,0,0,0,1,0,1,0,0,0,1,0,0,0.0,0.0,0.1,0.0,0.0,Caucasian
253,Roy Daniel,3.6496815739999997,1.2,1,0.75,0,0,2,0.512921982,0,29,1,0.6666666666666666,0,0,1.0,1,1.0,0,0,0,0,0,1,1,0,0,0,0,0,1,0,0.0,0.0,0.1,0.0,0.0,Caucasian
254,Cynthia Hinojos,3.367518987,1.2,1,0.75,0,0,4,0.72415233,1,24,1,0.6666666666666666,0,0,0.0,1,1.0,0,0,0,0,0,1,0,0,0,1,0,0,0,1,0.0,0.0,0.1,0.0,0.0,Caucasian
255,Jack Martini,4.118743395,1.2,2,1.0,1,0,3,0.8987950140000001,0,30,1,1.0,0,0,0.5,1,1.0,0,0,0,0,0,1,1,0,0,0,0,0,1,0,0.1,0.0,0.0,0.0,0.0,African-American
256,Donald Heflin,3.834767147,1.22,2,0.0,0,0,1,0.39632668299999996,0,24,1,0.6666666666666666,0,0,0.0,1,0.0,0,0,0,0,0,1,1,0,0,0,0,0,1,0,0.0,0.0,0.1,0.0,0.0,Caucasian
257,Maureen Tompkins,3.704080872,1.22,1,0.5,0,0,4,0.6671821370000001,1,27,1,0.6666666666666666,0,0,0.5,1,1.0,0,0,0,0,0,1,0,1,0,0,0,0,1,0,0.0,0.0,0.1,0.0,0.0,Caucasian
258,John Percell,2.598802872,1.22,0,0.25,0,0,3,0.107009459,0,27,1,0.6666666666666666,0,0,0.5,1,1.0,0,0,1,0,0,0,0,0,0,1,0,0,0,1,0.0,0.0,0.1,0.0,0.0,Caucasian
259,Roland Otero,3.519158492,1.22,2,0.75,0,0,5,0.616287951,0,26,1,0.3333333333333333,0,0,0.0,1,0.0,0,0,0,0,0,1,0,1,0,0,0,0,0,1,0.0,0.0,0.1,0.0,0.0,Caucasian
260,Dexter Taormina,3.429425205,1.22,0,0.0,0,0,3,1.0611570609999998,0,24,1,0.3333333333333333,0,0,0.5,1,1.0,0,0,0,0,0,1,1,0,0,0,0,0,0,1,0.0,0.0,0.1,0.0,0.0,Caucasian
261,Ralph Pryor,2.9336686910000003,1.22,0,0.5,0,0,1,0.622454876,0,37,1,0.6666666666666666,0,0,0.5,1,0.5,0,0,0,0,0,1,0,0,0,1,0,0,0,1,0.0,0.0,0.1,0.0,0.0,Caucasian
262,Brian Vitale,4.042662166,1.24,2,0.5,1,1,3,0.47165783299999997,0,24,1,1.0,1,1,0.5,1,1.0,0,0,0,0,0,1,1,0,0,0,0,0,0,1,0.0,0.0,0.1,0.0,0.0,Caucasian
263,Larry Davila,3.41754468,1.24,2,0.75,0,0,4,0.394705915,0,32,1,0.6666666666666666,0,0,0.0,1,0.0,0,0,0,0,0,1,0,1,0,0,0,1,0,0,0.0,0.1,0.0,0.0,0.0,Asian
264,Michael Booker,3.394632987,1.24,2,0.75,0,0,2,0.742245122,0,26,2,1.0,0,0,0.5,1,0.0,0,0,0,0,0,1,0,0,0,0,1,1,0,0,0.0,0.0,0.1,0.0,0.0,Caucasian
265,Robert Hitchcock,2.578222277,1.24,1,0.0,0,0,2,0.50624253,0,32,1,1.0,0,1,0.0,1,0.0,0,0,0,1,0,0,0,0,0,1,0,0,1,0,0.0,0.0,0.1,0.0,0.0,Caucasian
266,William Pawlowski,2.549545689,1.24,0,0.75,0,0,3,0.7619231590000001,0,22,2,0.6666666666666666,0,0,1.0,1,1.0,0,0,0,0,0,1,0,0,0,0,1,0,0,1,0.0,0.0,0.1,0.0,0.0,Caucasian
267,Ruth Almen,2.607753605,1.26,1,0.25,0,0,2,0.46570326,1,22,1,0.3333333333333333,0,0,0.0,1,0.5,0,0,0,0,0,1,0,0,0,1,0,0,0,1,0.0,0.0,0.1,0.0,0.0,Caucasian
268,Rudy Sutulovich,2.695840645,1.26,0,1.0,0,0,5,0.626129001,0,22,1,0.6666666666666666,0,0,0.5,1,0.0,0,0,0,0,0,1,1,0,0,0,0,0,0,1,0.0,0.0,0.1,0.0,0.0,Caucasian
269,Judy Constance,3.5272733030000003,1.26,0,0.0,0,0,1,0.487195018,1,24,1,0.3333333333333333,0,0,0.5,1,0.0,0,0,0,0,0,1,0,0,0,1,0,0,0,1,0.0,0.1,0.0,0.0,0.0,Asian
270,Jamie Boggs,3.081648351,1.26,1,0.25,0,0,4,0.195959296,1,22,1,0.3333333333333333,0,0,0.5,1,0.0,0,0,0,0,0,1,0,1,0,0,0,0,0,1,0.0,0.0,0.1,0.0,0.0,Caucasian
271,Anne Lucas,3.576380926,1.26,1,1.0,0,0,0,0.163036736,1,23,1,0.3333333333333333,0,0,1.0,1,0.5,0,0,0,0,0,1,1,0,0,0,0,0,0,1,0.0,0.0,0.0,0.1,0.0,Hispanic
272,Fidel Omoyosi,3.1948677739999995,1.26,0,0.0,0,0,2,0.798493036,0,24,1,1.0,0,0,0.5,1,1.0,0,0,0,0,0,1,0,1,0,0,0,0,1,0,0.0,0.0,0.1,0.0,0.0,Caucasian
273,Shelley Aguilar,3.295068235,1.28,0,1.0,0,0,3,0.698600309,1,26,0,0.0,0,0,0.5,1,0.5,0,0,0,0,0,1,0,0,1,0,0,0,0,1,0.0,0.0,0.1,0.0,0.0,Caucasian
274,Daniel Caballero,3.5978172560000004,1.28,0,0.25,0,0,5,0.8267731190000001,0,26,1,1.0,0,1,0.5,1,0.5,0,0,0,0,0,1,0,0,0,1,0,0,0,1,0.0,0.0,0.1,0.0,0.0,Caucasian
275,Verna Bottom,1.953348031,1.28,0,0.25,0,0,4,0.8861061579999999,1,32,1,0.6666666666666666,0,0,0.0,1,1.0,0,0,0,0,0,1,0,0,0,1,0,0,0,1,0.0,0.0,0.1,0.0,0.0,Caucasian
276,Martha Stockwell,2.109623563,1.28,1,0.0,0,0,6,0.855921285,1,26,1,0.6666666666666666,0,0,0.0,1,1.0,0,0,0,0,0,1,0,1,0,0,0,0,0,1,0.0,0.0,0.1,0.0,0.0,Caucasian
277,Timothy Crosby,3.255887313,1.28,1,0.25,0,0,2,0.374739265,0,26,1,0.6666666666666666,0,0,1.0,1,0.5,0,0,0,0,0,1,0,0,0,1,0,1,0,0,0.0,0.0,0.1,0.0,0.0,Caucasian
278,Gladys Danna,2.657436582,1.28,0,0.75,0,0,3,0.426655819,1,28,1,0.3333333333333333,0,0,1.0,1,0.0,0,0,0,0,0,1,0,0,0,1,0,0,0,1,0.0,0.1,0.0,0.0,0.0,Asian
279,Donald Hegarty,3.415203074,1.28,0,0.25,0,0,5,0.47119092799999995,0,24,1,0.3333333333333333,0,0,0.0,1,0.0,0,0,0,0,0,1,0,1,0,0,0,1,0,0,0.0,0.0,0.1,0.0,0.0,Caucasian
280,Shawna Jackson,3.1397897219999997,1.28,1,0.5,0,0,3,0.324063447,1,28,1,0.6666666666666666,0,0,0.5,1,1.0,0,0,0,0,0,1,0,1,0,0,0,0,0,1,0.0,0.0,0.1,0.0,0.0,Caucasian
281,Nickolas Velez,3.786158725,1.28,2,1.0,1,0,5,0.110190113,0,34,2,0.6666666666666666,0,0,1.0,1,1.0,0,0,0,0,0,1,0,1,0,0,0,0,0,1,0.0,0.0,0.1,0.0,0.0,Caucasian
282,Mildred Wilson,3.3064706960000003,1.28,0,0.75,0,0,1,0.142290728,1,33,1,1.0,0,0,0.5,1,0.0,0,0,0,0,0,1,0,0,0,0,1,0,1,0,0.0,0.0,0.1,0.0,0.0,Caucasian
283,Thomas Hazel,3.064213483,1.3,0,0.25,0,0,3,0.701115467,0,23,0,0.0,0,0,0.5,1,1.0,0,0,0,0,0,1,0,0,1,0,0,0,0,1,0.0,0.0,0.1,0.0,0.0,Caucasian
284,Harold Beck,2.9073152739999997,1.3,1,0.0,0,0,1,0.648345669,0,23,0,0.0,0,0,1.0,1,0.0,0,0,0,0,0,1,0,0,1,0,0,0,0,1,0.0,0.1,0.0,0.0,0.0,Asian
285,Michael Kincaid,3.57708027,1.3,2,0.0,0,0,3,0.6421439489999999,0,22,1,1.0,0,0,0.5,1,0.5,0,0,0,0,0,1,0,1,0,0,0,1,0,0,0.0,0.1,0.0,0.0,0.0,Asian
286,Kurt Deoliveira,2.89848509,1.3,2,0.5,0,0,2,0.74281202,0,31,1,0.6666666666666666,0,0,1.0,1,0.5,0,0,0,0,0,1,1,0,0,0,0,0,0,1,0.0,0.0,0.1,0.0,0.0,Caucasian
287,Tomas Fenelus,2.26399167,1.3,1,0.5,0,0,2,0.10576474300000001,0,28,1,0.6666666666666666,0,0,0.0,1,0.5,0,0,0,0,0,1,0,1,0,0,0,0,0,1,0.0,0.0,0.1,0.0,0.0,Caucasian
288,Diana Hook,3.397484449,1.3,0,0.25,0,0,5,0.090528039,1,31,2,0.6666666666666666,0,0,1.0,1,0.0,0,0,0,0,0,1,1,0,0,0,0,0,1,0,0.0,0.0,0.1,0.0,0.0,Caucasian
289,Sharon Orr,3.8400572960000003,1.3,1,0.75,0,0,1,0.332056865,1,31,1,0.6666666666666666,0,1,1.0,1,0.0,0,0,0,0,0,1,0,0,0,1,0,1,0,0,0.0,0.0,0.1,0.0,0.0,Caucasian
290,Dawn Csaszar,3.894736525,1.3,0,1.0,0,0,3,0.5493703679999999,1,27,1,0.6666666666666666,0,0,0.0,1,0.0,0,0,0,0,0,1,0,0,0,0,1,1,0,0,0.0,0.0,0.1,0.0,0.0,Caucasian
291,Madeleine Brown,1.989914763,1.3,1,0.75,0,0,3,0.7133202,1,24,1,0.6666666666666666,0,0,0.5,1,1.0,0,0,0,0,0,1,0,0,0,0,1,0,1,0,0.0,0.0,0.1,0.0,0.0,Caucasian
292,Adam Cohen,2.230773847,1.3,0,0.5,0,0,6,0.5325740379999999,0,29,1,0.3333333333333333,1,0,0.5,1,1.0,0,0,0,0,0,1,0,0,0,1,0,0,0,1,0.0,0.0,0.1,0.0,0.0,Caucasian
293,Beverly Lyon,2.888526029,1.3,1,1.0,0,0,4,0.554462551,1,24,2,0.3333333333333333,1,1,1.0,1,0.0,0,0,0,0,0,1,1,0,0,0,0,1,0,0,0.0,0.0,0.1,0.0,0.0,Caucasian
294,Carl Armstrong,3.1544535369999998,1.32,0,1.0,0,0,4,0.755799575,0,27,1,0.6666666666666666,0,0,1.0,1,0.5,0,0,0,0,0,1,0,0,0,1,0,1,0,0,0.0,0.1,0.0,0.0,0.0,Asian
295,Jane Button,3.82,1.32,1,1.0,1,1,3,0.932,1,29,1,1.0,0,0,1.0,1,1.0,0,0,0,0,0,1,0,0,0,1,0,1,0,0,0.0,0.1,0.0,0.0,0.0,Asian
296,Henry Banh,2.84907562,1.32,1,0.5,0,0,1,0.300483909,0,26,1,0.6666666666666666,0,0,0.5,1,0.0,0,0,0,0,0,1,0,1,0,0,0,1,0,0,0.0,0.0,0.1,0.0,0.0,Caucasian
297,Michael Cohen,3.113315042,1.32,2,0.75,0,0,3,0.7147790820000001,0,27,2,1.0,0,0,0.0,1,0.5,0,0,0,0,0,1,0,0,0,1,0,1,0,0,0.0,0.1,0.0,0.0,0.0,Asian
298,Gregory Horn,3.217613287,1.32,0,0.5,0,0,4,1.105482587,0,23,1,1.0,0,0,0.5,1,1.0,0,0,0,0,0,1,0,0,0,0,1,0,0,1,0.0,0.0,0.1,0.0,0.0,Caucasian
299,Sharon Allison,3.572791995,1.32,0,0.0,0,0,4,0.416559487,1,28,2,0.3333333333333333,0,0,0.0,1,0.0,0,0,0,0,0,1,0,0,0,1,0,0,0,1,0.0,0.0,0.1,0.0,0.0,Caucasian
300,Brenda Collins,2.58210699,1.34,1,1.0,0,0,5,0.67336611,1,28,1,0.3333333333333333,0,0,0.5,1,0.5,0,0,0,0,0,1,1,0,0,0,0,0,0,1,0.0,0.0,0.0,0.1,0.0,Hispanic
301,John Nixon,3.7924224630000003,1.34,0,0.25,0,0,5,0.32312497,0,33,2,1.0,0,0,0.5,1,0.0,0,1,0,0,0,0,1,0,0,0,0,0,0,1,0.0,0.0,0.1,0.0,0.0,Caucasian
302,Angela Duskey,3.8942433939999996,1.34,2,1.0,1,0,4,0.953761091,1,25,2,0.3333333333333333,0,0,0.0,1,0.0,0,0,0,0,0,1,0,0,0,1,0,0,0,1,0.0,0.0,0.1,0.0,0.0,Caucasian
303,Betty Perez,2.785391277,1.34,1,0.75,0,0,2,0.382985412,1,21,1,0.6666666666666666,0,0,1.0,1,1.0,1,0,0,0,0,0,0,0,0,1,0,0,0,1,0.0,0.0,0.1,0.0,0.0,Caucasian
304,Janet Wisman,4.0705440280000005,1.34,2,1.0,1,1,0,0.983629236,1,25,1,0.6666666666666666,0,0,1.0,1,1.0,0,0,0,0,0,1,1,0,0,0,0,1,0,0,0.0,0.0,0.1,0.0,0.0,Caucasian
305,June Isbell,3.5608326260000003,1.34,2,1.0,0,0,4,0.287548641,1,32,1,0.3333333333333333,0,0,1.0,1,1.0,0,0,0,0,1,0,0,0,0,0,1,0,0,1,0.0,0.0,0.1,0.0,0.0,Caucasian
306,Naomi Boteilho,3.403887615,1.34,1,0.75,0,0,4,0.230977579,1,30,1,0.6666666666666666,0,0,0.5,1,0.5,0,0,0,0,0,1,0,0,0,0,1,0,0,1,0.0,0.0,0.1,0.0,0.0,Caucasian
307,Williams Bauman,3.01763637,1.34,1,0.25,0,0,5,0.557469581,0,23,1,0.6666666666666666,0,0,0.0,1,0.5,1,0,0,0,0,0,0,0,0,1,0,1,0,0,0.0,0.1,0.0,0.0,0.0,Asian
308,Gloria Hahn,3.869563435,1.36,1,0.5,0,1,3,0.8760430770000001,1,24,2,0.3333333333333333,0,0,0.0,1,0.0,0,0,0,0,0,1,1,0,0,0,0,1,0,0,0.0,0.0,0.1,0.0,0.0,Caucasian
309,Kelley Lopez,2.892167063,1.36,0,1.0,0,0,4,0.818521808,1,22,1,0.6666666666666666,0,0,0.5,1,1.0,0,0,0,0,0,1,0,0,0,0,1,1,0,0,0.0,0.0,0.1,0.0,0.0,Caucasian
310,Henrietta Craig,3.597537796,1.36,0,0.5,0,0,3,0.7642313890000001,1,29,1,0.3333333333333333,0,0,0.0,1,0.5,0,0,0,0,0,1,1,0,0,0,0,0,0,1,0.1,0.0,0.0,0.0,0.0,African-American
311,Danny Gugler,2.809417727,1.36,0,1.0,0,1,2,0.9590936640000001,0,23,2,0.3333333333333333,0,0,0.0,1,1.0,0,0,0,0,0,1,0,0,0,1,0,1,0,0,0.0,0.0,0.1,0.0,0.0,Caucasian
312,Debra Fagan,2.908856572,1.38,1,0.0,0,0,1,0.43050012,1,29,1,0.3333333333333333,0,0,0.5,1,0.0,0,0,1,0,0,0,0,1,0,0,0,0,1,0,0.0,0.0,0.1,0.0,0.0,Caucasian
313,Gary Perreault,3.1120121210000002,1.38,0,1.0,0,0,1,0.36831801200000003,0,32,1,0.6666666666666666,0,0,0.0,1,1.0,0,0,0,0,0,1,0,1,0,0,0,0,0,1,0.0,0.0,0.1,0.0,0.0,Caucasian
314,Lester Morrow,3.2520773,1.38,2,0.75,0,0,4,0.715771547,0,27,1,0.3333333333333333,0,0,1.0,1,0.0,0,0,0,0,0,1,0,0,0,1,0,0,1,0,0.0,0.0,0.0,0.0,0.1,Other
315,Edward Sorenson,1.511594866,1.38,0,0.0,0,0,4,0.8993775409999999,0,34,2,0.3333333333333333,0,0,1.0,1,0.5,0,0,1,0,0,0,0,1,0,0,0,0,0,1,0.0,0.1,0.0,0.0,0.0,Asian
316,Dorothy Howard,3.14837306,1.38,0,0.0,0,0,4,0.836784328,1,30,2,0.3333333333333333,1,1,1.0,1,0.5,0,0,0,0,0,1,0,0,0,0,1,1,0,0,0.1,0.0,0.0,0.0,0.0,African-American
317,Jonathan Torres,2.2266739330000003,1.38,2,0.0,0,0,3,0.7243063820000001,0,22,1,0.6666666666666666,0,0,1.0,1,0.5,0,0,0,0,0,1,0,0,0,1,0,0,0,1,0.0,0.0,0.0,0.1,0.0,Hispanic
318,Glen Burton,4.051628272,1.38,2,1.0,1,1,4,0.833905969,0,25,2,0.6666666666666666,0,0,1.0,1,1.0,0,0,0,0,1,0,0,0,0,0,1,0,0,1,0.0,0.0,0.1,0.0,0.0,Caucasian
319,Arnold Cameron,2.9893776219999997,1.4,1,1.0,0,0,5,0.29718642,0,23,1,0.6666666666666666,0,0,0.0,1,0.0,0,0,0,0,0,1,0,0,0,1,0,0,0,1,0.0,0.0,0.1,0.0,0.0,Caucasian
320,Lance Milligan,3.3335832930000002,1.4,1,0.5,0,0,2,0.765044753,0,23,0,0.0,0,0,0.5,1,1.0,0,0,0,0,0,1,0,0,1,0,0,0,0,1,0.0,0.0,0.1,0.0,0.0,Caucasian
321,August Gray,3.069280408,1.4,2,0.25,1,0,5,0.536487217,0,24,1,0.6666666666666666,0,0,0.5,1,0.5,0,0,0,0,0,1,0,0,0,0,1,0,0,1,0.0,0.0,0.1,0.0,0.0,Caucasian
322,William Zuehlke,3.489832152,1.4,2,0.5,0,1,2,0.680185954,0,31,1,0.3333333333333333,0,0,1.0,1,1.0,0,0,0,0,0,1,1,0,0,0,0,0,0,1,0.0,0.0,0.1,0.0,0.0,Caucasian
323,Freddie Wearing,3.7119760360000003,1.4,2,0.75,0,0,1,0.60601734,0,23,1,0.3333333333333333,1,1,0.0,1,1.0,0,0,0,0,0,1,0,1,0,0,0,0,0,1,0.1,0.0,0.0,0.0,0.0,African-American
324,Vern Peterson,3.1909130130000003,1.4,2,0.5,0,0,0,0.640215629,0,22,1,0.6666666666666666,0,0,0.5,1,0.5,0,0,0,0,0,1,1,0,0,0,0,0,0,1,0.0,0.0,0.1,0.0,0.0,Caucasian
325,Penny Rose,3.589772532,1.42,0,0.5,0,0,5,0.615224456,1,28,1,0.3333333333333333,0,0,0.5,1,0.5,0,0,0,0,0,1,0,0,0,1,0,0,0,1,0.0,0.0,0.1,0.0,0.0,Caucasian
326,Robert Rogers,3.5425910089999997,1.42,0,1.0,0,0,4,0.912050019,0,25,1,0.6666666666666666,0,0,1.0,1,0.0,0,0,0,0,0,1,0,0,0,1,0,1,0,0,0.0,0.0,0.1,0.0,0.0,Caucasian
327,Christopher Burcham,3.316920442,1.42,1,1.0,0,0,2,0.712706506,0,27,0,0.0,0,0,1.0,1,1.0,0,0,0,0,0,1,0,0,1,0,0,0,0,1,0.0,0.0,0.0,0.0,0.1,Other
328,Anthony Ortiz,3.486413985,1.42,1,0.5,0,1,1,0.232097241,0,30,1,1.0,0,0,0.5,1,1.0,0,0,0,0,0,1,0,0,0,1,0,0,0,1,0.0,0.0,0.0,0.0,0.1,Other
329,Kim Reinmann,2.723812735,1.42,1,0.25,0,0,2,0.494585905,1,21,1,0.3333333333333333,1,1,0.5,1,0.0,0,0,0,0,0,1,1,0,0,0,0,0,1,0,0.1,0.0,0.0,0.0,0.0,African-American
330,Jesse Adams,3.273571487,1.42,2,0.5,0,1,3,0.866513937,0,31,1,0.6666666666666666,0,0,0.0,1,0.0,0,0,0,0,0,1,0,1,0,0,0,0,0,1,0.0,0.0,0.1,0.0,0.0,Caucasian
331,Sherri Swope,3.0993417489999997,1.42,2,0.0,0,0,1,0.334051175,1,26,1,0.3333333333333333,0,0,0.5,1,1.0,0,0,0,0,0,1,1,0,0,0,0,1,0,0,0.0,0.0,0.1,0.0,0.0,Caucasian
332,Stephen Morin,3.003944081,1.42,2,0.25,0,0,2,0.570532258,0,29,1,0.3333333333333333,0,0,0.0,1,0.0,0,0,0,0,0,1,0,0,0,1,0,1,0,0,0.0,0.0,0.1,0.0,0.0,Caucasian
333,Robert Howard,3.7890117639999996,1.42,0,0.75,0,0,2,0.383718227,0,21,1,0.6666666666666666,0,0,0.5,1,0.5,0,1,0,0,0,0,0,0,0,0,1,0,0,1,0.0,0.0,0.1,0.0,0.0,Caucasian
334,Earl Sauls,2.55745837,1.42,1,1.0,0,0,2,0.15988812800000002,0,27,1,0.6666666666666666,0,0,0.0,1,0.5,0,0,0,0,0,1,0,1,0,0,0,0,0,1,0.0,0.0,0.0,0.0,0.1,Other
335,Nancy Gump,2.403019203,1.42,0,1.0,0,0,2,0.400162229,1,24,1,0.6666666666666666,0,0,1.0,1,0.5,0,0,0,0,0,1,0,1,0,0,0,1,0,0,0.0,0.0,0.1,0.0,0.0,Caucasian
336,Victor Ferguson,2.526533231,1.42,1,0.75,1,0,4,0.434906911,0,31,1,0.6666666666666666,0,0,0.5,1,0.0,0,0,0,0,0,1,0,1,0,0,0,1,0,0,0.0,0.0,0.1,0.0,0.0,Caucasian
337,David Nixon,3.093977111,1.44,2,0.5,0,0,2,1.101041967,0,32,1,0.6666666666666666,0,0,0.5,1,0.0,0,0,0,0,0,1,0,0,0,0,1,1,0,0,0.0,0.0,0.1,0.0,0.0,Caucasian
338,Harold Merklein,3.3078637110000004,1.44,0,0.75,0,0,0,0.45624097399999997,0,29,2,0.6666666666666666,0,0,0.5,1,0.5,0,0,0,0,0,1,0,0,0,0,1,1,0,0,0.0,0.0,0.1,0.0,0.0,Caucasian
339,Isiah Zayas,2.58512881,1.44,0,0.5,0,0,1,0.373101819,0,26,1,0.6666666666666666,0,0,0.5,1,0.5,0,0,0,0,0,1,0,0,0,1,0,0,0,1,0.0,0.0,0.1,0.0,0.0,Caucasian
340,Warren Ray,3.840148555,1.44,1,0.75,1,0,3,0.65240999,0,24,1,0.3333333333333333,0,0,1.0,1,0.0,0,0,0,0,0,1,0,1,0,0,0,0,0,1,0.0,0.0,0.1,0.0,0.0,Caucasian
341,Christine Gump,3.06852169,1.46,0,0.5,0,0,5,1.070611426,1,28,1,0.6666666666666666,0,0,1.0,1,0.0,0,0,0,0,0,1,0,0,0,0,1,0,0,1,0.0,0.0,0.1,0.0,0.0,Caucasian
342,Roger Montano,2.727849216,1.46,2,1.0,0,1,3,0.42866724799999995,0,23,1,0.6666666666666666,0,0,0.5,1,0.0,0,0,0,0,0,1,1,0,0,0,0,0,0,1,0.0,0.0,0.1,0.0,0.0,Caucasian
343,Zachary Miracle,3.59162128,1.46,1,1.0,0,0,0,0.449269135,0,23,1,0.6666666666666666,0,0,0.0,1,0.0,0,0,0,0,0,1,0,0,0,1,0,0,1,0,0.0,0.0,0.1,0.0,0.0,Caucasian
344,Maria Bevan,3.358934465,1.46,0,0.0,1,0,2,0.390323663,1,29,1,0.6666666666666666,1,1,0.0,1,1.0,0,0,0,0,0,1,0,0,0,1,0,1,0,0,0.0,0.0,0.1,0.0,0.0,Caucasian
345,Robert Martin,3.311966003,1.48,0,0.25,0,0,3,0.6755882990000001,0,27,1,0.3333333333333333,0,0,1.0,1,1.0,0,0,0,0,0,1,0,0,0,1,0,1,0,0,0.0,0.0,0.1,0.0,0.0,Caucasian
346,Valerie Denis,3.743264973,1.48,2,1.0,0,0,3,0.31184718300000003,1,35,2,1.0,0,0,1.0,1,1.0,0,0,1,0,0,0,0,1,0,0,0,0,0,1,0.0,0.0,0.1,0.0,0.0,Caucasian
347,Horacio Sibley,2.44728373,1.48,2,0.0,0,0,3,0.300012088,0,22,1,0.6666666666666666,0,0,0.5,1,0.5,0,0,0,0,0,1,0,0,0,1,0,1,0,0,0.0,0.1,0.0,0.0,0.0,Asian
348,Deborah Ley,3.081268437,1.48,1,0.0,0,0,5,0.860876112,1,29,1,0.6666666666666666,0,0,1.0,1,0.0,0,0,0,0,0,1,0,1,0,0,0,1,0,0,0.0,0.0,0.1,0.0,0.0,Caucasian
349,Frank James,2.8927075060000003,1.48,2,0.75,0,0,1,0.34588200399999997,0,34,1,1.0,0,0,0.5,1,1.0,0,0,0,0,0,1,0,1,0,0,0,0,0,1,0.0,0.0,0.1,0.0,0.0,Caucasian
350,Eula Farris,3.774724426,1.5,0,0.0,0,0,5,0.8285506979999999,1,23,1,1.0,0,0,0.0,1,1.0,0,0,0,0,0,1,0,0,0,1,0,1,0,0,0.0,0.0,0.1,0.0,0.0,Caucasian
351,James Patton,3.556981197,1.5,0,0.75,0,0,1,0.921564376,0,28,1,0.3333333333333333,0,0,0.5,1,0.5,0,0,0,0,0,1,1,0,0,0,0,0,0,1,0.0,0.0,0.0,0.1,0.0,Hispanic
352,Melvin Gebhardt,3.218454257,1.5,1,0.75,0,0,4,0.19225227399999997,0,30,1,1.0,1,1,0.0,1,0.5,0,0,0,0,0,1,0,1,0,0,0,0,0,1,0.0,0.0,0.1,0.0,0.0,Caucasian
353,Edward Mcgee,3.08490426,1.5,1,1.0,0,0,4,0.598998729,0,34,0,0.0,1,1,0.5,1,1.0,0,0,0,0,0,1,0,0,1,0,0,0,0,1,0.0,0.1,0.0,0.0,0.0,Asian
354,Evangelina Zukof,2.6859126030000002,1.52,1,0.5,0,0,4,0.265024123,1,24,1,0.3333333333333333,0,0,0.0,1,0.0,0,0,0,0,1,0,0,0,0,0,1,0,1,0,0.0,0.0,0.0,0.1,0.0,Hispanic
355,Larry Roy,2.7459187110000003,1.52,0,0.0,0,0,3,0.65810078,0,24,1,0.6666666666666666,0,0,0.0,1,0.5,0,0,0,0,0,1,0,0,0,1,0,0,0,1,0.0,0.0,0.1,0.0,0.0,Caucasian
356,Suzanne Phillips,3.78719106,1.52,2,0.75,1,1,3,0.736470747,1,22,2,0.6666666666666666,0,0,1.0,1,1.0,0,0,0,0,0,1,0,0,0,1,0,0,0,1,0.0,0.1,0.0,0.0,0.0,Asian
357,Thomas Whitten,3.210628938,1.52,2,1.0,1,0,2,1.1455773759999999,0,25,1,0.6666666666666666,0,0,0.5,1,0.0,0,0,0,0,0,1,0,1,0,0,0,1,0,0,0.0,0.0,0.1,0.0,0.0,Caucasian
358,Carissa Schmidt,2.8282657860000002,1.52,0,0.5,0,1,6,0.745267687,1,24,1,0.6666666666666666,0,0,1.0,1,1.0,0,0,0,0,0,1,0,1,0,0,0,0,0,1,0.0,0.0,0.1,0.0,0.0,Caucasian
359,Ralph Ng,3.868109102,1.52,2,1.0,1,1,3,0.883572276,0,28,2,0.6666666666666666,0,0,0.5,1,1.0,0,0,0,0,0,1,0,0,0,0,1,0,0,1,0.0,0.1,0.0,0.0,0.0,Asian
360,Richard Johnson,3.0830944610000004,1.52,2,0.5,0,0,2,0.404483992,0,35,1,0.6666666666666666,0,0,0.0,1,0.0,0,0,1,0,0,0,1,0,0,0,0,0,0,1,0.0,0.1,0.0,0.0,0.0,Asian
361,Peter Glander,3.4998246269999997,1.54,0,0.5,0,0,2,0.337708665,0,22,1,0.6666666666666666,0,0,0.0,1,0.5,0,0,0,0,1,0,0,1,0,0,0,1,0,0,0.0,0.0,0.1,0.0,0.0,Caucasian
362,James Cain,3.651289417,1.54,2,0.25,0,0,5,0.267167467,0,26,1,0.6666666666666666,0,0,0.0,1,0.5,0,0,0,0,0,1,0,1,0,0,0,0,0,1,0.0,0.0,0.1,0.0,0.0,Caucasian
363,Jose Swinney,2.7045318010000003,1.54,1,0.5,1,0,3,0.428015796,0,32,1,0.3333333333333333,0,0,0.5,1,0.5,0,0,0,0,0,1,0,0,0,0,1,0,1,0,0.0,0.1,0.0,0.0,0.0,Asian
364,William Storms,2.241120344,0.12,1,0.75,1,0,2,0.6013677829999999,0,28,2,0.3333333333333333,1,1,1.0,1,1.0,0,0,0,0,0,1,0,0,0,0,1,0,0,1,0.1,0.0,0.0,0.0,0.0,African-American
365,Billy Johnson,2.7927384539999998,1.54,1,0.5,0,0,2,0.375724413,0,23,1,0.6666666666666666,0,0,0.0,1,0.5,0,0,0,0,0,1,0,0,0,0,1,1,0,0,0.0,0.0,0.1,0.0,0.0,Caucasian
366,Judith Smith,3.445617795,1.54,1,0.75,0,0,0,0.5191782420000001,1,24,0,0.0,0,0,0.0,1,0.5,0,0,0,0,0,1,0,0,1,0,0,0,0,1,0.0,0.0,0.1,0.0,0.0,Caucasian
367,Lance Olson,2.280610186,1.54,0,0.75,1,0,4,0.548514615,0,22,1,0.6666666666666666,0,0,0.5,1,1.0,0,0,0,0,0,1,0,0,0,0,1,0,0,1,0.0,0.0,0.1,0.0,0.0,Caucasian
368,Jeanette Dupre,3.4660328610000004,1.56,0,0.5,0,0,1,0.675194558,1,28,1,0.6666666666666666,0,0,0.5,1,0.5,0,0,0,0,0,1,0,1,0,0,0,1,0,0,0.0,0.1,0.0,0.0,0.0,Asian
369,Regina Longe,3.598473173,1.56,2,0.25,0,0,4,0.263307415,1,22,1,1.0,0,0,0.0,1,0.0,0,0,0,0,0,1,0,0,0,1,0,1,0,0,0.0,0.0,0.1,0.0,0.0,Caucasian
370,Ronald Nikas,2.848725892,1.56,1,0.75,0,1,4,0.517003318,0,28,1,0.3333333333333333,0,0,0.5,1,0.5,0,0,0,0,0,1,0,1,0,0,0,0,0,1,0.0,0.0,0.1,0.0,0.0,Caucasian
371,Kenneth Quinn,3.497918375,1.56,2,1.0,0,0,4,0.439075046,0,21,1,0.6666666666666666,0,0,1.0,1,0.0,0,0,0,0,0,1,0,1,0,0,0,0,0,1,0.0,0.1,0.0,0.0,0.0,Asian
372,Bobby Thrift,3.4046459139999996,1.56,2,0.75,0,0,0,0.250823429,0,26,1,0.6666666666666666,0,0,0.5,1,1.0,0,0,0,0,0,1,0,1,0,0,0,0,0,1,0.0,0.0,0.1,0.0,0.0,Caucasian
373,Joyce Irvin,2.81090955,1.56,1,0.25,0,0,5,0.228769098,1,21,2,0.3333333333333333,0,0,1.0,1,1.0,0,0,0,0,0,1,1,0,0,0,0,1,0,0,0.0,0.1,0.0,0.0,0.0,Asian
374,Terence Guadalupe,3.639252687,1.58,2,0.75,0,0,1,-0.015952471,0,22,1,0.6666666666666666,0,0,0.5,1,1.0,0,0,0,0,0,1,0,1,0,0,0,0,0,1,0.0,0.0,0.1,0.0,0.0,Caucasian
375,Liliana Schwarz,3.397115365,1.58,0,0.75,0,0,1,0.462331025,1,24,2,0.6666666666666666,0,0,0.5,1,1.0,0,0,0,0,0,1,1,0,0,0,0,1,0,0,0.0,0.0,0.1,0.0,0.0,Caucasian
376,Barbara Webb,3.247103715,1.58,0,0.75,0,0,6,0.581868772,1,29,1,0.6666666666666666,0,0,0.0,1,1.0,0,1,0,0,0,0,0,1,0,0,0,0,1,0,0.0,0.0,0.1,0.0,0.0,Caucasian
377,Brian Hendrickson,3.268020374,1.58,2,0.25,0,1,4,0.619745612,0,24,1,0.3333333333333333,0,0,0.0,1,0.5,0,0,0,0,0,1,0,0,0,0,1,1,0,0,0.0,0.0,0.1,0.0,0.0,Caucasian
378,Tomas Mcloughlin,3.891292105,1.58,2,1.0,0,0,3,0.255992712,0,23,2,1.0,0,0,0.5,1,0.5,0,0,0,0,0,1,1,0,0,0,0,0,0,1,0.0,0.0,0.0,0.0,0.1,Other
379,Barry Mendoza,2.67696243,1.58,1,0.5,0,0,2,0.730955591,0,22,2,0.6666666666666666,0,0,1.0,1,0.5,0,0,0,0,0,1,0,0,0,0,1,0,0,1,0.0,0.0,0.0,0.0,0.1,Other
380,Jarrod Chilson,1.86999672,1.6,2,0.25,0,0,4,0.058370318,0,27,0,0.0,0,0,0.0,1,0.5,0,0,0,0,0,1,0,0,1,0,0,0,0,1,0.0,0.0,0.1,0.0,0.0,Caucasian
381,Jane Lechler,3.226469572,1.6,0,0.25,0,0,1,0.683659235,1,30,1,0.6666666666666666,0,0,0.0,1,0.5,0,0,0,0,0,1,0,0,0,0,1,0,0,1,0.0,0.0,0.1,0.0,0.0,Caucasian
382,Justin Brown,3.530645055,1.6,1,0.25,0,0,3,0.494630808,0,34,1,0.3333333333333333,0,1,0.5,1,1.0,0,1,0,0,0,0,0,0,0,1,0,0,0,1,0.0,0.0,0.1,0.0,0.0,Caucasian
383,John Courser,3.0659376710000004,1.6,0,0.5,0,0,4,0.596780898,0,25,2,0.6666666666666666,1,1,0.0,1,0.5,0,0,0,0,0,1,0,0,0,1,0,0,1,0,0.0,0.1,0.0,0.0,0.0,Asian
384,Dorothy Youree,2.9271771380000002,1.6,2,0.0,0,0,2,0.21375563600000003,1,24,1,0.6666666666666666,0,0,0.5,1,1.0,0,0,0,0,0,1,0,0,0,1,0,1,0,0,0.0,0.1,0.0,0.0,0.0,Asian
385,Joseph Hyneman,3.553401868,1.6,0,0.0,0,0,3,0.42810978299999997,0,24,1,0.3333333333333333,0,0,0.0,1,0.0,0,0,0,0,0,1,0,1,0,0,0,0,0,1,0.0,0.0,0.1,0.0,0.0,Caucasian
386,John Terhune,3.411861177,1.6,2,0.25,0,0,3,-0.069777647,0,22,1,0.3333333333333333,0,0,0.5,1,1.0,0,0,0,0,0,1,0,0,0,1,0,1,0,0,0.0,0.0,0.1,0.0,0.0,Caucasian
387,Arthur Salazar,2.787904534,1.6,1,0.5,0,0,2,1.0033569740000001,0,28,1,0.3333333333333333,0,0,0.5,1,0.0,0,0,0,1,0,0,1,0,0,0,0,0,1,0,0.0,0.0,0.1,0.0,0.0,Caucasian
388,Karen John,3.4999105110000004,1.6,0,1.0,0,0,1,0.282922428,1,27,1,0.6666666666666666,0,0,1.0,1,0.0,0,0,0,0,0,1,0,1,0,0,0,0,0,1,0.0,0.0,0.1,0.0,0.0,Caucasian
389,Thomas Branham,4.114741026,1.6,1,1.0,1,1,4,0.77418076,0,22,1,0.3333333333333333,0,0,1.0,1,1.0,0,0,0,0,0,1,0,0,0,1,0,0,0,1,0.0,0.0,0.1,0.0,0.0,Caucasian
390,Jesus Boulware,3.49068869,1.62,1,1.0,0,0,3,0.176385853,0,27,1,0.6666666666666666,0,0,0.5,1,0.5,0,0,0,0,1,0,1,0,0,0,0,0,0,1,0.0,0.0,0.1,0.0,0.0,Caucasian
391,Lana Hernandez,3.9612223280000003,1.62,2,1.0,1,1,4,0.735149287,1,22,2,0.6666666666666666,0,0,1.0,1,1.0,0,0,0,0,0,1,0,1,0,0,0,1,0,0,0.0,0.0,0.1,0.0,0.0,Caucasian
392,Glen Hall,3.785870352,1.62,0,0.5,1,0,4,0.32055790300000003,0,33,2,1.0,0,0,0.5,1,0.5,0,0,0,0,0,1,1,0,0,0,0,0,0,1,0.0,0.1,0.0,0.0,0.0,Asian
393,Joyce Phillips,4.0597950339999995,1.62,2,0.75,1,1,2,0.64452378,1,30,1,0.6666666666666666,0,0,0.0,1,1.0,0,0,0,0,0,1,0,1,0,0,0,1,0,0,0.0,0.0,0.1,0.0,0.0,Caucasian
394,Carol Unga,2.461576788,1.62,0,1.0,0,0,6,-0.0075796480000000005,1,30,2,0.6666666666666666,0,0,1.0,1,0.5,0,0,0,0,0,1,0,0,0,1,0,1,0,0,0.0,0.0,0.1,0.0,0.0,Caucasian
395,Marshall Clement,3.847253719,1.62,2,0.0,0,0,3,0.585753635,0,31,1,1.0,0,0,0.0,1,0.5,0,0,0,0,0,1,0,0,0,1,0,0,0,1,0.0,0.0,0.0,0.0,0.1,Other
396,Herman Henderson,2.484333779,1.62,2,0.0,1,0,2,0.575374908,0,24,2,1.0,0,0,0.5,1,0.5,0,0,0,0,0,1,1,0,0,0,0,1,0,0,0.0,0.0,0.1,0.0,0.0,Caucasian
397,Francis Walker,3.279927036,1.62,1,0.5,1,0,2,0.262860277,0,31,1,0.6666666666666666,1,1,0.5,1,0.0,0,0,0,0,0,1,0,0,0,0,1,1,0,0,0.0,0.0,0.1,0.0,0.0,Caucasian
398,Inez Pugh,2.24047815,1.62,1,0.0,0,0,4,0.7219285529999999,1,25,1,0.3333333333333333,0,0,0.5,1,0.0,0,0,0,0,0,1,0,0,0,1,0,1,0,0,0.0,0.0,0.1,0.0,0.0,Caucasian
399,Evelyn Brown,2.778517036,1.62,0,0.25,0,0,3,0.541956609,1,23,1,0.3333333333333333,0,0,0.5,1,0.5,0,0,0,0,0,1,0,1,0,0,0,1,0,0,0.0,0.0,0.1,0.0,0.0,Caucasian
400,James Johnson,3.053915706,1.64,2,0.25,0,0,6,-0.027266251000000002,0,22,1,0.3333333333333333,0,0,0.0,1,0.5,0,0,0,0,0,1,1,0,0,0,0,1,0,0,0.0,0.0,0.1,0.0,0.0,Caucasian
401,Celia Delaney,3.4754282080000003,1.64,0,0.25,0,0,5,0.320075818,1,26,1,0.6666666666666666,0,0,1.0,1,1.0,0,0,0,0,0,1,1,0,0,0,0,0,0,1,0.0,0.0,0.1,0.0,0.0,Caucasian
402,Maurita Prestridge,3.1142314939999998,1.64,0,1.0,0,0,1,0.605801403,1,21,2,0.3333333333333333,0,0,0.5,1,1.0,0,0,0,0,0,1,0,0,0,1,0,0,0,1,0.0,0.0,0.1,0.0,0.0,Caucasian
403,Jennifer Stewart,2.78112805,1.64,0,1.0,1,0,5,0.866141005,1,27,1,0.3333333333333333,0,0,0.5,1,0.5,0,0,0,0,0,1,1,0,0,0,0,0,0,1,0.0,0.0,0.0,0.1,0.0,Hispanic
404,Guadalupe Miller,3.378593047,1.64,1,1.0,0,0,3,0.5342723629999999,1,29,2,0.6666666666666666,0,0,1.0,1,0.0,1,0,0,0,0,0,0,0,0,0,1,0,0,1,0.0,0.0,0.1,0.0,0.0,Caucasian
405,Brenda Sur,3.682385572,1.64,1,0.0,0,0,2,0.512238894,1,23,1,0.6666666666666666,0,0,0.5,1,0.0,0,0,0,0,0,1,1,0,0,0,0,0,0,1,0.0,0.0,0.0,0.0,0.1,Other
406,William Hershenson,3.8678952160000004,1.64,2,1.0,0,0,2,0.649267798,0,23,1,0.3333333333333333,0,0,0.5,1,1.0,0,1,0,0,0,0,1,0,0,0,0,0,1,0,0.0,0.0,0.1,0.0,0.0,Caucasian
407,Joseph Luthy,3.753269825,1.66,0,0.0,0,0,3,0.561705978,0,28,1,0.6666666666666666,1,1,0.0,1,0.0,0,0,1,0,0,0,0,0,0,0,1,0,0,1,0.0,0.0,0.1,0.0,0.0,Caucasian
408,Michael Dyer,3.679055563,1.66,0,0.25,0,0,2,0.619083073,0,36,1,0.6666666666666666,0,0,0.5,1,1.0,0,0,0,0,0,1,1,0,0,0,0,1,0,0,0.0,0.0,0.1,0.0,0.0,Caucasian
409,Stewart Brown,3.361794065,1.66,1,0.25,0,0,3,0.573886185,0,21,1,0.6666666666666666,0,0,0.5,1,0.5,0,0,0,0,0,1,1,0,0,0,0,0,1,0,0.0,0.0,0.1,0.0,0.0,Caucasian
410,Ryan Jones,2.588417918,1.66,1,0.25,1,0,2,0.93243626,0,22,1,0.3333333333333333,0,0,0.0,1,0.0,0,0,0,0,0,1,0,0,0,0,1,1,0,0,0.0,0.0,0.1,0.0,0.0,Caucasian
411,Emmanuel Harper,4.128482774,1.66,2,1.0,0,1,3,0.524771408,0,27,1,0.3333333333333333,0,0,1.0,1,1.0,0,0,0,0,0,1,0,0,0,0,1,1,0,0,0.0,0.0,0.1,0.0,0.0,Caucasian
412,Sylvester Mcmath,2.437075551,1.66,0,0.25,0,0,3,0.674289076,0,28,1,0.3333333333333333,0,0,0.0,1,0.5,0,0,0,0,0,1,0,0,0,1,0,0,0,1,0.0,0.0,0.1,0.0,0.0,Caucasian
413,Maria Cahill,3.2789482010000004,1.66,0,0.0,0,0,3,0.29608235,1,21,2,0.6666666666666666,0,0,0.0,1,0.5,0,0,0,0,0,1,1,0,0,0,0,1,0,0,0.0,0.0,0.1,0.0,0.0,Caucasian
414,Erik Miller,2.584723835,1.66,2,0.5,0,0,1,0.239845712,0,23,1,0.6666666666666666,0,0,0.5,1,1.0,0,0,0,0,0,1,0,1,0,0,0,0,1,0,0.0,0.0,0.1,0.0,0.0,Caucasian
415,Wade Payne,3.5290444310000004,1.66,2,1.0,0,0,6,0.09186403300000001,0,27,2,0.6666666666666666,0,0,0.5,1,0.5,0,0,0,0,0,1,1,0,0,0,0,0,0,1,0.0,0.0,0.0,0.0,0.1,Other
416,Don Mcfolley,3.4519364,1.66,1,1.0,0,0,3,0.622092364,0,36,1,1.0,0,0,0.5,1,1.0,0,0,0,0,0,1,0,1,0,0,0,0,0,1,0.0,0.0,0.1,0.0,0.0,Caucasian
417,Paul Forbes,2.79314766,1.66,1,0.5,0,0,1,0.549548965,0,26,2,0.3333333333333333,1,1,0.5,1,1.0,0,0,0,0,0,1,0,1,0,0,0,0,0,1,0.0,0.0,0.1,0.0,0.0,Caucasian
418,Jose Sipe,4.045516333,1.68,2,1.0,1,1,3,0.8264515459999999,0,24,2,0.3333333333333333,0,1,1.0,1,1.0,0,0,0,0,0,1,1,0,0,0,0,0,0,1,0.0,0.0,0.1,0.0,0.0,Caucasian
419,Rosemarie Baker,3.6336015010000002,1.68,2,0.75,0,0,3,0.524161525,1,23,2,0.6666666666666666,0,0,0.5,1,1.0,0,1,0,0,0,0,0,1,0,0,0,1,0,0,0.0,0.0,0.1,0.0,0.0,Caucasian
420,Joe Sheppard,3.3871563210000004,1.68,1,0.25,0,0,4,0.6879618540000001,0,29,2,0.3333333333333333,0,0,0.0,1,0.5,0,1,0,0,0,0,0,0,0,1,0,0,0,1,0.0,0.0,0.1,0.0,0.0,Caucasian
421,Regina Voller,2.782498576,1.68,0,0.5,0,0,5,0.393059063,1,25,1,0.6666666666666666,0,0,0.5,1,1.0,0,0,0,0,0,1,0,0,0,1,0,0,0,1,0.0,0.0,0.1,0.0,0.0,Caucasian
422,Ron Ruiz,3.6224861489999998,1.7,1,0.5,1,0,1,0.334633707,0,33,1,0.6666666666666666,0,0,0.0,1,0.0,0,0,0,1,0,0,0,0,0,0,1,1,0,0,0.0,0.0,0.1,0.0,0.0,Caucasian
423,Charles Lewis,3.425423068,1.7,0,0.25,0,0,3,0.666920663,0,26,1,0.6666666666666666,0,0,0.5,1,1.0,0,0,0,0,0,1,1,0,0,0,0,0,0,1,0.0,0.0,0.1,0.0,0.0,Caucasian
424,Terry Bair,3.6543787310000004,1.7,2,1.0,1,1,3,0.520838871,0,25,1,0.6666666666666666,0,0,0.0,1,0.0,0,0,0,0,0,1,0,1,0,0,0,0,0,1,0.0,0.0,0.1,0.0,0.0,Caucasian
425,Catherine Terry,3.868880799,1.7,2,0.75,0,0,6,0.6383745439999999,1,27,2,0.6666666666666666,0,0,0.0,1,0.0,0,0,1,0,0,0,1,0,0,0,0,0,0,1,0.0,0.0,0.1,0.0,0.0,Caucasian
426,Robert Williford,3.07850386,1.7,2,0.25,0,0,4,0.07172862099999999,0,27,2,0.6666666666666666,0,0,0.5,1,0.5,0,0,0,0,0,1,0,1,0,0,0,0,0,1,0.0,0.0,0.1,0.0,0.0,Caucasian
427,Oscar Abraham,4.01,1.7,2,1.0,1,1,3,0.9003200000000001,0,24,2,1.0,0,0,0.5,1,1.0,0,0,0,0,0,1,0,0,0,0,1,1,0,0,0.1,0.0,0.0,0.0,0.0,African-American
428,William Packard,2.286773965,1.72,1,0.0,0,0,4,0.389065502,0,23,2,0.3333333333333333,0,0,0.5,1,0.0,0,0,0,0,0,1,1,0,0,0,0,0,0,1,0.0,0.0,0.0,0.1,0.0,Hispanic
429,Dina Jacobs,2.541346029,1.72,1,1.0,0,0,1,1.0175116579999999,1,24,1,1.0,0,0,0.5,1,1.0,0,0,0,0,0,1,0,0,0,1,0,0,0,1,0.0,0.1,0.0,0.0,0.0,Asian
430,Barbara Lopez,3.3715330000000003,1.72,1,0.25,0,0,1,0.38498154700000004,1,34,1,0.3333333333333333,0,0,1.0,1,0.5,0,0,0,0,0,1,0,0,0,0,1,1,0,0,0.0,0.0,0.1,0.0,0.0,Caucasian
431,Amy Atwell,3.175110526,1.72,1,0.75,0,0,1,0.574519669,1,23,1,0.6666666666666666,0,0,0.0,1,0.5,0,0,0,0,0,1,0,1,0,0,0,0,0,1,0.0,0.0,0.1,0.0,0.0,Caucasian
432,Leroy Liscomb,2.985717918,1.72,0,0.25,0,0,3,0.39759013200000004,0,23,2,0.6666666666666666,0,0,0.5,1,1.0,0,0,0,0,0,1,0,1,0,0,0,0,0,1,0.0,0.0,0.1,0.0,0.0,Caucasian
433,Marshall Laxen,3.3539262739999995,1.72,0,0.5,0,0,0,0.618344903,0,27,2,0.3333333333333333,0,0,0.5,1,0.0,0,0,0,0,0,1,0,1,0,0,0,0,1,0,0.0,0.0,0.1,0.0,0.0,Caucasian
434,Molly Brickell,3.514879876,1.72,0,1.0,0,1,3,0.244911937,1,29,1,1.0,0,0,0.5,1,1.0,0,0,0,0,0,1,0,1,0,0,0,0,1,0,0.0,0.0,0.1,0.0,0.0,Caucasian
435,Latosha Woods,3.5029053310000005,1.74,1,0.5,0,0,2,0.36380393299999997,1,27,1,0.3333333333333333,1,1,1.0,1,0.5,0,0,0,0,0,1,0,0,0,1,0,0,0,1,0.1,0.0,0.0,0.0,0.0,African-American
436,Robert Marks,2.866065915,1.74,2,0.5,0,0,4,0.358496196,0,24,1,1.0,0,0,0.0,1,1.0,0,1,0,0,0,0,0,0,0,0,1,0,0,1,0.0,0.0,0.1,0.0,0.0,Caucasian
437,Aron George,2.718430665,1.74,0,0.25,0,0,2,0.25119022399999996,0,29,2,0.3333333333333333,0,0,0.0,1,0.0,0,0,0,0,0,1,0,0,0,1,0,0,0,1,0.0,0.0,0.0,0.1,0.0,Hispanic
438,Samuel Hamm,2.651047534,1.74,1,0.25,0,0,3,0.704711155,0,27,1,0.3333333333333333,0,1,0.5,1,0.0,0,0,0,0,0,1,0,0,0,1,0,0,1,0,0.1,0.0,0.0,0.0,0.0,African-American
439,Sherika Ray,3.5618037589999996,1.74,2,0.0,0,0,5,0.6930587109999999,1,22,1,0.6666666666666666,0,0,0.0,1,1.0,0,0,0,0,0,1,0,1,0,0,0,1,0,0,0.0,0.0,0.1,0.0,0.0,Caucasian
440,Timothy Johnson,2.953404402,1.74,2,0.75,0,0,0,0.55583711,0,23,1,0.6666666666666666,0,0,1.0,1,0.0,0,0,1,0,0,0,1,0,0,0,0,1,0,0,0.0,0.1,0.0,0.0,0.0,Asian
441,Lester Vassel,3.640745758,1.74,2,0.75,0,0,2,0.809688715,0,27,2,0.3333333333333333,1,0,0.5,1,0.5,0,0,1,0,0,0,0,0,0,1,0,0,0,1,0.0,0.0,0.1,0.0,0.0,Caucasian
442,John Harris,2.105994351,1.74,2,0.75,0,0,4,0.847111442,0,22,1,1.0,0,0,1.0,1,1.0,0,0,0,0,0,1,0,0,0,0,1,0,1,0,0.0,0.0,0.1,0.0,0.0,Caucasian
443,Maria Macdougall,3.130452387,1.74,0,0.75,0,0,4,0.583828244,1,28,1,0.3333333333333333,0,0,0.5,1,0.0,0,0,0,0,0,1,0,0,0,0,1,0,0,1,0.0,0.0,0.1,0.0,0.0,Caucasian
444,Christina Roberts,3.7833158069999997,1.74,1,0.25,0,0,5,0.348182913,1,30,1,0.6666666666666666,0,0,0.0,1,1.0,0,0,0,0,0,1,0,1,0,0,0,0,0,1,0.0,0.0,0.1,0.0,0.0,Caucasian
445,John Kaufman,3.833153774,1.76,2,1.0,0,0,5,0.798617192,0,27,1,0.6666666666666666,0,0,0.5,1,0.0,0,0,0,0,0,1,1,0,0,0,0,1,0,0,0.0,0.0,0.1,0.0,0.0,Caucasian
446,Juan Davis,3.0707348260000003,1.76,2,0.5,0,0,1,0.452034845,0,21,2,0.6666666666666666,0,0,0.5,1,0.5,0,0,0,0,0,1,0,0,0,0,1,0,0,1,0.0,0.0,0.1,0.0,0.0,Caucasian
447,Pauline Judd,3.255424291,1.76,0,0.25,0,0,1,0.7824331529999999,1,23,1,0.3333333333333333,0,0,0.0,1,1.0,0,0,0,0,0,1,0,0,0,0,1,0,0,1,0.0,0.0,0.1,0.0,0.0,Caucasian
448,Tory Allen,2.621574306,1.76,0,1.0,0,0,4,0.557533022,0,21,1,1.0,0,0,0.0,1,0.5,0,0,0,0,0,1,1,0,0,0,0,0,0,1,0.0,0.0,0.1,0.0,0.0,Caucasian
449,Tonya Sterry,3.1218471169999997,1.78,0,0.25,0,0,4,0.987069755,1,29,1,1.0,0,0,0.5,1,0.0,0,0,0,0,0,1,1,0,0,0,0,0,0,1,0.0,0.0,0.1,0.0,0.0,Caucasian
450,Andrea Robles,4.238973784,1.8,2,1.0,1,1,3,0.8520081340000001,1,29,2,0.6666666666666666,0,0,1.0,1,0.5,0,0,0,0,0,1,0,0,0,1,0,0,0,1,0.0,0.0,0.0,0.1,0.0,Hispanic
451,Nickolas Rogers,3.184182041,1.8,2,1.0,0,0,3,0.520514126,0,22,1,1.0,0,0,0.5,1,0.0,0,0,0,0,0,1,0,0,0,0,1,0,1,0,0.0,0.0,0.0,0.0,0.1,Other
452,Jay Walker,3.1480951939999997,1.8,2,0.5,0,1,5,0.184154934,0,29,1,0.3333333333333333,0,0,0.5,1,1.0,0,0,0,0,0,1,0,0,0,0,1,0,0,1,0.0,0.0,0.1,0.0,0.0,Caucasian
453,John Clark,2.776858615,1.8,0,0.75,0,0,4,0.435835012,0,23,2,0.6666666666666666,0,1,0.5,1,0.5,0,0,0,0,0,1,0,0,0,1,0,0,0,1,0.1,0.0,0.0,0.0,0.0,African-American
454,Phillip Goers,4.279468612,1.9,2,0.75,1,1,2,0.704426172,0,24,2,1.0,0,0,1.0,1,1.0,0,0,0,0,0,1,1,0,0,0,0,1,0,0,0.0,0.1,0.0,0.0,0.0,Asian
455,Lisette Mccage,4.270793072,1.9,2,0.75,1,1,2,0.9234250759999999,1,24,2,1.0,0,0,1.0,1,1.0,0,0,0,0,0,1,0,0,0,0,1,0,1,0,0.0,0.0,0.1,0.0,0.0,Caucasian
456,Michael Utecht,4.129336017,1.9,1,1.0,1,1,2,0.827376252,0,28,2,1.0,0,0,0.5,1,1.0,0,0,0,0,0,1,0,0,0,0,1,0,0,1,0.0,0.0,0.1,0.0,0.0,Caucasian
457,Frank Kutz,4.098691441000001,1.9,2,0.75,1,1,1,0.837501257,0,32,1,0.6666666666666666,0,0,0.5,1,1.0,0,0,0,0,0,1,0,1,0,0,0,0,0,1,0.0,0.0,0.1,0.0,0.0,Caucasian
458,Jeffrey Challender,4.095519127,1.9,2,0.75,1,1,3,0.976576097,0,32,1,1.0,0,0,1.0,1,1.0,0,0,0,0,1,0,0,0,0,0,1,1,0,0,0.0,0.0,0.1,0.0,0.0,Caucasian
459,Shannon Yeater,4.048154057,1.9,2,0.75,1,1,1,0.865285808,1,26,1,1.0,0,0,1.0,1,1.0,0,0,0,0,0,1,0,0,0,1,0,1,0,0,0.0,0.1,0.0,0.0,0.0,Asian
460,Dennis Bazan,4.041063233,1.9,1,0.25,1,1,1,0.943379944,0,31,2,0.3333333333333333,0,0,0.5,1,1.0,0,0,0,0,0,1,0,0,0,0,1,0,0,1,0.0,0.0,0.0,0.0,0.1,Other
461,Deanna Graves,4.010679543,1.9,2,0.75,0,1,3,0.9578420059999999,1,24,1,0.6666666666666666,1,1,1.0,1,1.0,0,0,0,0,0,1,0,0,0,0,1,0,0,1,0.0,0.0,0.1,0.0,0.0,Caucasian
462,Bennie Larson,3.9831975269999997,1.9,2,1.0,1,1,4,0.728367628,0,28,2,0.3333333333333333,1,1,0.0,1,1.0,0,0,0,0,0,1,0,0,0,1,0,0,0,1,0.0,0.0,0.1,0.0,0.0,Caucasian
463,Ruth Bass,3.982631237,1.9,1,1.0,1,1,2,0.6717600990000001,1,33,0,0.0,0,0,0.5,1,0.5,0,0,0,0,0,1,0,0,1,0,0,0,0,1,0.0,0.0,0.1,0.0,0.0,Caucasian
464,Justin Collins,3.8119040930000003,1.9,0,0.75,0,0,4,0.7724194740000001,0,22,1,0.3333333333333333,0,0,0.0,1,1.0,0,0,1,0,0,0,0,0,0,0,1,0,0,1,0.0,0.0,0.1,0.0,0.0,Caucasian
465,James Coronado,3.80275289,1.9,0,0.5,0,0,5,0.872776927,0,26,2,0.6666666666666666,0,0,0.5,1,0.5,0,0,0,0,0,1,0,1,0,0,0,0,1,0,0.0,0.0,0.1,0.0,0.0,Caucasian
466,Holly Patterson,3.787564967,1.9,2,0.75,1,1,4,0.87922556,1,25,1,0.3333333333333333,0,0,1.0,1,1.0,0,0,0,0,0,1,0,0,0,1,0,1,0,0,0.0,0.1,0.0,0.0,0.0,Asian
467,John Han,3.692789742,1.9,2,0.0,1,0,2,0.6764494040000001,0,27,1,0.3333333333333333,0,0,0.0,1,0.5,0,0,0,0,0,1,1,0,0,0,0,0,0,1,0.0,0.0,0.1,0.0,0.0,Caucasian
468,Morgan Guzman,3.647168025,1.9,2,0.75,1,1,4,0.790565635,1,25,1,0.6666666666666666,0,0,0.5,1,1.0,0,0,0,0,0,1,0,0,0,0,1,1,0,0,0.0,0.0,0.1,0.0,0.0,Caucasian
469,Jason Miller,3.64441768,1.9,2,1.0,1,1,4,0.8801833040000001,0,21,2,0.6666666666666666,0,0,0.5,1,1.0,0,0,0,0,0,1,0,0,0,1,0,1,0,0,0.0,0.0,0.1,0.0,0.0,Caucasian
470,Maria Woolridge,3.5030860969999997,1.9,0,0.5,0,0,4,0.660718957,1,25,1,0.3333333333333333,0,0,0.5,1,0.5,0,0,0,0,0,1,0,1,0,0,0,0,0,1,0.0,0.0,0.1,0.0,0.0,Caucasian
471,Patricia Palomares,3.45049625,1.9,0,0.75,0,0,3,0.34576056299999997,1,23,1,0.6666666666666666,0,0,0.5,1,0.0,0,0,1,0,0,0,1,0,0,0,0,0,0,1,0.0,0.0,0.1,0.0,0.0,Caucasian
472,Jacob Ensley,3.439949061,1.9,1,1.0,0,0,5,0.46982379799999996,0,29,1,0.3333333333333333,0,0,0.5,1,1.0,0,0,0,0,0,1,0,0,0,1,0,0,0,1,0.0,0.0,0.0,0.0,0.1,Other
473,Donald Stanford,3.4253771910000004,1.9,2,0.5,0,0,4,0.558270178,0,29,1,0.6666666666666666,0,0,1.0,1,0.5,0,0,0,0,0,1,0,0,0,0,1,1,0,0,0.0,0.0,0.1,0.0,0.0,Caucasian
474,Phoebe Snyder,3.4135475439999996,1.9,2,0.75,0,0,6,0.7248685140000001,1,25,1,0.6666666666666666,0,0,0.0,1,1.0,0,0,0,1,0,0,0,0,0,1,0,0,0,1,0.0,0.0,0.1,0.0,0.0,Caucasian
475,Andre White,3.246087189,1.9,1,0.0,0,1,4,0.972468041,0,34,2,0.6666666666666666,0,0,0.5,1,1.0,0,0,0,0,1,0,0,0,0,0,1,0,0,1,0.0,0.0,0.1,0.0,0.0,Caucasian
476,Richard Runions,3.214932788,1.9,1,0.5,0,0,2,0.39121066200000004,0,37,1,1.0,0,0,0.5,1,1.0,0,0,0,0,0,1,0,0,0,0,1,0,0,1,0.0,0.0,0.1,0.0,0.0,Caucasian
477,Stanley Morgan,3.213204292,1.9,0,0.5,0,0,1,0.808263507,0,31,1,0.6666666666666666,0,0,0.5,1,0.5,0,0,0,0,0,1,0,1,0,0,0,0,0,1,0.0,0.1,0.0,0.0,0.0,Asian
478,Ralph Johnson,3.183111926,1.9,2,0.25,0,0,2,0.515808169,0,26,1,0.3333333333333333,0,0,0.5,1,1.0,0,0,0,0,0,1,0,0,0,0,1,0,0,1,0.0,0.0,0.1,0.0,0.0,Caucasian
479,Sarah Johnson,3.12588815,1.9,1,0.0,0,0,4,0.608489155,1,26,1,1.0,0,0,0.0,1,0.5,0,0,0,0,0,1,1,0,0,0,0,1,0,0,0.0,0.0,0.1,0.0,0.0,Caucasian
480,Larry Pompey,3.1184357819999997,1.9,1,0.5,0,1,1,0.632590808,0,28,1,0.3333333333333333,0,0,0.5,1,1.0,0,0,0,0,0,1,0,0,0,0,1,0,1,0,0.0,0.0,0.0,0.1,0.0,Hispanic
481,Christopher Jordan,3.117019441,1.9,2,0.75,0,0,3,0.8370931859999999,0,24,1,0.6666666666666666,0,0,0.5,1,0.5,0,0,0,0,0,1,0,0,0,1,0,1,0,0,0.0,0.0,0.1,0.0,0.0,Caucasian
482,Doug Miley,3.1017508960000004,1.9,0,0.75,0,0,3,0.571857587,0,37,1,0.6666666666666666,0,0,0.0,1,0.5,0,0,0,0,0,1,0,0,0,0,1,0,1,0,0.0,0.0,0.1,0.0,0.0,Caucasian
483,Robert Wiseman,3.031997112,1.9,1,0.75,0,0,2,0.49158346700000005,0,24,2,1.0,0,0,1.0,1,0.5,0,0,0,0,0,1,0,1,0,0,0,0,0,1,0.0,0.0,0.1,0.0,0.0,Caucasian
484,Harry Payne,3.018085495,1.9,2,0.25,1,0,4,0.505321235,0,23,1,0.6666666666666666,0,0,0.5,1,0.5,0,0,0,0,0,1,0,1,0,0,0,1,0,0,0.0,0.0,0.1,0.0,0.0,Caucasian
485,John Boudreaux,2.966233941,1.9,1,0.25,0,0,0,0.865651251,0,30,1,0.6666666666666666,0,1,0.5,1,1.0,0,0,0,0,0,1,1,0,0,0,0,0,0,1,0.0,0.0,0.1,0.0,0.0,Caucasian
486,David Duey,2.9529747580000003,1.9,1,0.0,0,0,4,0.7156020120000001,0,25,1,1.0,0,0,1.0,1,0.5,0,0,0,0,0,1,1,0,0,0,0,1,0,0,0.0,0.0,0.1,0.0,0.0,Caucasian
487,Rick Cultice,2.932537463,1.9,0,0.25,0,0,5,0.651020577,0,30,2,1.0,0,0,0.5,1,0.5,0,0,0,0,0,1,0,0,0,1,0,0,0,1,0.0,0.0,0.1,0.0,0.0,Caucasian
488,Jackson Culp,2.90825508,1.9,0,0.0,0,0,4,0.412589136,0,26,1,0.3333333333333333,0,0,1.0,1,0.5,0,0,0,0,0,1,0,1,0,0,0,0,0,1,0.0,0.0,0.1,0.0,0.0,Caucasian
489,Roxanna Lewis,2.902055341,1.9,2,0.5,0,0,2,0.729784402,1,28,1,0.3333333333333333,0,0,0.5,1,0.5,0,0,0,0,0,1,1,0,0,0,0,0,0,1,0.0,0.0,0.1,0.0,0.0,Caucasian
490,Micaela Cox,2.892813771,1.9,0,0.75,0,0,5,0.672331308,1,33,1,0.3333333333333333,0,0,1.0,1,0.5,0,0,0,0,0,1,0,0,0,0,1,0,0,1,0.0,0.0,0.1,0.0,0.0,Caucasian
491,Kathleen Ivan,2.8417996710000004,1.9,1,0.5,0,0,3,0.335903326,1,28,1,0.6666666666666666,0,0,0.0,1,0.5,0,0,0,0,0,1,0,0,0,1,0,0,0,1,0.0,0.1,0.0,0.0,0.0,Asian
492,Olga Kelley,2.830288294,1.9,0,1.0,0,0,4,0.6806387709999999,1,28,2,1.0,0,0,0.5,1,0.5,0,0,0,0,0,1,0,1,0,0,0,1,0,0,0.0,0.0,0.1,0.0,0.0,Caucasian
493,Cheryl Vallejo,2.794186991,1.9,0,0.25,1,0,5,0.235930812,1,24,2,0.6666666666666666,0,1,0.0,1,0.0,0,0,0,0,0,1,0,0,0,0,1,0,0,1,0.0,0.0,0.1,0.0,0.0,Caucasian
494,Nicole Turbacuski,2.737509231,1.9,0,0.5,0,0,2,0.319888293,1,28,1,0.6666666666666666,0,0,0.5,1,1.0,0,0,0,0,0,1,0,0,0,1,0,0,0,1,0.0,0.0,0.1,0.0,0.0,Caucasian
495,Fermin King,2.734937145,1.9,1,1.0,0,0,3,0.5856121639999999,0,22,1,0.3333333333333333,0,0,0.0,1,0.5,0,0,0,0,0,1,1,0,0,0,0,0,0,1,0.0,0.0,0.1,0.0,0.0,Caucasian
496,Angela Cornett,2.6356201230000003,1.9,1,1.0,0,0,3,0.186551215,1,27,1,0.3333333333333333,0,0,0.5,1,0.5,0,0,0,0,0,1,1,0,0,0,0,0,0,1,0.0,0.1,0.0,0.0,0.0,Asian
497,Kimberly Joseph,2.628990902,1.9,0,0.25,0,0,3,0.502283013,1,27,1,0.6666666666666666,0,0,0.5,1,0.0,0,0,0,0,0,1,1,0,0,0,0,0,1,0,0.0,0.0,0.1,0.0,0.0,Caucasian
498,Kenneth Delagarza,2.609052031,1.9,1,0.5,1,0,1,0.45194775200000004,0,25,1,0.6666666666666666,0,0,1.0,1,1.0,0,0,0,0,0,1,0,0,0,1,0,0,0,1,0.0,0.0,0.1,0.0,0.0,Caucasian
499,Delphine Mcwhorter,2.589438405,1.9,1,0.25,0,0,2,0.432107332,1,31,2,0.6666666666666666,0,0,0.5,1,1.0,0,0,0,0,0,1,1,0,0,0,0,1,0,0,0.0,0.0,0.1,0.0,0.0,Caucasian
500,Jesica Pastian,2.512499043,1.9,1,0.5,0,0,5,0.650265103,1,31,0,0.0,0,0,0.5,1,1.0,0,0,0,0,0,1,0,0,1,0,0,0,0,1,0.0,0.0,0.1,0.0,0.0,Caucasian
501,William Billy,2.498245559,1.9,2,0.75,0,0,4,0.802654017,0,26,1,0.6666666666666666,0,0,0.5,1,0.5,0,0,0,0,0,1,0,0,0,1,0,0,0,1,0.0,0.0,0.1,0.0,0.0,Caucasian
502,Kum Milone,2.4980570330000003,1.9,1,0.0,0,0,1,0.49679594899999996,1,29,1,0.3333333333333333,0,0,0.5,1,0.5,0,0,0,0,0,1,0,1,0,0,0,1,0,0,0.0,0.0,0.1,0.0,0.0,Caucasian
503,Jonathon Aviles,2.440014363,1.9,1,0.25,0,0,3,0.196215585,0,21,1,0.6666666666666666,0,0,1.0,1,0.5,0,0,0,0,0,1,0,0,0,0,1,0,0,1,0.0,0.0,0.1,0.0,0.0,Caucasian
504,Charles Tapia,2.320525833,1.9,2,0.75,0,0,0,0.25278471399999997,0,24,2,1.0,0,0,0.5,1,0.5,0,0,0,0,0,1,0,1,0,0,0,0,0,1,0.0,0.0,0.1,0.0,0.0,Caucasian
