,Unnamed: 0,Names,GPA,Avg Commute Time,Cultural Fit,Technical Aptitude,Soft Skills,Employee Referral,Years of Experience,Leadership Capability,Race,Sex,Age,Birth Origin,Education,Undergraduate Degree,Educational Prestige,Sports,Criminal Record,Arrest Records,LinkedIn Score,Responsible Social Media Use,HireVue Score
0,0,Nicole Turbacuski,0.68437730775,0.94492727757,0,0.5,0,0,2,0.319888293,0,1,28,United States,1,Quantitative,0.6666666666666666,None,0,0,0.5,1,1.0
1,1,Angela Duskey,0.9735608484999999,0.6706323766,1,1.0,1,0,4,0.453761091,0,1,25,United States,2,Quantitative,0.3333333333333333,None,0,0,0.0,1,0.0
2,2,Cheryl Rogers,0.89347672125,0.5497572815,1,0.75,0,0,6,0.5943580970000001,2,1,27,United States,1,Sciences,0.6666666666666666,None,0,0,0.5,1,0.5
3,3,Valarie Collins,0.884596284,-0.14486065299999992,0,0.25,1,0,5,0.355885314,1,1,24,United States,1,Engineering,0.6666666666666666,None,0,0,0.5,1,1.0
4,4,Katrina Chancellor,0.58591370075,0.33871776890000005,1,0.5,1,0,2,0.455985195,4,1,22,United States,1,Quantitative,0.3333333333333333,None,0,0,1.0,1,0.5
5,5,Rita Mccarty,0.58595852425,0.3259567525,0,0.5,0,0,2,0.353259825,2,1,23,United States,1,Quantitative,0.6666666666666666,None,0,0,0.5,1,1.0
6,6,Holly Patterson,0.94689124175,0.9975262986,0,0.75,0,0,4,0.87922556,2,1,25,United States,1,Quantitative,0.6666666666666666,None,0,0,0.5,1,1.0
7,7,Amy Gunnels,1.056237998,0.5291117667,0,1.0,0,0,1,0.312474593,0,1,25,United States,1,Humanities,1.0,Club/Intramural,0,0,0.0,1,1.0
8,8,June Crowder,0.7265257465,0.15328930330000007,1,0.0,0,0,5,0.127873775,0,1,30,United States,1,Humanities,0.6666666666666666,Club/Intramural,1,1,0.0,1,1.0
9,9,Ida Henry,0.86468707425,0.5260953682,0,0.5,0,0,1,0.544567528,1,1,29,United States,1,Engineering,0.3333333333333333,None,0,0,0.5,1,1.0
10,10,Dorothy Howard,0.787093265,0.6946716983000001,0,0.25,0,0,4,0.836784328,1,1,30,United States,2,Sciences,0.6666666666666666,Club/Intramural,0,0,1.0,1,1.0
11,11,April Schmid,0.81986871575,0.18581480650000004,0,1.0,0,0,3,0.068731788,0,1,25,United States,1,Humanities,0.3333333333333333,None,1,1,0.5,1,0.5
12,12,Brenda Dallas,0.59748864225,0.08640910020000007,1,0.5,0,0,5,0.5688204029999999,0,1,28,United States,1,Quantitative,0.6666666666666666,None,0,0,0.5,1,0.5
13,13,Marie Kinkel,0.78947157,0.4295464185,1,0.75,0,0,3,0.541481344,0,1,26,United States,1,Quantitative,0.6666666666666666,NCAA/Professional,0,1,0.5,1,0.5
14,14,Vicki Catrone,0.9720811404999999,0.0014113808999999832,1,1.0,0,0,4,0.764854272,2,1,27,United States,1,Humanities,0.6666666666666666,Club/Intramural,0,0,0.5,1,0.0
15,15,Sherika Ray,0.8904509397499999,0.8686174552,2,0.0,0,0,5,0.6930587109999999,0,1,22,United States,1,Humanities,0.6666666666666666,Club/Intramural,0,0,0.0,1,1.0
16,16,Liliana Schwarz,0.84927884125,0.7862027456999999,0,0.75,0,0,1,0.462331025,0,1,24,United States,2,Engineering,0.6666666666666666,Club/Intramural,0,0,0.5,1,1.0
17,17,Maria Macdougall,0.78261309675,0.8719263898,0,0.75,0,0,4,0.583828244,0,1,28,United States,1,Sciences,0.3333333333333333,None,0,0,0.5,1,0.0
18,18,Susann Presley,0.7601309234999999,0.28549774060000005,1,0.25,0,0,2,0.45820004799999997,4,1,25,United States,1,Humanities,0.3333333333333333,Club/Intramural,0,0,0.5,1,0.5
19,19,Cynthia Hinojos,0.84187974675,0.6042100304,1,0.75,0,0,4,0.72415233,0,1,24,United States,1,Quantitative,0.6666666666666666,None,0,0,0.0,1,1.0
20,20,Dawn Keels,0.9410824245,0.4093092529,1,1.0,0,0,3,0.284659115,0,1,23,United States,2,Quantitative,0.3333333333333333,Club/Intramural,0,0,0.5,1,0.0
21,21,Sheila Bryant,0.77229272525,0.28714804869999994,0,0.75,0,0,3,0.305708741,0,1,29,United States,0,None,0.0,None,0,0,0.5,1,0.5
22,22,Lisette Mccage,1.067698268,0.91018610193,0,0.75,0,0,1,0.32342507600000003,0,1,24,United States,1,Sciences,0.3333333333333333,None,0,0,1.0,1,0.5
23,23,Doris Cox,0.7857004997499999,0.23725311689999998,1,1.0,0,0,0,0.388000154,2,1,29,United States,1,Sciences,0.3333333333333333,None,0,0,1.0,1,0.5
24,24,Evelyn Brown,0.694629259,0.8143838581,0,0.25,0,0,3,0.541956609,0,1,23,United States,1,Humanities,0.3333333333333333,Club/Intramural,0,0,0.5,1,0.5
25,25,Jane Lechler,0.806617393,0.7985133152,0,0.25,0,0,1,0.683659235,0,1,30,United States,1,Sciences,0.6666666666666666,None,0,0,0.0,1,0.5
26,26,Olive Figueredo,0.6673977925,0.9833896751800001,0,0.5,0,0,4,0.64899142,1,1,26,United States,1,Engineering,0.3333333333333333,Club/Intramural,0,1,1.0,1,0.5
27,27,Terry Patterson,0.82855912325,0.5783060361,0,0.0,0,0,3,0.6782588559999999,0,1,24,United States,1,Humanities,0.6666666666666666,None,0,0,0.5,1,0.0
28,28,Barbara Estrada,0.77553312625,0.3148532385,1,0.5,0,0,5,-0.016508903999999998,0,1,24,United States,1,Quantitative,0.3333333333333333,None,0,0,0.5,1,0.0
29,29,Kelley Lopez,0.72304176575,0.6789781909,0,1.0,0,0,4,0.818521808,0,1,22,United States,1,Sciences,0.6666666666666666,Club/Intramural,0,0,0.5,1,1.0
30,30,Henrietta Craig,0.899384449,0.7306119828,0,0.5,0,0,3,0.7642313890000001,1,1,29,United States,1,Engineering,0.6666666666666666,None,0,0,0.0,1,0.5
31,31,Barbara Webb,0.81177592875,0.7873110826999999,1,1.0,0,0,6,0.581868772,0,1,29,Canada,1,Humanities,0.6666666666666666,NCAA/Professional,0,0,0.0,1,1.0
32,32,Kathleen Ivan,0.7104499177500001,0.92738017965,1,0.5,0,0,3,0.335903326,2,1,28,United States,1,Quantitative,0.6666666666666666,None,0,0,0.0,1,0.5
33,33,Celia Delaney,0.8688570520000001,0.8219153398,0,0.25,0,0,5,0.320075818,0,1,26,United States,1,Engineering,0.6666666666666666,None,0,0,1.0,1,1.0
34,34,Mary Neal,0.69540356925,0.7834076371,1,0.5,0,0,1,0.817566508,3,1,22,China,1,Sciences,1.0,Club/Intramural,0,0,0.5,1,0.0
35,35,Shirley Garden,0.67442597525,0.30287412160000005,0,0.5,1,0,5,0.406900837,0,1,24,United States,1,Humanities,0.6666666666666666,Club/Intramural,0,0,0.0,1,1.0
36,36,Deanna Graves,1.00266988575,0.97607236285,0,0.25,0,0,3,0.257842006,0,1,24,United States,1,Sciences,0.6666666666666666,None,1,1,0.0,1,0.5
37,37,Gloria Weber,1.01628717475,0.46552877260000003,0,1.0,0,0,4,1.102829087,0,1,33,United States,2,Humanities,0.6666666666666666,Club/Intramural,0,0,1.0,1,0.5
38,38,Mary Holding,0.9155486322499999,0.5360013922,0,0.5,0,0,4,0.607999795,0,1,31,United States,1,Engineering,1.0,NCAA/Professional,0,0,0.0,1,1.0
39,39,Karen Kerr,0.85547383925,0.08180945469999998,0,0.5,0,0,4,0.411733684,0,1,30,United States,1,Humanities,0.6666666666666666,NCAA/Professional,0,0,0.0,1,1.0
40,40,Donna Vermillion,0.80854774175,0.45596303159999996,1,1.0,1,0,4,0.327583312,0,1,33,United States,1,Sciences,0.6666666666666666,None,0,0,0.5,1,0.5
41,41,Maria Woolridge,0.8757715242499999,0.97780137218,0,0.5,0,0,4,0.660718957,0,1,25,United States,1,Humanities,0.3333333333333333,None,0,0,0.5,1,0.0
42,42,Karen John,0.8749776277500001,0.8043470981999999,0,1.0,0,0,1,0.282922428,0,1,27,United States,1,Humanities,0.6666666666666666,None,0,0,1.0,1,0.0
43,43,Catherine Terry,0.96722019975,0.8470377687999999,1,0.75,0,0,6,0.6383745439999999,0,1,27,China,2,Engineering,0.6666666666666666,None,0,0,0.0,1,0.0
44,44,Heather Kelly,0.78570587475,0.24341105729999996,0,0.0,0,1,3,-0.070517665,0,1,24,United States,1,Quantitative,0.6666666666666666,None,0,0,0.5,1,1.0
45,45,Amy Igbal,0.76233309775,0.7371903449999999,0,0.5,1,0,6,0.6196765679999999,1,1,21,United States,1,Quantitative,1.0,None,0,0,1.0,1,0.5
46,46,Jackie Reed,0.94125053875,0.314622596,0,0.75,0,0,5,-0.036028152,0,1,27,United States,2,Engineering,0.6666666666666666,Club/Intramural,0,0,0.5,1,0.5
47,47,Robin Golden,0.90594001475,0.4609260235,1,0.5,0,1,4,0.17034322100000002,4,1,24,Australia,1,Engineering,0.6666666666666666,Club/Intramural,0,0,1.0,1,0.5
48,48,Diane Hackett,0.81849356525,-0.007545842000000107,0,0.5,0,0,2,0.372475813,3,1,24,United States,1,Sciences,0.3333333333333333,None,0,0,0.5,1,1.0
49,49,Maureen Tompkins,0.926020218,0.6053454536999999,1,0.5,0,0,4,0.6671821370000001,0,1,27,United States,1,Humanities,0.6666666666666666,NCAA/Professional,0,0,0.5,1,1.0
50,50,Maria Cahill,0.8197370502500001,0.8303147281,0,0.0,0,0,3,0.29608235,0,1,21,United States,2,Engineering,0.6666666666666666,Club/Intramural,0,0,0.0,1,0.5
51,51,Deborah Jones,0.69018009525,0.07860139459999999,1,0.75,0,0,3,0.23402893800000002,0,1,32,United States,1,Sciences,0.6666666666666666,NCAA/Professional,0,0,1.0,1,1.0
52,52,Esther Phillips,0.5682648375,0.0529929396,0,0.25,0,0,2,0.39055559700000003,0,1,24,United States,1,Sciences,0.6666666666666666,Club/Intramural,0,0,0.5,1,1.0
53,53,Tonya Sterry,0.7804617792499999,0.8917028123999999,0,0.25,0,0,4,0.987069755,0,1,29,United States,1,Engineering,1.0,None,0,0,0.5,1,0.0
54,54,Amanda Roeber,0.8515374447499999,0.3639314742,2,0.5,0,0,2,0.288920491,0,1,25,United States,1,Engineering,0.3333333333333333,None,0,0,0.5,1,0.5
55,55,Tracy Sachs,0.8346103152500001,0.2713364233,1,0.0,0,0,2,0.917129338,1,1,23,United States,2,Sciences,0.6666666666666666,None,0,0,1.0,1,1.0
56,56,Gloria Hahn,0.96739085875,0.6762995125000001,0,0.5,0,1,3,0.8760430770000001,0,1,24,United States,2,Engineering,0.3333333333333333,Club/Intramural,0,0,0.0,1,0.0
57,57,Henrietta Wiggs,0.5660247485000001,0.04444595359999994,2,0.25,1,0,3,0.218064405,0,1,35,United States,1,Humanities,0.6666666666666666,NCAA/Professional,0,0,0.5,1,1.0
58,58,Karen Young,0.68072574875,0.5337931208,0,0.5,0,0,2,0.420650067,0,1,37,United States,1,Engineering,0.6666666666666666,Club/Intramural,0,0,0.5,1,1.0
59,59,Ruth Almen,0.65193840125,0.6274303058999999,1,0.25,0,0,2,0.16570326,0,1,22,United States,1,Quantitative,0.3333333333333333,None,0,0,0.0,1,0.5
60,60,Mildred Adams,0.797191092,-0.08141671599999994,1,0.5,0,0,1,0.241940817,2,1,24,China,1,Engineering,0.3333333333333333,None,0,0,0.5,1,0.0
61,61,Martha Stockwell,0.52740589075,0.6397050865,1,0.0,0,0,6,0.855921285,0,1,26,United States,1,Humanities,0.6666666666666666,None,0,0,0.0,1,1.0
62,62,Guadalupe Miller,0.84464826175,0.8236906338,1,1.0,0,0,3,0.5342723629999999,0,1,29,Australia,2,Sciences,0.6666666666666666,None,0,0,1.0,1,0.0
63,63,Dina Jacobs,0.63533650725,0.8585431864999999,1,1.0,0,0,1,1.0175116579999999,2,1,24,United States,1,Quantitative,1.0,None,0,0,0.5,1,1.0
64,64,Mary Reese,0.72494824625,0.3273740529,0,0.25,1,0,3,0.6455121620000001,0,1,24,United States,1,Humanities,0.3333333333333333,Club/Intramural,0,0,0.5,1,0.0
65,65,Eula Farris,0.9436811065,0.7498781925,0,0.0,0,0,5,0.8285506979999999,0,1,23,United States,1,Quantitative,1.0,Club/Intramural,0,0,0.0,1,1.0
66,66,Naomi Boteilho,0.85097190375,0.6739262214,1,0.75,0,0,4,0.230977579,0,1,30,United States,1,Sciences,0.6666666666666666,None,0,0,0.5,1,0.5
67,67,Jeanette Dupre,0.8665082152500001,0.7771833483,0,0.5,0,0,1,0.675194558,2,1,28,United States,1,Humanities,0.6666666666666666,Club/Intramural,0,0,0.5,1,0.5
68,68,Sharon Allison,0.89319799875,0.6647974879,0,0.0,0,0,4,0.11655948699999999,0,1,28,United States,2,Quantitative,0.3333333333333333,None,0,0,0.0,1,0.0
69,69,Janis Frazier,0.8766059782500001,0.28701701920000006,1,0.0,1,0,3,0.74763328,0,1,31,United States,2,Humanities,0.6666666666666666,Club/Intramural,0,0,0.5,1,0.5
70,70,Phoebe Snyder,0.8533868859999999,0.95938449306,2,0.75,0,0,6,0.7248685140000001,0,1,25,India,1,Quantitative,0.6666666666666666,None,0,0,0.0,1,1.0
71,71,Tracy Pool,0.6467500665,0.14554272389999995,0,1.0,0,0,1,0.6111012610000001,0,1,29,United States,1,Engineering,1.0,None,0,0,0.5,1,0.0
72,72,Susan Rogers,0.8378344434999999,0.7923018637,0,0.25,0,1,6,0.17228914399999998,1,1,21,United States,1,Quantitative,1.0,NCAA/Professional,0,0,1.0,1,0.5
73,73,Cheryl Vallejo,0.69854674775,0.9850704443399999,0,0.75,1,0,5,0.235930812,0,1,24,United States,2,Sciences,0.6666666666666666,Club/Intramural,0,1,0.0,1,0.5
74,74,Lori Neal,0.79511189875,0.5909969321999999,1,0.75,0,0,5,0.845885131,0,1,30,United States,2,Engineering,0.6666666666666666,Club/Intramural,0,0,1.0,1,0.0
75,75,Lucille Ivey,0.71509255875,0.93827476063,0,1.0,1,0,0,0.703056065,3,1,22,India,1,Humanities,0.6666666666666666,None,0,0,0.5,1,1.0
76,76,Courtney Wilson,1.0651828327500001,0.40864711249999996,1,0.0,0,0,3,0.18543164199999998,0,1,28,United States,1,Engineering,0.3333333333333333,None,0,0,0.5,1,0.0
77,77,Carol Unga,0.615394197,0.8092762594999999,0,1.0,0,0,6,-0.0075796480000000005,0,1,30,United States,2,Quantitative,0.6666666666666666,Club/Intramural,0,0,1.0,1,0.5
78,78,Pamela Fletcher,0.77738080925,0.5819594263,0,0.75,0,0,3,0.305352477,0,1,35,United States,1,Sciences,0.6666666666666666,None,0,0,0.0,1,1.0
79,79,Jennifer Hoban,0.953576255,0.5847961049,0,0.25,0,0,1,0.662388165,0,1,37,United States,1,Quantitative,0.6666666666666666,None,1,1,0.0,1,0.0
80,80,Tara Smith,0.95137616875,0.10506061310000007,2,0.0,0,0,5,0.7050187990000001,0,1,37,United States,1,Engineering,0.6666666666666666,NCAA/Professional,0,0,0.5,1,0.5
81,81,Judy Constance,0.8818183257500001,0.6288495842999999,0,0.0,0,0,1,0.487195018,2,1,24,United States,1,Quantitative,0.3333333333333333,None,0,0,0.5,1,0.0
82,82,Christine Gump,0.7671304225,0.7263737739,0,0.5,0,0,5,1.070611426,0,1,28,United States,1,Sciences,0.6666666666666666,None,0,0,1.0,1,0.0
83,83,Sherry Charpentier,0.83686057925,0.35321100220000007,1,0.75,0,1,5,0.17191926600000002,1,1,31,United States,1,Quantitative,1.0,None,0,0,1.0,1,1.0
84,84,Karen Owen,0.90709423,0.14281227799999996,0,0.25,0,0,2,0.40281793299999996,0,1,28,United States,1,Sciences,0.6666666666666666,Club/Intramural,0,0,0.0,1,0.0
85,85,Sarah Picard,0.793912902,0.5616830885,0,1.0,0,0,2,0.7651657409999999,0,1,26,United States,1,Humanities,0.6666666666666666,Club/Intramural,0,0,1.0,1,0.5
86,86,Kim Reinmann,0.68095318375,0.708679584,1,0.25,0,0,2,0.494585905,1,1,21,United States,1,Engineering,0.6666666666666666,NCAA/Professional,0,0,0.5,1,0.0
87,87,Sharon Orr,0.9600143240000001,0.6490051768,1,0.75,0,0,1,0.332056865,0,1,31,United States,1,Quantitative,0.6666666666666666,Club/Intramural,0,1,1.0,1,0.0
88,88,Virginia Cox,0.73258023775,-0.13137587299999992,0,0.5,0,0,5,0.8963003709999999,0,1,26,United States,0,None,0.0,None,0,0,0.0,1,0.0
89,89,Roxanna Lewis,0.72551383525,0.9959883444800001,2,0.5,0,0,2,0.729784402,0,1,28,United States,1,Engineering,0.3333333333333333,None,0,0,0.5,1,0.0
90,90,Kimberly Joseph,0.6572477255,0.9166333318700001,0,0.25,0,0,3,0.502283013,0,1,27,United States,1,Engineering,0.6666666666666666,NCAA/Professional,0,0,0.5,1,0.0
91,91,Debbie Andrews,0.8172407642499999,0.28068360620000005,0,0.25,0,0,3,0.181949778,0,1,31,United States,1,Engineering,0.6666666666666666,Club/Intramural,0,0,1.0,1,0.5
92,92,Evangelina Zukof,0.6714781507500001,0.7557081884,1,0.5,0,0,4,0.265024123,3,1,24,Mexico,1,Sciences,0.3333333333333333,NCAA/Professional,0,0,0.0,1,0.0
93,93,Carissa Schmidt,0.7070664465000001,0.7602013475,0,0.5,0,1,6,0.745267687,0,1,24,United States,1,Humanities,0.6666666666666666,None,0,0,1.0,1,1.0
94,94,Gladys Danna,0.6643591455,0.6399719068,0,0.75,0,0,3,0.426655819,2,1,28,United States,1,Quantitative,0.3333333333333333,None,0,0,1.0,1,0.0
95,95,Shelley Aguilar,0.82376705875,0.6364228880999999,0,1.0,0,0,3,0.698600309,0,1,26,United States,0,None,0.0,None,0,0,0.5,1,0.5
96,96,Inez Mason,0.84129774025,0.581483254,2,0.0,0,0,6,0.602948735,0,1,22,United States,1,Sciences,1.0,Club/Intramural,0,0,0.5,1,0.5
97,97,Regina Voller,0.695624644,0.8405197536,0,0.5,0,0,5,0.393059063,0,1,25,United States,1,Quantitative,0.6666666666666666,None,0,0,0.5,1,1.0
98,98,Oleta Fulenwider,0.607507936,0.02486876339999995,1,0.5,0,0,2,0.648365691,0,1,25,United States,1,Engineering,0.6666666666666666,Club/Intramural,0,0,1.0,1,1.0
99,99,Lana Hernandez,0.9903055820000001,0.8068477378,0,0.75,1,0,4,0.735149287,0,1,22,United States,1,Humanities,0.3333333333333333,None,0,0,0.0,1,0.5
100,100,Megan Laffoon,0.6444487035,0.061124050100000035,0,0.75,0,0,1,0.529061366,0,1,22,United States,1,Humanities,0.6666666666666666,None,0,1,0.0,1,0.0
101,101,Kelly Gaddis,0.7967337247499999,-0.19811171000000002,0,0.5,0,0,3,1.03334343,0,1,23,United States,1,Quantitative,0.3333333333333333,Club/Intramural,0,0,0.0,1,0.0
102,102,Kelley Rottenberg,0.967090717,0.5321720105,1,0.0,0,0,3,0.336369323,0,1,28,India,1,Quantitative,0.3333333333333333,Club/Intramural,0,0,0.5,1,0.5
103,103,Mildred Wilson,0.8266176740000001,0.6448521366,0,0.75,0,0,1,0.142290728,0,1,33,United States,1,Sciences,1.0,NCAA/Professional,0,0,0.5,1,0.0
104,104,Linda Kramer,0.664300867,0.3878870304,0,0.25,0,0,2,0.780176654,0,1,24,United States,1,Quantitative,0.3333333333333333,Club/Intramural,0,0,1.0,1,1.0
105,105,Catherine Minnerly,0.64066021475,0.48022396729999994,0,0.25,0,0,2,0.746206337,0,1,30,United States,1,Quantitative,0.6666666666666666,Club/Intramural,0,0,1.0,1,0.5
106,106,Georgia Guzman,0.8699144707500001,0.3755478942,1,0.0,0,0,3,0.128199062,0,1,31,United States,1,Sciences,0.3333333333333333,Club/Intramural,1,1,1.0,1,1.0
107,107,Casandra Bush,0.75031217525,-0.10376312499999997,0,0.5,1,0,4,0.333567312,0,1,25,United States,1,Sciences,0.6666666666666666,Club/Intramural,0,0,1.0,1,0.0
108,108,Deborah Ley,0.77031710925,0.7411721249,1,0.0,0,0,5,0.860876112,0,1,29,United States,1,Humanities,0.6666666666666666,Club/Intramural,0,0,1.0,1,0.0
109,109,Summer Brady,0.833915066,0.5847927424,0,1.0,0,0,1,0.6194979270000001,0,1,25,United States,2,Engineering,0.6666666666666666,Club/Intramural,0,0,0.0,1,0.5
110,110,Pauline Judd,0.81385607275,0.8802894671999999,0,0.25,0,0,1,0.7824331529999999,0,1,23,United States,1,Sciences,0.3333333333333333,None,0,0,0.0,1,1.0
111,111,Peggy Roach,0.8887939125,0.2666967404,1,0.25,0,0,2,0.262374117,0,1,26,United States,2,Sciences,0.6666666666666666,None,0,0,0.5,1,1.0
112,112,Kelly Duval,0.71450289125,0.98025904372,0,1.0,0,0,3,0.333411938,1,1,26,United States,1,Quantitative,0.3333333333333333,None,0,0,0.5,1,1.0
113,113,Delores Gullatte,0.8523102547499999,-0.01707290299999997,0,0.75,0,0,3,0.366568666,0,1,32,United States,1,Sciences,0.6666666666666666,None,0,0,0.5,1,1.0
114,114,Patricia Soto,0.66612763725,0.4768365782,1,1.0,0,0,1,0.71549512,0,1,25,United States,1,Humanities,0.6666666666666666,None,0,0,0.5,1,1.0
115,115,Shirley Black,0.79849865425,-0.19557605000000008,0,0.0,1,0,2,0.291854245,0,1,22,United States,1,Humanities,1.0,None,0,0,0.0,1,0.0
116,116,Bobbie Walker,0.77916803025,0.5005441826,0,0.75,0,0,6,0.514913567,0,1,25,United States,1,Engineering,0.6666666666666666,None,0,0,1.0,1,1.0
117,117,Helen Adams,0.7604272805,0.5366651836999999,0,0.5,0,1,2,0.28100320300000003,4,1,29,United States,1,Engineering,0.6666666666666666,None,0,0,0.0,1,1.0
118,118,Shannon Yeater,1.01203851425,0.96991375081,0,0.5,0,0,1,0.565285808,2,1,26,United States,1,Quantitative,1.0,Club/Intramural,0,0,1.0,1,1.0
119,119,Patricia Palomares,0.8626240625,0.91643784153,0,0.75,0,0,3,0.34576056299999997,0,1,23,China,1,Engineering,0.6666666666666666,None,0,0,0.5,1,0.0
120,120,Shirley Soliz,0.8251619465000001,0.5553234356,1,0.75,0,0,2,0.653496944,0,1,24,India,1,Humanities,0.6666666666666666,None,0,0,1.0,1,0.5
121,121,Marie Mendoza,0.876599116,0.41755794020000003,1,0.25,0,0,3,1.051112029,0,1,22,United States,1,Humanities,1.0,None,0,0,0.5,1,0.5
122,122,Molly Brickell,0.878719969,0.8647729579,0,1.0,0,1,3,0.244911937,0,1,29,United States,1,Humanities,1.0,NCAA/Professional,0,0,0.5,1,1.0
123,123,Jamie Boggs,0.77041208775,0.6293696572,1,0.25,0,0,4,0.195959296,0,1,22,United States,1,Humanities,0.3333333333333333,None,0,0,0.5,1,0.0
124,124,Regina Longe,0.89961829325,0.7790131993,2,0.25,0,0,4,0.263307415,0,1,22,United States,1,Quantitative,1.0,Club/Intramural,0,0,0.0,1,0.0
125,125,Nanette Duran,0.92695702725,0.17210414869999993,1,0.5,0,0,1,0.266458063,0,1,34,United States,2,Sciences,0.3333333333333333,None,0,0,0.5,1,0.5
126,126,Brandy Francis,0.7552674884999999,0.06151275999999996,1,0.75,0,0,1,0.197860015,2,1,27,United States,1,Quantitative,0.6666666666666666,Club/Intramural,0,0,0.0,1,0.5
127,127,Joyce Phillips,1.0149487584999999,0.8086029268999999,1,0.5,0,0,2,0.64452378,0,1,30,United States,1,Humanities,0.6666666666666666,Club/Intramural,0,0,0.0,1,0.0
128,128,Theresa Heilig,0.8050833890000001,0.4226836969,0,1.0,0,0,2,0.167627605,3,1,25,China,2,Engineering,0.6666666666666666,None,0,0,0.0,1,0.0
129,129,Amy Atwell,0.7937776315,0.8625509447,1,0.75,0,0,1,0.574519669,0,1,23,United States,1,Humanities,0.6666666666666666,None,0,0,0.0,1,0.5
130,130,Brenda Collins,0.6455267475,0.6658662564,1,1.0,0,0,5,0.67336611,3,1,28,United States,1,Engineering,1.0,None,0,0,0.5,1,0.5
131,131,Beverly Lyon,0.72213150725,0.6544856679,1,1.0,0,0,4,0.554462551,0,1,24,United States,2,Engineering,0.3333333333333333,Club/Intramural,1,1,1.0,1,0.0
132,132,Debra Fagan,0.727214143,0.6865550519,1,0.0,0,0,1,0.43050012,0,1,29,China,1,Humanities,0.3333333333333333,NCAA/Professional,0,0,0.5,1,0.0
133,133,Dawn Csaszar,0.97368413125,0.6496575948000001,0,0.5,0,0,3,0.5493703679999999,0,1,27,United States,1,Sciences,0.6666666666666666,Club/Intramural,0,0,0.0,1,0.0
134,134,Ruth Bass,0.99565780925,0.9871717691899999,1,0.0,0,0,2,0.471760099,0,1,33,United States,0,None,0.0,None,0,0,0.5,1,0.5
135,135,Diana Hook,0.84937111225,0.6489709255,0,0.25,0,0,5,0.090528039,0,1,31,United States,2,Engineering,0.6666666666666666,NCAA/Professional,0,0,1.0,1,0.0
136,136,Dorothy Youree,0.7317942845000001,0.8004707981999999,2,0.0,0,0,2,0.21375563600000003,2,1,24,United States,1,Quantitative,0.6666666666666666,Club/Intramural,0,0,0.5,1,1.0
137,137,Judith Smith,0.86140444875,0.7733969898,1,0.75,0,0,0,0.5191782420000001,0,1,24,United States,0,None,0.0,None,0,0,0.0,1,0.5
138,138,Madeleine Brown,0.49747869075,0.6522431876,1,0.75,0,0,3,0.7133202,0,1,24,United States,1,Sciences,0.6666666666666666,NCAA/Professional,0,0,0.5,1,1.0
139,139,Latosha Woods,0.8757263327500001,0.8655871377,1,0.5,0,0,2,0.36380393299999997,1,1,27,United States,1,Quantitative,0.3333333333333333,None,0,0,1.0,1,0.5
140,140,Joyce Irvin,0.7027273875,0.7847156012,1,0.25,0,0,5,0.228769098,2,1,21,United States,2,Engineering,0.3333333333333333,Club/Intramural,0,0,1.0,1,1.0
141,141,Janet Wisman,1.0176360070000001,0.6718448512,2,0.75,0,0,0,0.283629236,0,1,25,United States,1,Engineering,0.6666666666666666,Club/Intramural,0,0,0.5,1,0.5
142,142,Micaela Cox,0.72320344275,0.90930206663,0,0.75,0,0,5,0.672331308,0,1,33,United States,1,Sciences,0.3333333333333333,None,0,0,1.0,1,0.0
143,143,Rosa Anderson,0.88677807325,0.5190990096,1,0.25,0,0,3,0.348671035,3,1,29,United States,2,Humanities,0.6666666666666666,Club/Intramural,0,0,0.5,1,1.0
144,144,Renea Rankin,0.79374552125,0.18661800069999998,2,0.75,0,0,5,0.622995665,0,1,23,Canada,1,Quantitative,0.6666666666666666,Club/Intramural,0,0,1.0,1,0.0
145,145,Olga Kelley,0.7075720735,0.92439754954,0,1.0,0,0,4,0.6806387709999999,0,1,28,United States,2,Humanities,1.0,Club/Intramural,0,0,0.5,1,0.0
146,146,Janice Klein,0.80927291225,0.4277491070000001,1,0.5,0,0,3,0.58709662,0,1,24,India,1,Engineering,0.3333333333333333,None,0,0,0.0,1,0.0
147,147,Patricia Via,0.83884368825,0.28050197159999996,1,0.75,0,0,3,0.536662979,3,1,24,United States,1,Quantitative,1.0,Club/Intramural,0,0,1.0,1,0.0
148,148,Delphine Mcwhorter,0.64735960125,0.97495304671,1,0.25,0,0,2,0.432107332,0,1,31,United States,2,Engineering,0.6666666666666666,Club/Intramural,0,0,0.5,1,1.0
149,149,Melinda Hodges,0.99516614,0.5993813321,1,0.0,0,0,3,0.422883377,0,1,29,United States,2,Humanities,0.3333333333333333,None,0,0,0.0,1,0.5
150,150,Mandy Jones,0.65556372975,0.3960763437,0,0.25,0,0,0,0.45855075,0,1,28,United States,1,Humanities,0.3333333333333333,None,1,0,0.5,1,0.0
151,151,Janice Baker,0.97370224125,0.4370558810000001,0,0.25,0,0,4,0.505056353,1,1,32,United States,2,Humanities,0.3333333333333333,None,0,0,0.5,1,0.5
152,152,Anne Lucas,0.8940952315,0.6299672527,1,1.0,0,0,0,0.163036736,3,1,23,United States,1,Engineering,1.0,None,0,0,1.0,1,0.5
153,153,Melissa Lymon,0.7004018084999999,-0.027074219,2,0.75,0,0,2,0.753813575,1,1,25,China,1,Humanities,0.3333333333333333,None,0,0,0.0,1,1.0
154,154,Helen Hutton,0.658023316,0.07547217709999998,1,0.25,0,0,1,0.498752325,0,1,25,United States,1,Engineering,0.3333333333333333,None,0,0,0.5,1,0.0
155,155,Ethel Butler,0.74746150125,0.95007489452,0,0.5,0,0,4,0.8385660070000001,1,1,31,United States,1,Engineering,0.6666666666666666,None,0,0,0.0,1,0.5
156,156,Morgan Guzman,0.91179200625,0.97817507329,0,0.25,0,0,4,0.590565635,0,1,25,United States,1,Sciences,0.6666666666666666,Club/Intramural,0,0,0.5,1,1.0
157,157,Kristin Bowker,0.8755332095,0.4472309711,0,0.0,0,0,3,0.143201851,0,1,23,United States,1,Sciences,0.3333333333333333,Club/Intramural,0,0,0.5,1,0.0
158,158,Karen Miller,0.75060956225,0.5379130787999999,1,1.0,0,0,5,0.48786802100000004,0,1,28,United States,2,Quantitative,0.6666666666666666,None,0,0,0.0,1,0.0
159,159,Nicola Lane,0.90383544325,0.47870048600000004,0,0.5,0,0,1,0.619832123,0,1,28,United States,1,Engineering,0.6666666666666666,None,0,0,0.5,1,0.0
160,160,Hazel Anderson,0.716683686,0.5973908347,1,0.0,1,0,1,0.7162340979999999,0,1,30,United States,1,Engineering,0.3333333333333333,Club/Intramural,0,0,0.0,1,0.0
161,161,Yvette Lawson,0.7733294615,0.4632892466,0,0.0,0,0,3,0.688061238,4,1,29,China,1,Quantitative,0.6666666666666666,Club/Intramural,0,0,0.0,1,1.0
162,162,Elsie Ibanez,0.62336517,0.45375884739999994,0,0.25,0,0,6,0.488682461,0,1,22,United States,1,Humanities,1.0,None,0,0,0.0,1,0.0
163,163,Jennifer Stewart,0.6952820125,0.8236536764,0,1.0,1,0,5,0.866141005,3,1,27,United States,1,Engineering,0.6666666666666666,None,0,0,0.5,1,0.5
164,164,Marilyn Mccloy,0.69081998475,0.7976027482000001,0,0.5,0,0,3,0.362648204,1,1,23,United States,1,Sciences,1.0,None,0,0,1.0,1,0.0
165,165,Inez Pugh,0.5601195375,0.8140276983,1,0.0,0,0,4,0.7219285529999999,0,1,25,United States,1,Quantitative,0.3333333333333333,Club/Intramural,0,0,0.5,1,0.0
166,166,Patricia Jelinek,0.70784639325,0.4721346616,1,0.25,0,0,4,0.64973681,0,1,27,United States,1,Humanities,0.3333333333333333,None,0,0,0.0,1,0.0
167,167,Suzanne Phillips,0.946797765,0.7576374056999999,1,0.5,1,1,3,0.5364707470000001,2,1,22,United States,2,Quantitative,0.3333333333333333,None,0,0,0.5,1,1.0
168,168,Maurita Prestridge,0.7785578734999999,0.822889885,0,1.0,0,0,1,0.605801403,0,1,21,United States,2,Quantitative,0.3333333333333333,None,0,0,0.5,1,1.0
169,169,Earnestine Marini,0.9163632925,0.2598982862,1,1.0,0,0,1,0.36187621,0,1,28,United States,1,Sciences,0.3333333333333333,None,1,0,0.0,1,1.0
170,170,Lisa Shaner,0.77537980575,0.2851028570000001,2,0.5,0,0,4,0.735128538,3,1,29,Mexico,1,Engineering,0.6666666666666666,None,0,0,0.5,1,0.5
171,171,Christina Roberts,0.9458289517499999,0.8745214633,1,0.25,0,0,5,0.348182913,0,1,30,United States,1,Humanities,0.6666666666666666,None,0,0,0.0,1,1.0
172,172,Kum Milone,0.6245142582500001,0.99429724263,1,0.0,0,0,1,0.49679594899999996,0,1,29,United States,1,Humanities,0.3333333333333333,Club/Intramural,0,0,0.5,1,0.5
173,173,Melanie Seibel,0.9044367240000001,0.98197387765,1,0.5,0,0,2,0.515706574,3,1,29,United States,1,Humanities,0.3333333333333333,Club/Intramural,0,0,0.5,1,0.5
174,174,Shawna Jackson,0.7849474304999999,0.6407254109,1,0.5,0,0,3,0.324063447,0,1,28,United States,1,Humanities,0.6666666666666666,None,0,0,0.5,1,1.0
175,175,Sarah Johnson,0.7814720375,0.9902001130799999,1,0.0,0,0,4,0.608489155,0,1,26,United States,1,Engineering,1.0,Club/Intramural,0,0,0.0,1,0.0
176,176,Kathlene Carner,1.01584941475,0.6663901655000001,0,0.5,0,0,4,0.492055378,3,1,28,United States,1,Humanities,0.6666666666666666,Club/Intramural,0,0,1.0,1,0.5
177,177,Clarissa Garcia,0.8073018190000001,0.13229787450000002,0,0.75,0,0,4,0.099218106,2,1,29,United States,1,Quantitative,0.3333333333333333,NCAA/Professional,0,0,0.5,1,0.5
178,178,Penny Rose,0.897443133,0.7058475744,0,0.5,0,0,5,0.615224456,0,1,28,United States,1,Quantitative,0.3333333333333333,None,0,0,0.5,1,0.5
179,179,Rosemarie Baker,0.9084003752500001,0.8397573744,2,0.75,0,0,3,0.524161525,0,1,23,Canada,2,Humanities,0.6666666666666666,Club/Intramural,0,0,0.5,1,1.0
180,180,Brenda Sur,0.920596393,0.8243829377999999,1,0.0,0,0,2,0.512238894,4,1,23,United States,1,Engineering,0.6666666666666666,None,0,0,0.5,1,0.0
181,181,Evelyn Water,0.7307678615000001,0.5172678969,1,0.5,0,0,3,0.786270276,2,1,36,United States,2,Sciences,0.6666666666666666,None,0,0,0.5,1,1.0
182,182,June Isbell,0.8902081565000001,0.6739234479000001,2,1.0,0,0,4,0.287548641,0,1,32,Mexico,1,Sciences,0.3333333333333333,None,0,0,1.0,1,1.0
183,183,Maria Bevan,0.83973361625,0.7328112275,0,0.0,1,0,2,0.390323663,0,1,29,United States,1,Quantitative,0.6666666666666666,Club/Intramural,1,1,0.0,1,1.0
184,184,Brenda Parton,0.52260711125,0.6018835614,0,0.25,0,0,4,0.733011497,4,1,28,United States,1,Humanities,0.6666666666666666,Club/Intramural,0,0,1.0,1,0.0
185,185,Julie Morales,0.9195479797499999,0.5834892133,0,0.5,1,0,1,0.41893012,2,1,31,United States,1,Engineering,0.6666666666666666,Club/Intramural,1,1,0.5,1,0.5
186,186,Rose Cardone,0.5658130965,0.5103587767,0,1.0,0,0,2,0.595182622,0,1,29,United States,1,Humanities,0.6666666666666666,Club/Intramural,0,0,0.0,1,0.5
187,187,Barbara Lopez,0.8428832500000001,0.8600297609,1,0.25,0,0,1,0.38498154700000004,0,1,34,United States,1,Sciences,0.3333333333333333,Club/Intramural,0,0,1.0,1,0.5
188,188,Melissa Fields,0.71334828425,0.14301679109999996,1,0.0,0,0,4,0.793074475,0,1,27,Canada,1,Humanities,1.0,None,0,0,0.5,1,0.5
189,189,Judith Luna,0.7282913892499999,0.1698377239,0,0.0,0,0,3,0.5495404979999999,1,1,21,United States,1,Engineering,0.6666666666666666,Club/Intramural,0,0,1.0,1,0.5
190,190,Verna Bottom,0.48833700775,0.6384651645999999,0,0.25,0,0,4,0.8861061579999999,0,1,32,United States,1,Quantitative,0.6666666666666666,None,0,0,0.0,1,1.0
191,191,Andrea Robles,1.059743446,0.9015432442300001,0,1.0,0,0,3,0.552008134,3,1,29,United States,1,Quantitative,0.6666666666666666,None,0,0,0.0,1,0.0
192,192,Laura Brown,0.8957926475,0.5477486042999999,0,1.0,0,0,4,0.713596392,0,1,30,United States,0,None,0.0,None,0,0,0.5,1,0.0
193,193,Nancy Gump,0.60075480075,0.7135284999,0,1.0,0,0,2,0.400162229,0,1,24,United States,1,Humanities,0.6666666666666666,Club/Intramural,0,0,1.0,1,0.5
194,194,Jesica Pastian,0.62812476075,0.9105962170899999,1,0.5,0,0,5,0.650265103,0,1,31,United States,0,None,0.0,None,0,0,0.5,1,1.0
195,195,Valerie Denis,0.93581624325,0.7370857307,2,1.0,0,0,3,0.31184718300000003,0,1,35,China,2,Humanities,1.0,None,0,0,1.0,1,1.0
196,196,Tasha Tannenbaum,0.7187933154999999,0.2074853428,0,0.5,0,0,2,0.800870018,0,1,26,United States,1,Humanities,1.0,None,0,0,1.0,1,1.0
197,197,Angela Cornett,0.6589050307500001,0.9992928645000001,1,1.0,0,0,3,0.186551215,2,1,27,United States,1,Engineering,0.6666666666666666,None,0,0,0.5,1,0.5
198,198,Betty Perez,0.69634781925,0.6718245017000001,1,0.75,0,0,2,0.382985412,0,1,21,Australia,1,Quantitative,0.6666666666666666,None,0,0,1.0,1,1.0
199,199,Sherri Swope,0.7748354372499999,0.7105619229,2,0.0,0,0,1,0.334051175,0,1,26,United States,1,Engineering,0.3333333333333333,Club/Intramural,0,0,0.5,1,1.0
200,200,Michael Feria,0.6275538505,0.08845355400000003,1,1.0,0,0,3,0.324741418,1,0,31,United States,1,Humanities,1.0,Club/Intramural,0,0,0.5,1,1.0
201,201,Kurt Deoliveira,0.7246212725,0.6484587888,2,0.5,0,0,2,0.74281202,0,0,31,United States,1,Engineering,0.6666666666666666,None,0,0,1.0,1,0.5
202,202,Harvey Hunter,0.8189034527500001,0.302490839,2,0.25,0,0,2,0.7588944320000001,0,0,32,United States,1,Quantitative,0.3333333333333333,None,0,0,0.5,1,0.5
203,203,Aron George,0.67960766625,0.8674908315000001,0,0.25,0,0,2,0.25119022399999996,3,0,29,United States,2,Quantitative,0.6666666666666666,None,0,0,0.0,1,0.0
204,204,Robert Henderson,0.88311059625,0.4753158965,1,0.75,0,0,3,0.40164506899999997,0,0,28,Canada,1,Humanities,0.6666666666666666,NCAA/Professional,0,0,0.5,1,0.5
205,205,Jeffrey Challender,1.02387978175,0.98632548935,2,0.5,0,0,3,0.47657609700000003,0,0,32,Mexico,1,Sciences,1.0,Club/Intramural,0,0,0.0,1,0.5
206,206,William Hershenson,0.9669738040000001,0.8245132466,2,1.0,0,0,2,0.649267798,0,0,23,Canada,1,Engineering,0.3333333333333333,NCAA/Professional,0,0,0.5,1,1.0
207,207,Christopher Burcham,0.8292301105,0.7059774659,1,1.0,0,0,2,0.712706506,4,0,27,United States,0,None,0.0,None,0,0,1.0,1,1.0
208,208,Andre White,0.81152179725,0.9220046188300001,1,0.0,0,1,4,0.972468041,0,0,34,Mexico,2,Sciences,0.6666666666666666,None,0,0,0.5,1,1.0
209,209,Marshall Johnson,0.667179993,0.5328437913999999,2,0.5,0,0,5,0.745022897,0,0,28,United States,2,Engineering,0.6666666666666666,None,0,0,0.5,1,0.5
210,210,Lester Morrow,0.813019325,0.6925506007,2,0.75,0,0,4,0.715771547,4,0,27,United States,1,Quantitative,0.3333333333333333,NCAA/Professional,0,0,1.0,1,0.0
211,211,Donald Stanford,0.8563442977500001,0.9549498895499999,2,0.5,0,0,4,0.558270178,0,0,29,United States,1,Sciences,0.6666666666666666,Club/Intramural,0,0,1.0,1,0.5
212,212,Danny Gugler,0.70235443175,0.6817690173,0,1.0,0,1,2,0.9590936640000001,0,0,23,United States,2,Quantitative,0.3333333333333333,Club/Intramural,0,0,0.0,1,1.0
213,213,Gary Enochs,0.7820369195,0.5884273362,1,1.0,0,0,5,0.896835803,2,0,37,United States,1,Engineering,0.6666666666666666,None,0,0,0.0,1,0.5
214,214,David Smith,1.0217765915,0.8408107105,1,1.0,0,0,5,0.390356573,1,0,23,United States,2,Humanities,0.6666666666666666,Club/Intramural,0,0,0.5,1,0.5
215,215,John Nixon,0.9481056157500001,0.6688821949,0,0.25,0,0,5,0.32312497,0,0,33,Canada,2,Engineering,1.0,None,0,0,0.5,1,0.0
216,216,Stephen Cooksey,0.9923574155,0.21512383220000003,2,0.25,0,0,2,0.6321480039999999,1,0,22,United States,1,Quantitative,1.0,NCAA/Professional,0,0,0.5,1,0.0
217,217,Charles Lewis,0.856355767,0.8457339587999999,0,0.25,0,0,3,0.666920663,0,0,26,United States,1,Engineering,0.6666666666666666,None,0,0,0.5,1,1.0
218,218,Francis Walker,0.819981759,0.8126679644000001,1,0.5,1,0,2,0.262860277,0,0,31,United States,1,Sciences,0.6666666666666666,Club/Intramural,1,1,0.5,1,0.0
219,219,Craig Martinez,0.893869586,0.27524850349999996,1,0.5,0,0,3,0.620635216,2,0,28,India,1,Quantitative,0.3333333333333333,None,0,0,0.0,1,1.0
220,220,Richard Bush,0.7979836475,-0.04779691700000001,1,0.75,0,0,0,0.639546921,0,0,23,United States,1,Engineering,0.6666666666666666,NCAA/Professional,0,0,1.0,1,0.5
221,221,Jose Swinney,0.6761329502500001,0.7692536634,1,0.5,1,0,3,0.428015796,2,0,32,United States,1,Sciences,0.3333333333333333,NCAA/Professional,0,0,0.5,1,0.5
222,222,James Boggess,0.8548587205,0.26292583410000003,2,0.75,1,0,3,0.27544628600000004,0,0,25,India,1,Quantitative,0.6666666666666666,None,0,0,0.0,1,1.0
223,223,Michael Cohen,0.7783287605,0.6617775035,2,0.75,0,0,3,0.7147790820000001,2,0,27,United States,2,Quantitative,1.0,Club/Intramural,0,0,0.0,1,0.5
224,224,Ulysses Copas,1.0029276635,0.5094782873,1,0.25,0,0,4,0.8974921090000001,0,0,28,China,1,Engineering,0.3333333333333333,None,0,0,0.0,1,1.0
225,225,David Reed,0.74804058375,0.4653240094,1,0.25,0,1,2,0.440929987,0,0,24,United States,1,Engineering,0.6666666666666666,None,0,0,0.5,1,0.0
226,226,Joseph Luthy,0.93831745625,0.8250336889000001,0,0.0,0,0,3,0.561705978,0,0,28,China,1,Sciences,0.6666666666666666,None,1,1,0.0,1,0.0
227,227,James Godwin,0.83962926425,0.5417417011,2,0.5,0,0,2,0.10117426199999999,0,0,22,Australia,2,Quantitative,0.3333333333333333,NCAA/Professional,0,0,0.0,1,0.0
228,228,William Mcbryde,0.7969843525,0.4978502036,2,0.0,0,0,4,0.48433798,0,0,25,Canada,2,Engineering,1.0,Club/Intramural,0,0,0.5,1,0.0
229,229,Mark Childs,0.9609630355,0.4939636231,1,1.0,1,0,3,0.438924803,0,0,25,United States,1,Sciences,0.6666666666666666,None,0,0,0.5,1,0.0
230,230,Paul Forbes,0.698286915,0.8333639234,1,0.5,0,0,1,0.549548965,0,0,26,United States,2,Humanities,0.3333333333333333,None,1,1,0.5,1,1.0
231,231,Warren Ray,0.96003713875,0.7236887634999999,1,0.75,1,0,3,0.65240999,0,0,24,United States,1,Humanities,0.3333333333333333,None,0,0,1.0,1,0.0
232,232,Michael Booker,0.84865824675,0.6204087047,2,0.75,0,0,2,0.742245122,0,0,26,United States,2,Sciences,1.0,Club/Intramural,0,0,0.5,1,0.0
233,233,Oscar Jenkins,0.9931465242499999,0.2057077013,1,1.0,0,0,2,0.26028941899999997,0,0,22,United States,2,Engineering,0.6666666666666666,Club/Intramural,0,0,0.5,1,0.0
234,234,Stewart Brown,0.84044851625,0.8275825841,1,0.25,0,0,3,0.573886185,0,0,21,United States,1,Engineering,0.6666666666666666,NCAA/Professional,0,0,0.5,1,0.5
235,235,Fidel Omoyosi,0.7987169434999999,0.631683805,0,0.0,0,0,2,0.798493036,0,0,24,United States,1,Humanities,1.0,NCAA/Professional,0,0,0.5,1,1.0
236,236,Frank Karow,0.8945635845000001,0.6798512124999999,2,0.75,1,0,5,0.205887266,3,0,35,United States,1,Sciences,0.6666666666666666,None,0,0,0.5,1,1.0
237,237,Randall Phillips,0.79701769225,0.2381746803,1,0.75,0,0,3,0.5773265879999999,0,0,35,United States,1,Sciences,0.6666666666666666,None,0,0,0.5,1,1.0
238,238,Robert Marks,0.71651647875,0.8658121864999999,2,0.5,0,0,4,0.358496196,0,0,24,Canada,1,Sciences,1.0,None,0,0,0.0,1,1.0
239,239,Rick Cultice,0.73313436575,0.90513615539,0,0.25,0,0,5,0.651020577,0,0,30,United States,2,Quantitative,1.0,None,0,0,0.5,1,0.5
240,240,Dennis Bazan,1.01026580825,0.9132190595299999,0,0.5,0,0,1,0.343379944,4,0,31,United States,2,Sciences,0.3333333333333333,None,0,0,0.5,1,0.0
241,241,George Wright,1.0317245240000001,0.5184561122,0,0.5,0,0,5,0.619716845,0,0,26,India,1,Sciences,1.0,Club/Intramural,0,0,0.5,1,1.0
242,242,Earl Sauls,0.6393645925,0.7133524066,1,1.0,0,0,2,0.15988812800000002,4,0,27,United States,1,Humanities,0.6666666666666666,None,0,0,0.0,1,0.5
243,243,David Larson,0.827321706,0.21863088919999996,0,0.5,0,0,1,0.151010699,0,0,27,United States,1,Quantitative,0.6666666666666666,None,0,0,0.0,1,0.5
244,244,James Dickerson,0.6846362032500001,0.5714284915000001,0,0.5,0,0,6,0.70027308,0,0,27,United States,1,Humanities,0.6666666666666666,None,0,0,0.5,1,0.0
245,245,Gilbert Smith,0.6255936915,0.2935564413,0,1.0,0,0,4,0.31746401399999996,0,0,25,United States,1,Engineering,0.6666666666666666,None,0,0,0.0,1,0.5
246,246,Dwayne Silbert,0.6936152357500001,0.5284079561,0,1.0,0,0,5,0.294094308,0,0,28,United States,1,Engineering,0.3333333333333333,None,0,0,1.0,1,0.0
247,247,John East,0.65543576875,0.5146149332000001,2,1.0,0,0,4,0.456452834,0,0,23,Australia,1,Quantitative,0.6666666666666666,NCAA/Professional,0,0,0.0,1,0.5
248,248,William Mccluney,0.653961955,0.41424448140000003,1,1.0,0,0,1,0.62734651,1,0,27,Australia,2,Quantitative,0.6666666666666666,Club/Intramural,0,0,1.0,1,1.0
249,249,Ron Ruiz,0.9056215372499999,0.8453805998,1,0.5,1,0,1,0.334633707,0,0,33,India,1,Sciences,0.6666666666666666,Club/Intramural,0,0,0.0,1,0.0
250,250,Joshua Sellers,0.82294453025,0.4271651689,0,0.25,0,0,6,0.38834592799999995,0,0,27,United States,1,Humanities,0.6666666666666666,Club/Intramural,0,0,0.5,1,1.0
251,251,Phillip Goers,1.069867153,0.95400859353,2,0.75,0,0,1,0.5044261720000001,2,0,24,United States,2,Engineering,0.6666666666666666,None,0,0,0.0,1,1.0
252,252,Johnny Matthews,0.82393299075,0.07299443240000002,2,0.75,0,0,3,0.360168365,0,0,42,United States,1,Quantitative,1.0,Club/Intramural,0,0,1.0,1,0.5
253,253,John Mock,0.777385833,0.3207815668000001,1,0.25,0,1,3,0.41992532,0,0,27,China,1,Quantitative,0.6666666666666666,None,0,0,0.5,1,0.0
254,254,Donald Heflin,0.95869178675,0.6052640792999999,2,0.0,0,0,1,0.39632668299999996,0,0,24,United States,1,Engineering,0.6666666666666666,NCAA/Professional,0,0,0.0,1,0.0
255,255,Harry Payne,0.75452137375,0.9410278147600001,2,0.25,1,0,4,0.505321235,0,0,23,United States,1,Humanities,0.6666666666666666,Club/Intramural,0,0,0.5,1,0.0
256,256,Dean Delcastillo,0.7341478995,0.5953143146,1,0.5,0,0,3,0.618139903,0,0,26,United States,1,Quantitative,0.6666666666666666,NCAA/Professional,0,0,0.5,1,0.0
257,257,Benjamin Jensen,0.8360724715000001,0.1517169840000001,0,0.0,0,0,1,0.461881231,0,0,30,United States,2,Humanities,1.0,None,0,0,0.5,1,1.0
258,258,Larry Roesler,0.6987678327500001,0.3210979424,1,0.5,0,0,3,0.34959273799999996,0,0,24,United States,1,Engineering,0.3333333333333333,None,0,0,0.5,1,0.5
259,259,Zachary Miracle,0.89790532,0.7325879916,1,1.0,0,0,0,0.449269135,0,0,23,United States,1,Quantitative,0.6666666666666666,NCAA/Professional,0,0,0.0,1,0.0
260,260,Thomas Fonseca,0.781849096,0.4668152247,2,0.5,0,0,3,0.693713355,0,0,27,United States,2,Humanities,0.3333333333333333,Club/Intramural,0,0,0.5,1,0.0
261,261,David Boyd,0.8843900735,0.9468655714199999,1,0.75,0,0,3,0.44742795399999996,1,0,26,United States,1,Engineering,0.6666666666666666,None,0,0,1.0,1,0.0
262,262,Trevor Phillips,0.81400728325,0.02758494319999997,1,0.25,0,0,5,0.224386893,0,0,41,United States,1,Sciences,0.6666666666666666,None,0,0,0.5,1,1.0
263,263,John Rivera,0.81495506875,0.5433531751,0,0.5,0,1,1,0.329083027,0,0,27,United States,1,Humanities,0.6666666666666666,None,0,0,0.0,1,1.0
264,264,Richard Johnson,0.7707736152500001,0.763875651,2,0.5,0,0,2,0.404483992,2,0,35,China,1,Engineering,0.6666666666666666,None,0,0,0.0,1,0.0
265,265,John Kaufman,0.9582884435,0.8763678125,2,1.0,0,0,5,0.798617192,0,0,27,United States,1,Engineering,0.6666666666666666,Club/Intramural,0,0,0.5,1,0.0
266,266,George Conner,0.82709888925,0.5373225879,2,1.0,0,0,4,0.48781553,0,0,28,United States,1,Quantitative,0.3333333333333333,NCAA/Professional,0,0,0.0,1,0.5
267,267,Jean Brown,0.758776109,0.11698680429999996,2,0.75,0,0,5,0.35687899,0,0,36,United States,1,Sciences,0.3333333333333333,None,0,0,1.0,1,0.5
268,268,James Dawson,0.6660652785,0.465803064,1,0.75,0,0,6,0.313544104,0,0,32,United States,1,Quantitative,0.6666666666666666,None,1,1,0.5,1,0.0
269,269,John Han,0.9231974355,0.92192613221,2,0.0,1,0,2,0.6764494040000001,0,0,27,United States,1,Engineering,0.3333333333333333,None,0,0,0.0,1,0.5
270,270,James Cain,0.91282235425,0.7691650247999999,2,0.25,0,0,5,0.267167467,0,0,26,United States,1,Humanities,0.6666666666666666,None,0,0,0.0,1,0.5
271,271,Lester Vassel,0.9101864395,0.869198414,2,0.75,0,0,2,0.809688715,0,0,27,China,2,Quantitative,0.3333333333333333,None,1,0,0.5,1,0.5
272,272,Kenneth Delagarza,0.65226300775,0.93871135513,1,0.5,1,0,1,0.45194775200000004,0,0,25,United States,1,Quantitative,0.6666666666666666,None,0,0,1.0,1,1.0
273,273,Justin Butler,0.7524505347499999,0.2699068719,1,1.0,1,0,6,0.844371575,0,0,25,United States,2,Humanities,0.6666666666666666,Club/Intramural,0,0,1.0,1,0.0
274,274,Joseph Hyneman,0.888350467,0.8030538111,0,0.0,0,0,3,0.42810978299999997,0,0,24,United States,1,Humanities,0.3333333333333333,None,0,0,0.0,1,0.0
275,275,Marshall Smith,0.85879292175,0.2961747973,2,0.25,0,0,3,0.371989911,0,0,28,United States,0,None,0.0,None,0,0,0.0,1,0.5
276,276,Jason Miller,0.91110442,0.98782758896,2,1.0,1,0,4,0.8801833040000001,0,0,21,United States,2,Quantitative,0.6666666666666666,None,0,0,0.0,1,0.0
277,277,Melvin Gebhardt,0.80461356425,0.7536904620999999,1,0.75,0,0,4,0.19225227399999997,0,0,30,United States,1,Humanities,1.0,None,1,1,0.0,1,0.5
278,278,Tomas Fenelus,0.5659979175,0.6488054717,1,0.5,0,0,2,0.10576474300000001,0,0,28,United States,1,Humanities,0.6666666666666666,None,0,0,0.0,1,0.5
279,279,Donald Hegarty,0.8538007685,0.6400529209,0,0.25,0,0,5,0.47119092799999995,0,0,24,United States,1,Humanities,0.3333333333333333,Club/Intramural,0,0,0.0,1,0.0
280,280,Herman Henderson,0.62108344475,0.8122445271000001,2,0.0,1,0,2,0.575374908,0,0,24,United States,2,Engineering,1.0,Club/Intramural,0,0,0.5,1,0.5
281,281,Timothy Crosby,0.81397182825,0.6399489751,1,0.25,0,0,2,0.374739265,0,0,26,United States,1,Quantitative,0.6666666666666666,Club/Intramural,0,0,1.0,1,0.5
282,282,Michael Dyer,0.91976389075,0.8260345735,0,0.25,0,0,2,0.619083073,0,0,36,United States,1,Engineering,0.6666666666666666,Club/Intramural,0,0,0.5,1,1.0
283,283,Matthew Oden,0.6540076245,0.601651827,0,1.0,0,0,2,0.159248423,0,0,28,United States,1,Humanities,0.6666666666666666,NCAA/Professional,0,0,0.5,1,0.5
284,284,Jackson Culp,0.72706377,0.92486695125,0,0.0,0,0,4,0.312589136,0,0,26,United States,1,Humanities,0.3333333333333333,None,0,0,1.0,1,0.5
285,285,Roy Daniel,0.9124203934999999,0.6037863118,1,0.75,0,0,2,0.512921982,0,0,29,United States,1,Engineering,0.6666666666666666,NCAA/Professional,0,0,1.0,1,1.0
286,286,John Clark,0.69421465375,0.90205612374,0,0.75,0,0,4,0.435835012,1,0,23,United States,2,Quantitative,1.0,None,0,0,0.5,1,0.5
287,287,John Terhune,0.85296529425,0.8034883735,2,0.25,0,0,3,-0.069777647,0,0,22,United States,1,Quantitative,0.3333333333333333,Club/Intramural,0,0,0.5,1,1.0
288,288,James Lehnen,0.94556214625,0.2664206181,0,0.25,0,0,3,0.669678915,0,0,29,United States,1,Quantitative,0.3333333333333333,None,0,0,0.0,1,0.0
289,289,Oscar Brougham,0.69272610475,0.38388114479999996,2,0.75,0,0,6,0.538081723,0,0,33,United States,1,Humanities,1.0,None,0,0,0.5,1,0.0
290,290,Neil Villa,0.6690963085,0.4424966634,0,0.25,1,0,5,0.067954917,0,0,25,United States,2,Sciences,0.3333333333333333,Club/Intramural,0,0,1.0,1,0.0
291,291,Justin Collins,0.9529760232500001,0.98019230714,0,0.75,0,0,4,0.272419474,0,0,22,China,1,Sciences,0.3333333333333333,None,0,0,0.0,1,1.0
292,292,Robert Hitchcock,0.64455556925,0.6224014435,1,0.0,0,0,2,0.50624253,0,0,32,India,1,Quantitative,1.0,NCAA/Professional,0,1,0.0,1,0.0
293,293,Bennie Larson,0.9957993817499999,0.99989621534,0,1.0,0,0,4,0.128367628,0,0,28,United States,2,Quantitative,0.6666666666666666,None,1,1,0.0,1,1.0
294,294,Dexter Taormina,0.85735630125,0.6093625517,0,0.0,0,0,3,1.0611570609999998,0,0,24,United States,1,Engineering,0.3333333333333333,None,0,0,0.5,1,1.0
295,295,Robert Wiseman,0.757999278,0.9133793733100001,1,0.75,0,0,2,0.49158346700000005,0,0,24,United States,2,Humanities,1.0,None,0,0,1.0,1,0.0
296,296,Erik Miller,0.64618095875,0.8304757931000001,2,0.5,0,0,1,0.239845712,0,0,23,United States,1,Humanities,0.6666666666666666,NCAA/Professional,0,0,0.5,1,1.0
297,297,Steven Bartel,0.6718962572499999,0.6478245007000001,0,0.0,0,0,0,0.30039097600000003,1,0,26,United States,1,Humanities,1.0,None,0,0,0.0,1,0.5
298,298,Fred Houston,0.72204876575,0.6021497781,2,0.75,0,0,3,0.23036359899999997,0,0,27,United States,1,Humanities,0.3333333333333333,Club/Intramural,0,0,0.0,1,0.5
299,299,Harold Beck,0.7268288184999999,0.6463036751,1,0.0,0,0,1,0.648345669,2,0,23,United States,0,None,0.0,None,0,0,1.0,1,0.0
300,300,Victor Ferguson,0.63163330775,0.7147723903,1,0.75,1,0,4,0.434906911,0,0,31,United States,1,Humanities,0.6666666666666666,Club/Intramural,0,0,0.5,1,0.0
301,301,James Patton,0.88924529925,0.8891962058,0,0.75,0,0,1,0.921564376,3,0,28,United States,1,Engineering,0.3333333333333333,None,0,0,0.5,1,0.5
302,302,Sylvester Turner,0.96261551825,0.3858185099,1,0.25,0,0,3,1.029528487,1,0,28,United States,1,Sciences,0.3333333333333333,None,0,0,0.5,1,0.5
303,303,Tory Allen,0.6553935765,0.8818604872,0,1.0,0,0,4,0.557533022,0,0,21,United States,1,Engineering,1.0,None,0,0,0.0,1,0.5
304,304,Dennis Allen,0.66892553325,0.5991432503,2,0.75,0,0,3,0.37720815799999996,1,0,23,United States,1,Sciences,0.6666666666666666,None,0,0,0.0,1,0.5
305,305,Shaun Kelly,0.699390326,0.5867783797,2,0.75,1,0,5,0.805972492,0,0,24,United States,0,None,0.0,None,0,0,0.5,1,1.0
306,306,Williams Bauman,0.7544090925,0.6745896923000001,1,0.25,0,0,5,0.557469581,2,0,23,Australia,1,Quantitative,0.6666666666666666,Club/Intramural,0,0,0.0,1,0.5
307,307,Jason Mcmahan,0.6963033120000001,0.5906773467,0,0.5,0,0,5,0.5870897620000001,0,0,23,United States,2,Engineering,0.3333333333333333,None,0,0,0.0,1,1.0
308,308,Calvin Hulsey,0.7351356622499999,0.23857408289999996,1,1.0,0,0,4,0.688940164,2,0,26,China,1,Sciences,0.3333333333333333,None,0,0,1.0,1,0.0
309,309,Justin Brown,0.88266126375,0.7994312387,1,0.25,0,0,3,0.494630808,0,0,34,Canada,1,Quantitative,0.3333333333333333,None,0,1,0.5,1,1.0
310,310,Thomas Whitten,0.8026572345,0.7576503583,2,1.0,1,0,2,1.1455773759999999,0,0,25,United States,1,Humanities,0.6666666666666666,Club/Intramural,0,0,0.5,1,0.0
311,311,Emery Whittemore,0.75348859675,0.5548805734,2,0.5,0,0,3,0.610249014,4,0,30,China,1,Quantitative,0.6666666666666666,None,0,0,1.0,1,0.0
312,312,Keneth Moran,0.86391668825,0.5625317794,1,1.0,0,0,5,0.5888997579999999,0,0,21,Mexico,2,Quantitative,0.6666666666666666,None,0,0,0.0,1,1.0
313,313,Michael Hester,0.8963138642499999,0.5136668333,0,1.0,0,0,5,0.9210169570000001,0,0,23,United States,0,None,0.0,None,0,0,0.5,1,0.5
314,314,Archie Hearn,0.8814270434999999,0.4451819167,1,0.5,0,1,4,0.483328775,0,0,25,United States,1,Engineering,0.6666666666666666,None,0,0,0.5,1,1.0
315,315,Edward Mcgee,0.771226065,0.7540947848,1,1.0,0,0,4,0.598998729,2,0,34,United States,0,None,0.0,None,1,1,0.5,1,1.0
316,316,Tomas Mcloughlin,0.97282302625,0.7908898436999999,0,0.75,0,0,3,0.255992712,4,0,23,United States,2,Engineering,1.0,None,0,0,0.5,1,0.5
317,317,Joe West,0.7187105570000001,0.6217077809,1,0.75,1,0,5,0.45823429600000004,1,0,22,United States,2,Humanities,1.0,Club/Intramural,0,0,1.0,1,1.0
318,318,Thomas Branham,1.0286852565,0.8043777929000001,2,0.0,0,1,4,0.37418076,0,0,22,United States,1,Quantitative,0.3333333333333333,None,0,0,0.0,1,0.5
319,319,Dennis Cummings,0.650399916,0.1054032094,1,0.0,0,0,3,0.449563131,2,0,26,United States,1,Sciences,0.6666666666666666,NCAA/Professional,0,0,0.5,1,1.0
320,320,Joseph Lankford,0.75012214925,0.5833630907,0,0.0,0,0,3,0.6741540890000001,0,0,29,United States,1,Engineering,0.3333333333333333,None,0,0,1.0,1,0.0
321,321,Juan Adkins,0.7613495779999999,0.2242312989,0,0.25,0,0,2,0.468507703,0,0,27,Australia,1,Humanities,0.3333333333333333,None,0,0,0.0,1,1.0
322,322,Jonathon Aviles,0.61000359075,0.95309752806,1,0.25,0,0,3,0.196215585,0,0,21,United States,1,Sciences,0.6666666666666666,None,0,0,1.0,1,0.5
323,323,Arthur Salazar,0.6969761335,0.8038304934,1,0.5,0,0,2,1.0033569740000001,0,0,28,India,1,Engineering,0.3333333333333333,NCAA/Professional,0,0,0.5,1,0.0
324,324,Emmanuel Harper,1.0321206935,0.8297044352,0,0.25,0,0,3,0.524771408,0,0,27,United States,1,Sciences,0.3333333333333333,Club/Intramural,0,0,0.5,1,0.0
325,325,Arnold Cameron,0.7473444054999999,0.6960889489000001,1,1.0,0,0,5,0.29718642,0,0,23,United States,1,Quantitative,0.6666666666666666,None,0,0,0.0,1,0.0
326,326,James Johnson,0.7634789265,0.8164285733,2,0.25,0,0,6,-0.027266251000000002,0,0,22,United States,1,Engineering,0.3333333333333333,Club/Intramural,0,0,0.0,1,0.5
327,327,Ralph Johnson,0.7957779815,0.9578360728900001,2,0.25,0,0,2,0.515808169,0,0,26,United States,1,Sciences,0.3333333333333333,None,0,0,0.5,1,1.0
328,328,Arthur Valdez,0.81328931125,0.16653745459999997,2,0.5,0,0,4,0.313525058,0,0,29,United States,1,Sciences,0.3333333333333333,None,0,0,0.5,1,0.5
329,329,Peter Glander,0.8749561567499999,0.7680148103000001,0,0.5,0,0,2,0.337708665,0,0,22,Mexico,1,Humanities,0.6666666666666666,Club/Intramural,0,0,0.0,1,0.5
330,330,Tony Baker,0.7645563352500001,0.19747269970000006,2,0.75,0,0,2,0.20496618600000002,1,0,24,United States,1,Quantitative,0.6666666666666666,Club/Intramural,0,0,0.5,1,1.0
331,331,Harold Merklein,0.8269659277500001,0.7233318355,0,0.75,0,0,0,0.45624097399999997,0,0,29,United States,2,Sciences,0.6666666666666666,Club/Intramural,0,0,0.5,1,0.5
332,332,Moises Hill,0.81136969125,0.3931615169,2,0.0,0,0,1,0.757270935,0,0,28,India,1,Sciences,0.6666666666666666,Club/Intramural,0,0,0.5,1,0.5
333,333,Brian Lee,0.7550691397499999,0.3768977710000001,0,0.5,0,0,4,0.28823899,0,0,29,United States,1,Engineering,0.3333333333333333,NCAA/Professional,0,0,0.5,1,0.5
334,334,William Edmonson,0.96623932725,0.5166809114,0,0.75,0,0,2,0.6867383309999999,0,0,25,United States,1,Sciences,1.0,Club/Intramural,1,1,1.0,1,0.0
335,335,Robert Martin,0.82799150075,0.7363669546,0,0.25,0,0,3,0.6755882990000001,0,0,27,United States,1,Quantitative,0.3333333333333333,Club/Intramural,0,0,1.0,1,1.0
336,336,Brian Vitale,1.0106655415,0.6193942286,2,0.25,0,0,3,0.47165783299999997,0,0,24,United States,1,Engineering,1.0,None,1,1,0.5,1,0.0
337,337,Donald Necaise,0.7528667354999999,0.28206067739999996,1,0.75,0,0,3,0.837926733,0,0,24,India,0,None,0.0,None,0,0,0.5,1,0.5
338,338,Bobby Thrift,0.8511614784999999,0.7833849983000001,2,0.75,0,0,0,0.250823429,0,0,26,United States,1,Humanities,0.6666666666666666,None,0,0,0.5,1,1.0
339,339,Jesus Boulware,0.8726721725,0.8059869685,1,1.0,0,0,3,0.176385853,0,0,27,Mexico,1,Engineering,0.6666666666666666,None,0,0,0.5,1,0.5
340,340,Anthony Ortiz,0.87160349625,0.7076278155,1,0.5,0,1,1,0.232097241,4,0,30,United States,1,Quantitative,1.0,None,0,0,0.5,1,1.0
341,341,Mark Ames,0.8775165545,0.4060913694,0,0.5,0,1,5,0.31595005800000003,0,0,30,China,1,Humanities,0.6666666666666666,Club/Intramural,0,0,1.0,1,0.0
342,342,Michael Kincaid,0.8942700675,0.6472716094000001,2,0.0,0,0,3,0.6421439489999999,2,0,22,United States,1,Humanities,1.0,Club/Intramural,0,0,0.5,1,0.5
343,343,George Farrell,0.87345117175,0.5762155346,0,0.5,0,0,3,1.076397702,0,0,24,United States,1,Engineering,0.3333333333333333,None,0,0,0.0,1,1.0
344,344,Howard Penland,0.9151539317499999,0.94325700482,2,1.0,0,0,4,0.425674179,3,0,29,United States,1,Sciences,0.6666666666666666,Club/Intramural,0,0,0.5,1,0.5
345,345,Benjamin Lapp,0.81307263,0.4889995435,0,0.25,1,0,1,0.788651567,0,0,23,United States,1,Humanities,0.3333333333333333,Club/Intramural,0,0,0.0,1,0.5
346,346,Danny Snyder,0.87779402675,0.5079187646,0,0.5,0,0,1,0.401635474,0,0,26,United States,0,None,0.0,None,0,0,0.5,1,0.0
347,347,Kurt Barker,0.75745180375,0.5648492567000001,0,0.5,0,0,6,0.175051022,0,0,29,United States,1,Engineering,0.6666666666666666,None,1,1,0.5,1,1.0
348,348,Jesse Adams,0.81839287175,0.7105618209,2,0.5,0,1,3,0.866513937,0,0,31,United States,1,Humanities,0.6666666666666666,None,0,0,0.0,1,0.0
349,349,John Courser,0.7664844177500001,0.8000108342,0,0.5,0,0,4,0.596780898,2,0,25,United States,2,Quantitative,0.6666666666666666,NCAA/Professional,1,1,0.0,1,0.5
350,350,Robert Rogers,0.8856477522499999,0.7059069922000001,0,1.0,0,0,4,0.912050019,0,0,25,United States,1,Quantitative,0.6666666666666666,Club/Intramural,0,0,1.0,1,0.0
351,351,Richard Seit,0.5960021755,0.46344443949999997,0,0.0,0,0,1,0.7509941729999999,0,0,29,United States,1,Sciences,0.3333333333333333,None,0,0,0.5,1,0.5
352,352,William Zuehlke,0.872458038,0.7039095075,2,0.5,0,1,2,0.018018595,0,0,31,United States,1,Engineering,0.3333333333333333,None,0,0,1.0,1,1.0
353,353,Henry Banh,0.712268905,0.6615050597,1,0.5,0,0,1,0.300483909,0,0,26,United States,1,Humanities,0.6666666666666666,Club/Intramural,0,0,0.5,1,0.0
354,354,Richard Runions,0.803733197,0.985749392,1,0.5,0,0,2,0.39121066200000004,0,0,37,United States,1,Sciences,1.0,None,0,0,0.5,1,1.0
355,355,Scott Patterson,0.8867665977500001,-0.05934909299999987,1,0.75,0,0,3,0.765399075,0,0,26,United States,1,Sciences,0.3333333333333333,Club/Intramural,0,0,1.0,1,0.5
356,356,Thomas Hazel,0.76605337075,0.6453435755000001,0,0.25,0,0,3,0.007011155,0,0,23,United States,0,None,0.0,None,0,0,0.5,1,1.0
357,357,Jay Walker,0.7870237984999999,0.90446613824,2,0.5,0,1,5,0.184154934,0,0,29,United States,1,Sciences,0.3333333333333333,None,0,0,0.5,1,1.0
358,358,Jack Martini,1.02968584875,0.6045904248,1,1.0,0,0,3,0.8987950140000001,1,0,30,United States,1,Engineering,0.3333333333333333,NCAA/Professional,0,0,0.5,1,0.5
359,359,Jose Sipe,1.01137908325,0.8356273026,1,1.0,1,0,5,0.8264515459999999,0,0,24,United States,1,Engineering,0.3333333333333333,None,0,0,1.0,1,0.0
360,360,Roy Hoffman,0.8043397627500001,0.3756564737,2,0.25,0,0,1,0.41605824700000005,0,0,22,United States,1,Humanities,0.6666666666666666,Club/Intramural,0,0,0.5,1,1.0
361,361,Larry Pompey,0.7796089454999999,0.9962970115299999,1,0.5,0,1,1,0.632590808,3,0,28,United States,1,Sciences,0.3333333333333333,NCAA/Professional,0,0,0.5,1,1.0
362,362,George Kinard,0.8605962765,0.5233348234999999,2,0.25,0,0,4,0.559302547,0,0,26,United States,0,None,0.0,None,1,1,0.5,1,0.5
363,363,Gilberto Wingard,0.65200791175,0.2696075073,2,0.25,0,0,6,0.306265613,3,0,25,United States,1,Engineering,0.6666666666666666,None,0,0,0.5,1,0.0
364,364,Paul Small,0.8216999165000001,0.3659915969,0,0.0,1,0,5,0.36188876200000003,1,0,27,United States,2,Quantitative,0.6666666666666666,Club/Intramural,0,0,0.5,1,0.0
365,365,Michael Mcgill,0.6858448105,0.5243536726,2,0.75,0,0,3,0.157068378,0,0,22,United States,1,Engineering,0.6666666666666666,None,0,0,0.5,1,0.0
366,366,Joseph Caldwell,0.87477804075,0.48413412170000003,1,0.5,0,0,3,0.059964141,1,0,24,United States,2,Quantitative,1.0,Club/Intramural,0,0,0.0,1,0.0
367,367,Terence Guadalupe,0.90981317175,0.7857687744999999,2,0.75,0,0,1,-0.015952471,0,0,22,United States,1,Humanities,0.6666666666666666,None,0,0,0.5,1,1.0
368,368,Frank Kutz,1.0246728602500002,0.9920560542,2,0.25,0,0,1,0.837501257,0,0,32,United States,1,Humanities,0.6666666666666666,None,0,0,1.0,1,0.5
369,369,Gary Perreault,0.7780030302500001,0.6905924175,0,1.0,0,0,1,0.36831801200000003,0,0,32,United States,1,Humanities,0.6666666666666666,None,0,0,0.0,1,1.0
370,370,Sandy Gregory,0.74334799,0.3907118394,2,1.0,0,0,1,0.899319335,0,0,23,United States,2,Engineering,0.6666666666666666,Club/Intramural,0,0,0.0,1,0.0
371,371,Glen Hall,0.946467588,0.8080443205000001,0,0.5,1,0,4,0.32055790300000003,2,0,33,United States,2,Engineering,1.0,None,0,0,0.5,1,0.5
372,372,Don Mcfolley,0.8629841,0.832501742,1,1.0,0,0,3,0.622092364,0,0,36,United States,1,Humanities,1.0,None,0,0,0.5,1,1.0
373,373,Richard Sterling,0.71976411175,0.4556153364,1,0.25,0,0,2,0.556050218,1,0,23,United States,2,Humanities,0.6666666666666666,Club/Intramural,0,0,0.5,1,0.5
374,374,Marshall Clement,0.96181342975,0.8118713591,2,0.0,0,0,3,0.585753635,4,0,31,United States,1,Quantitative,1.0,None,0,0,0.0,1,0.5
375,375,Nickolas Velez,0.94653968125,0.6435984193000001,2,1.0,1,0,5,0.110190113,0,0,34,United States,1,Humanities,0.6666666666666666,None,0,0,0.5,1,0.5
376,376,Anthony Harris,0.65577818975,0.4374953223,1,0.0,0,0,1,0.564501035,1,0,29,United States,1,Engineering,0.6666666666666666,None,0,0,0.5,1,1.0
377,377,Christopher Jordan,0.77925486025,0.99522239124,2,0.75,0,0,3,0.8370931859999999,0,0,24,United States,1,Quantitative,0.6666666666666666,Club/Intramural,0,0,0.5,1,0.0
378,378,Deon Alverez,0.8767115784999999,0.49711872040000005,2,0.75,0,0,0,0.300185291,4,0,23,United States,1,Sciences,0.6666666666666666,Club/Intramural,0,0,1.0,1,0.0
379,379,Carl Kimbrough,0.65187228825,0.4598828333,1,1.0,0,0,1,0.425603866,4,0,27,China,1,Sciences,0.6666666666666666,Club/Intramural,0,0,0.5,1,1.0
380,380,John Leroy,0.7454462705,0.2843561707000001,2,0.0,0,0,4,0.544569969,2,0,21,United States,1,Humanities,0.6666666666666666,None,0,0,0.0,1,0.0
381,381,Kenneth Quinn,0.87447959375,0.781618742,2,1.0,0,0,4,0.439075046,2,0,21,United States,1,Humanities,0.6666666666666666,None,0,0,1.0,1,0.0
382,382,David Duey,0.7382436895000001,0.99044765174,1,0.0,0,0,4,0.7156020120000001,0,0,25,United States,1,Engineering,1.0,Club/Intramural,0,0,1.0,1,0.0
383,383,Vince Verrelli,0.5055692842499999,0.44263683919999997,0,0.75,0,0,3,0.43773506799999995,0,0,23,United States,1,Sciences,0.3333333333333333,None,0,0,0.5,1,1.0
384,384,Ted Thurman,0.627864238,0.4258513371,0,0.0,0,0,4,0.957759232,0,0,24,China,1,Quantitative,1.0,None,0,0,0.5,1,0.5
385,385,Douglas Engle,0.63372867675,0.14602045959999999,0,0.75,0,0,4,0.33061231,1,0,27,United States,1,Humanities,0.3333333333333333,Club/Intramural,0,0,0.5,1,0.0
386,386,Robert Dalbec,0.738150621,0.40660329609999996,2,0.25,0,0,2,1.023081535,1,0,31,United States,1,Quantitative,0.3333333333333333,None,0,0,0.0,1,0.0
387,387,Jerry Floyd,0.6566897865,0.11230280140000005,1,0.0,0,0,2,0.352117956,0,0,31,United States,1,Engineering,1.0,None,0,0,0.0,1,0.0
388,388,Christopher Frilling,0.7415701334999999,0.18047828719999998,1,0.5,0,1,2,0.38309456799999997,1,0,23,United States,1,Quantitative,0.3333333333333333,None,0,0,0.5,1,0.0
389,389,Martin Applin,0.93288596925,0.8114175453,2,0.5,0,0,4,0.362922663,1,0,26,United States,2,Humanities,0.3333333333333333,Club/Intramural,0,0,0.5,1,0.5
390,390,Mario Gallegos,0.8807194205,0.37812056130000005,1,1.0,0,0,4,0.42035157799999995,0,0,23,United States,1,Humanities,0.6666666666666666,Club/Intramural,0,0,1.0,1,0.0
391,391,Nickolas Rogers,0.79604551025,0.90221639766,2,1.0,0,0,3,0.520514126,4,0,22,United States,1,Sciences,1.0,NCAA/Professional,0,0,0.5,1,0.0
392,392,Mark Benitez,0.7383319309999999,0.24095764419999996,0,0.0,0,1,2,0.440408753,1,0,26,United States,1,Sciences,0.3333333333333333,None,0,0,0.5,1,0.0
393,393,John Percell,0.649700718,0.6058731091,0,0.25,0,0,3,0.107009459,0,0,27,China,1,Quantitative,0.6666666666666666,None,0,0,0.5,1,1.0
394,394,Horacio Sibley,0.6118209325,0.7379161549,2,0.0,0,0,3,0.300012088,2,0,22,United States,1,Quantitative,0.6666666666666666,Club/Intramural,0,0,0.5,1,0.5
395,395,Richard Peters,0.86796160875,0.23082873329999998,0,0.75,0,0,1,0.7053086209999999,0,0,23,United States,1,Engineering,1.0,None,0,0,0.5,1,1.0
396,396,Marshall Laxen,0.8384815684999999,0.8644168003999999,0,0.5,0,0,0,0.618344903,0,0,27,United States,2,Humanities,0.3333333333333333,NCAA/Professional,0,0,0.5,1,0.0
397,397,Lance Olson,0.5701525465,0.774142542,0,0.75,1,0,4,0.548514615,0,0,22,United States,1,Sciences,0.6666666666666666,None,0,0,0.5,1,1.0
398,398,Ralph Ng,0.9670272755,0.7613936405999999,0,1.0,0,0,2,0.5835722760000001,2,0,28,United States,2,Sciences,0.3333333333333333,None,0,0,0.0,1,0.0
399,399,Leroy Liscomb,0.7464294795,0.8639357666,0,0.25,0,0,3,0.39759013200000004,0,0,23,United States,2,Humanities,0.6666666666666666,None,0,0,0.5,1,1.0
400,400,Homer Dillon,0.7260857702500001,0.4106508816,1,0.25,0,0,5,0.629876109,1,0,30,Australia,1,Quantitative,0.6666666666666666,None,0,0,0.0,1,1.0
401,401,James Espy,0.52782861625,0.40655185369999997,1,0.0,0,0,3,0.6900423529999999,0,0,26,United States,1,Quantitative,0.3333333333333333,None,0,0,0.5,1,0.0
402,402,Barry Mendoza,0.6692406075,0.7948784462999999,1,0.5,0,0,2,0.730955591,4,0,22,United States,2,Sciences,0.6666666666666666,None,0,0,1.0,1,0.5
403,403,Stephen Morin,0.75098602025,0.7115544475,2,0.25,0,0,2,0.570532258,0,0,29,United States,1,Quantitative,0.3333333333333333,Club/Intramural,0,0,0.0,1,0.0
404,404,Moses Aguilera,0.66787066625,-0.1745688179999999,0,0.25,0,0,2,0.516282491,1,0,28,United States,2,Engineering,0.6666666666666666,Club/Intramural,0,0,0.0,1,0.0
405,405,Dominic Perry,0.7230526205,0.6672022083,0,0.0,0,0,3,1.03926105,3,0,26,United States,1,Humanities,0.6666666666666666,Club/Intramural,0,0,1.0,1,1.0
406,406,Luis Mcgraw,0.96675268375,0.16415932659999996,2,0.0,0,0,5,0.209016282,0,0,23,United States,2,Engineering,0.6666666666666666,None,0,0,0.5,1,0.0
407,407,Roger Montano,0.681962304,0.7317152919000001,2,1.0,0,1,3,0.42866724799999995,0,0,23,United States,1,Engineering,0.6666666666666666,None,0,0,0.5,1,0.0
408,408,Freddie Wearing,0.9279940090000001,0.7042748897,2,0.75,0,0,1,0.60601734,1,0,23,United States,1,Humanities,0.3333333333333333,None,1,1,0.0,1,1.0
409,409,Fermin King,0.68373428625,0.9225806570599999,1,1.0,0,0,3,1.058561216,0,0,22,United States,1,Engineering,0.3333333333333333,None,0,0,0.0,1,0.5
410,410,Michael Utecht,1.03233400425,0.93632417788,0,0.75,1,0,2,0.827376252,0,0,28,United States,2,Sciences,1.0,None,0,0,0.5,1,0.5
411,411,Hal Crowson,0.6921198709999999,0.5951654814,2,0.0,0,0,2,1.010933334,0,0,22,United States,1,Humanities,0.3333333333333333,None,0,0,0.0,1,1.0
412,412,Randy Miller,0.768476995,0.4603249531,1,0.25,1,0,3,0.21649648100000002,2,0,31,United States,1,Quantitative,0.3333333333333333,None,0,0,0.5,1,1.0
413,413,Donald Watson,0.72821836325,0.47904091860000003,0,0.25,0,0,3,0.966824204,2,0,25,India,1,Quantitative,0.6666666666666666,None,0,0,0.5,1,0.5
414,414,Jared Rosales,0.7020738059999999,-0.016235084999999996,1,0.0,1,0,2,0.42566144100000003,1,0,27,United States,1,Engineering,0.6666666666666666,Club/Intramural,0,0,0.0,1,0.5
415,415,William Billy,0.62456138975,0.9289176486799999,2,0.75,0,0,4,0.802654017,0,0,26,United States,1,Quantitative,0.6666666666666666,None,0,0,0.5,1,0.5
416,416,Shirley Morrison,0.772017739,-0.036189595000000026,0,1.0,0,1,3,0.595750084,0,0,23,United States,1,Quantitative,0.6666666666666666,None,0,0,0.0,1,1.0
417,417,Ryan Jones,0.6471044795,0.8276956094000001,1,0.25,1,0,2,0.93243626,0,0,22,United States,1,Sciences,0.3333333333333333,Club/Intramural,0,0,0.0,1,0.0
418,418,Brian Hendrickson,0.8170050935,0.7899380342000001,2,0.25,0,1,4,0.619745612,0,0,24,United States,1,Sciences,0.3333333333333333,Club/Intramural,0,0,0.0,1,0.5
419,419,Paul Adams,0.8102905392499999,0.4838220043,2,0.0,1,0,2,0.440363925,4,0,29,United States,2,Quantitative,0.6666666666666666,Club/Intramural,1,1,0.0,1,1.0
420,420,Vern Peterson,0.7977282532500001,0.7047545467999999,2,0.5,0,0,0,0.640215629,0,0,22,United States,1,Engineering,0.6666666666666666,None,0,0,0.5,1,0.5
421,421,Paul Caudill,0.79090606625,0.4821951414,1,0.5,0,0,4,0.519168796,0,0,29,United States,2,Humanities,0.3333333333333333,None,0,0,0.0,1,1.0
422,422,William Storms,0.560280086,0.6589822301000001,1,0.75,1,0,2,0.6013677829999999,1,0,28,United States,2,Sciences,0.3333333333333333,None,1,1,1.0,1,1.0
423,423,Joe Sheppard,0.8467890802500001,0.8400744227,1,0.25,0,0,4,0.6879618540000001,0,0,29,Canada,2,Quantitative,0.3333333333333333,None,0,0,0.0,1,0.5
424,424,Raymond Bilal,0.7924264875,0.19496472530000006,2,1.0,0,0,4,0.37043105299999995,0,0,28,United States,1,Engineering,0.3333333333333333,None,0,0,0.5,1,0.0
425,425,Adam Cohen,0.55769346175,0.6525078033,0,0.5,0,0,6,0.5325740379999999,0,0,29,United States,1,Quantitative,0.3333333333333333,None,1,0,0.5,1,1.0
426,426,Jarrod Chilson,0.46749918,0.7978192725,2,0.25,0,0,4,0.058370318,0,0,27,United States,0,None,0.0,None,0,0,0.0,1,0.5
427,427,Samuel Calisto,0.86494688125,0.5821632425,1,0.5,0,0,5,0.356900933,0,0,27,United States,0,None,0.0,None,0,0,0.5,1,0.5
428,428,Lee Lewis,0.80908015475,0.5329293076,2,1.0,1,0,2,0.385469003,1,0,30,United States,1,Sciences,0.6666666666666666,None,0,0,0.0,1,0.5
429,429,Glen Burton,1.012907068,0.6947274605,2,0.0,0,0,4,0.833905969,0,0,25,Mexico,2,Sciences,0.6666666666666666,None,0,0,1.0,1,0.0
430,430,Lance Milligan,0.8333958232500001,0.6972324536,1,0.5,0,0,2,0.765044753,0,0,23,United States,0,None,0.0,None,0,0,0.5,1,1.0
431,431,Terry Bair,0.9135946827500001,0.8468128734,2,1.0,1,1,3,0.520838871,0,0,25,United States,1,Humanities,0.6666666666666666,None,0,0,0.0,1,0.0
432,432,Charles Tapia,0.58013145825,0.9408050327499999,2,0.75,0,0,0,0.25278471399999997,0,0,24,United States,2,Humanities,1.0,None,0,0,0.5,1,0.5
433,433,Jeremy Dion,0.79694781775,0.4336131741,0,0.75,0,0,4,0.157457407,0,0,27,United States,2,Sciences,1.0,None,0,0,0.5,1,0.5
434,434,Stanley Morgan,0.803301073,0.98901232287,0,0.5,0,0,1,0.808263507,2,0,31,United States,1,Humanities,0.6666666666666666,None,0,0,0.5,1,0.5
435,435,Paul Rosenfeld,0.651522267,0.1673191226,2,1.0,0,0,2,0.098931207,0,0,26,China,1,Engineering,0.3333333333333333,None,0,0,0.0,1,0.0
436,436,Samuel Hamm,0.6627618835,0.8681921206,1,0.25,0,0,3,0.704711155,1,0,27,United States,1,Quantitative,0.3333333333333333,NCAA/Professional,0,0,0.5,1,0.0
437,437,Michael Matthews,0.7754875729999999,0.2192377037,0,0.25,0,0,4,0.46823516299999995,0,0,21,United States,1,Sciences,0.3333333333333333,NCAA/Professional,0,0,1.0,1,0.0
438,438,Jerry Eike,0.546545731,0.94339330043,0,1.0,0,0,3,0.463575535,1,0,24,United States,2,Engineering,0.6666666666666666,None,0,0,0.0,1,0.0
439,439,Joel Martin,0.89117167375,0.3246827456,0,0.25,0,0,5,0.35104267899999997,0,0,33,United States,0,None,0.0,None,0,0,0.5,1,1.0
440,440,Eddie Baldwin,0.6720199554999999,0.5443817382999999,2,0.75,0,0,4,0.1578941,4,0,24,Canada,1,Humanities,0.3333333333333333,None,0,0,0.0,1,0.5
441,441,August Gray,0.767320102,0.702740618,2,0.25,1,0,5,0.536487217,0,0,24,United States,1,Sciences,0.6666666666666666,None,0,0,0.5,1,0.5
442,442,Ronald Nikas,0.712181473,0.7800281447,1,0.75,0,1,4,0.517003318,0,0,28,United States,1,Humanities,0.3333333333333333,None,0,0,0.5,1,0.5
443,443,Larry Davila,0.85438617,0.6196764059000001,2,0.75,0,0,4,0.394705915,2,0,32,United States,1,Humanities,0.6666666666666666,Club/Intramural,0,0,0.0,1,0.0
444,444,Clark Weiler,0.9287863625,0.5228773932,1,0.75,0,0,1,0.358225576,2,0,23,United States,0,None,0.0,None,0,0,0.5,1,0.5
445,445,Robert Williford,0.769625965,0.8488812518000001,2,0.25,0,0,4,0.07172862099999999,0,0,27,United States,2,Humanities,0.6666666666666666,None,0,0,0.5,1,0.5
446,446,Sylvester Mcmath,0.60926888775,0.8301433987,0,0.25,0,0,3,0.674289076,0,0,28,United States,1,Quantitative,0.3333333333333333,None,0,0,0.0,1,0.5
447,447,Jorge Smith,0.81484599375,0.5398822677999999,0,1.0,0,0,0,0.357157734,0,0,29,United States,2,Engineering,1.0,Club/Intramural,0,0,0.5,1,1.0
448,448,Peter Lindsey,0.65830035,-0.006380999999999943,2,0.5,0,0,3,0.24756763199999998,0,0,25,United States,1,Quantitative,0.6666666666666666,None,1,1,0.5,1,0.5
449,449,William Miller,0.42296709774999997,0.2636707677,0,0.5,0,0,3,0.593605321,0,0,33,United States,1,Engineering,0.6666666666666666,None,1,1,0.0,1,1.0
450,450,William Gagnon,0.81430816525,0.4306250187,0,1.0,0,0,3,0.6829028359999999,3,0,30,United States,1,Quantitative,0.3333333333333333,None,0,0,0.5,1,0.5
451,451,Roland Otero,0.879789623,0.607295512,2,0.75,0,0,5,0.616287951,0,0,26,United States,1,Humanities,0.3333333333333333,None,0,0,0.0,1,0.0
452,452,Tim Burke,0.6470362325,0.24526194250000002,1,0.25,0,0,3,0.7426605890000001,2,0,23,United States,2,Humanities,0.6666666666666666,None,0,0,0.0,1,0.0
453,453,Jonathan Wozny,0.4781210095,0.35973818230000004,1,0.0,0,0,4,0.68946249,0,0,24,United States,1,Engineering,0.6666666666666666,None,0,0,0.5,1,0.0
454,454,Robert Howard,0.9472529409999999,0.7118027947000001,0,0.75,0,0,2,0.383718227,0,0,21,Canada,1,Sciences,0.6666666666666666,None,0,0,0.5,1,0.5
455,455,Jared Gordon,0.7275175775,0.15908292220000006,2,0.75,0,0,4,0.33077517300000003,2,0,23,United States,0,None,0.0,None,0,0,0.5,1,0.5
456,456,James Rotella,0.88300509075,0.4787729433,2,0.75,0,0,1,0.44688551299999996,0,0,24,United States,1,Humanities,1.0,Club/Intramural,0,0,0.0,1,1.0
457,457,Todd Erving,0.9285843725,0.4556148294,2,0.5,1,0,6,0.6203447360000001,4,0,28,Canada,2,Engineering,0.6666666666666666,None,0,0,0.5,1,0.5
458,458,Andrew Stewart,0.6552803965,0.3267998894,1,0.5,0,0,2,0.579493343,1,0,27,United States,1,Humanities,0.3333333333333333,None,0,0,0.5,1,0.5
459,459,Ray Cogan,0.8921043559999999,-0.11479732299999981,2,1.0,0,1,1,0.47479044299999995,2,0,26,United States,1,Engineering,0.6666666666666666,None,0,0,1.0,1,1.0
460,460,David Lynch,0.83396533575,0.489130554,0,0.5,0,0,3,0.4932669,0,0,24,United States,1,Quantitative,0.6666666666666666,None,0,0,0.0,1,1.0
461,461,Billy Johnson,0.6981846134999999,0.7711200004,1,0.5,0,0,2,0.375724413,0,0,23,United States,1,Sciences,0.6666666666666666,Club/Intramural,0,0,0.0,1,0.5
462,462,Jamie Hendricks,0.8643625757500001,0.5785217302,1,0.0,0,0,1,-0.26402949,0,0,23,Canada,2,Quantitative,0.3333333333333333,Club/Intramural,0,0,0.5,1,0.5
463,463,Jacob Ensley,0.85998726525,0.9495923563700001,1,1.0,0,0,5,0.46982379799999996,4,0,29,United States,1,Quantitative,0.3333333333333333,None,0,0,0.5,1,1.0
464,464,Clyde Zediker,0.7233800767499999,0.4455278711,0,0.5,0,0,5,0.318627645,0,0,26,United States,1,Engineering,0.3333333333333333,None,0,0,0.0,1,1.0
465,465,John Boudreaux,0.74155848525,0.9274369778499999,1,0.25,0,0,0,0.865651251,0,0,30,United States,1,Engineering,0.6666666666666666,None,0,1,0.5,1,1.0
466,466,Andrew Lee,0.7648028072499999,0.3274248367,0,0.25,0,0,2,0.648296765,1,0,25,United States,1,Quantitative,1.0,NCAA/Professional,0,0,0.5,1,1.0
467,467,Robert Richardson,0.8864548542499999,-0.04096711999999997,1,1.0,0,0,2,0.33217928399999996,0,0,23,United States,0,None,0.0,None,0,0,0.5,1,0.0
468,468,Larry Roy,0.6864796777500001,0.7566419658,0,0.0,0,0,3,0.65810078,0,0,24,United States,1,Quantitative,0.6666666666666666,None,0,0,0.0,1,0.5
469,469,James Joseph,0.92812490975,0.23084863690000007,1,0.75,0,0,1,0.46570708200000005,0,0,30,United States,2,Engineering,0.6666666666666666,None,0,0,0.0,1,0.0
470,470,Simon Sylvester,0.67715318375,0.46945420149999995,1,0.0,0,0,2,0.924302044,0,0,25,United States,1,Quantitative,0.3333333333333333,Club/Intramural,0,1,0.5,1,0.0
471,471,Jonathan Torres,0.5566684832500001,0.6946992046,2,0.0,0,0,3,0.7243063820000001,3,0,22,United States,1,Quantitative,0.6666666666666666,None,0,0,1.0,1,0.5
472,472,Erin Mohammad,0.9628258835,0.37619501149999995,2,0.5,0,1,3,0.424772537,0,0,25,United States,1,Quantitative,1.0,None,0,0,1.0,1,1.0
473,473,William Pawlowski,0.63738642225,0.6229660256999999,0,0.75,0,0,3,0.7619231590000001,0,0,22,United States,2,Sciences,0.6666666666666666,None,0,0,1.0,1,1.0
474,474,Edward Sorenson,0.3778987165,0.6933319464000001,0,0.0,0,0,4,0.8993775409999999,2,0,34,China,2,Humanities,0.3333333333333333,None,0,0,1.0,1,0.5
475,475,Sean Eversole,0.8897087705,0.5776200346,0,0.25,0,1,1,0.28981477899999997,3,0,21,Mexico,1,Engineering,0.3333333333333333,None,0,0,0.5,1,1.0
476,476,William Packard,0.57169349125,0.8554235941999999,1,0.0,0,0,4,0.389065502,3,0,23,United States,2,Engineering,0.6666666666666666,None,0,0,0.5,1,0.0
477,477,Norman Froneberger,0.9844776304999999,0.4437090258,0,0.75,0,1,4,0.063730438,2,0,27,India,1,Quantitative,0.6666666666666666,None,0,0,0.5,1,0.0
478,478,Juan Davis,0.7676837065000001,0.8782236206,2,0.5,0,0,1,-0.014520348,0,0,21,United States,2,Sciences,0.6666666666666666,None,0,0,0.5,1,0.5
479,479,Isiah Zayas,0.6462822025,0.7233519197,0,0.5,0,0,1,0.373101819,0,0,26,United States,1,Quantitative,0.6666666666666666,None,0,0,0.5,1,0.5
480,480,William Burnett,0.80866758525,0.6059732763,0,0.25,0,0,3,0.8197259790000001,1,0,24,United States,1,Sciences,0.3333333333333333,Club/Intramural,0,0,0.5,1,0.0
481,481,Robert Owens,0.87778681275,0.08929157630000006,2,0.0,0,0,3,0.70298533,0,0,26,Australia,1,Engineering,0.6666666666666666,None,0,0,0.5,1,1.0
482,482,Daniel Caballero,0.8994543140000001,0.6368376937,0,0.25,0,0,5,-0.12677311900000002,0,0,26,United States,1,Quantitative,1.0,None,0,1,0.5,1,0.5
483,483,Ralph Pryor,0.7334171727500001,0.6099035533,0,0.5,0,0,1,0.622454876,0,0,37,United States,1,Quantitative,0.6666666666666666,None,0,0,0.5,1,0.5
484,484,Samuel Coleman,0.72739715175,0.12232093000000006,2,0.75,0,0,5,0.673059645,0,0,32,United States,0,None,0.0,None,0,0,1.0,1,0.5
485,485,James Coronado,0.9506882225,0.92491559997,0,0.5,0,0,5,0.672776927,0,0,26,United States,2,Humanities,0.6666666666666666,NCAA/Professional,0,0,0.5,1,0.5
486,486,Rudy Sutulovich,0.67396016125,0.6284167364000001,0,1.0,0,0,5,0.626129001,0,0,22,United States,1,Engineering,0.6666666666666666,None,0,0,0.5,1,0.0
487,487,Chris Thomas,0.7256999895,0.42815207209999995,2,0.5,0,0,1,0.5888218510000001,0,0,29,China,2,Engineering,0.3333333333333333,Club/Intramural,0,0,0.0,1,0.0
488,488,Frank James,0.7231768765000001,0.7434295276999999,2,0.75,0,0,1,0.34588200399999997,0,0,34,United States,1,Humanities,1.0,None,0,0,0.5,1,1.0
489,489,Timothy Johnson,0.7383511005,0.8689687804,2,0.75,0,0,0,0.55583711,2,0,23,China,1,Engineering,0.6666666666666666,Club/Intramural,0,0,1.0,1,0.0
490,490,Derek Batchelor,0.766314973,0.2612490240000001,0,0.25,0,0,2,0.6662101570000001,0,0,24,United States,1,Quantitative,0.6666666666666666,None,0,0,0.0,1,0.0
491,491,William Jones,0.78003287325,0.5287402322,0,0.75,0,0,3,0.479190995,0,0,27,United States,1,Engineering,0.3333333333333333,None,1,0,0.5,1,1.0
492,492,Douglas Tibolla,1.0017427184999999,0.4287308233,0,0.0,0,0,3,0.557728485,1,0,24,United States,1,Humanities,0.6666666666666666,None,0,0,0.0,1,0.0
493,493,Carl Armstrong,0.7886133842499999,0.6578146373,0,1.0,0,0,4,0.755799575,2,0,27,United States,1,Quantitative,0.6666666666666666,Club/Intramural,0,0,1.0,1,0.5
494,494,Wade Payne,0.8822611077500001,0.8323449132999999,2,1.0,0,0,6,0.09186403300000001,4,0,27,United States,2,Engineering,0.6666666666666666,None,0,0,0.5,1,0.5
495,495,Doug Miley,0.7754377240000001,0.94457708979,0,0.75,0,0,3,0.571857587,0,0,37,United States,1,Sciences,0.6666666666666666,NCAA/Professional,0,0,0.0,1,0.5
496,496,Gregory Horn,0.80440332175,0.6644398867999999,0,0.5,0,0,4,1.105482587,0,0,23,United States,1,Sciences,1.0,None,0,0,0.5,1,1.0
497,497,David Nixon,0.77349427775,0.7184613301,2,0.5,0,0,2,1.101041967,0,0,32,United States,1,Sciences,0.6666666666666666,Club/Intramural,0,0,0.5,1,0.0
498,498,Jose Albert,0.7784301495,0.4403396442,1,0.75,0,0,2,0.7059502320000001,4,0,29,United States,1,Engineering,0.3333333333333333,Club/Intramural,0,0,0.0,1,0.5
499,499,John Harris,0.52649858775,0.8710691771000001,2,0.75,0,0,4,0.847111442,0,0,22,United States,1,Sciences,1.0,NCAA/Professional,0,0,1.0,1,1.0
